/*
Navicat MySQL Data Transfer

Source Server         : localhost
Source Server Version : 50173
Source Host           : localhost:3306
Source Database       : zc_mood

Target Server Type    : MYSQL
Target Server Version : 50173
File Encoding         : 65001

Date: 2015-02-08 21:51:43
*/

SET FOREIGN_KEY_CHECKS=0;

-- ----------------------------
-- Table structure for `address_book`
-- ----------------------------
DROP TABLE IF EXISTS `address_book`;
CREATE TABLE `address_book` (
  `address_book_id` int(11) NOT NULL AUTO_INCREMENT,
  `customers_id` int(11) NOT NULL DEFAULT '0',
  `entry_gender` char(1) NOT NULL DEFAULT '',
  `entry_company` varchar(64) DEFAULT NULL,
  `entry_firstname` varchar(32) NOT NULL DEFAULT '',
  `entry_lastname` varchar(32) NOT NULL DEFAULT '',
  `entry_street_address` varchar(64) NOT NULL DEFAULT '',
  `entry_suburb` varchar(32) DEFAULT NULL,
  `entry_postcode` varchar(10) NOT NULL DEFAULT '',
  `entry_city` varchar(32) NOT NULL DEFAULT '',
  `entry_state` varchar(32) DEFAULT NULL,
  `entry_country_id` int(11) NOT NULL DEFAULT '0',
  `entry_zone_id` int(11) NOT NULL DEFAULT '0',
  PRIMARY KEY (`address_book_id`),
  KEY `idx_address_book_customers_id_zen` (`customers_id`)
) ENGINE=MyISAM AUTO_INCREMENT=3 DEFAULT CHARSET=utf8;

-- ----------------------------
-- Records of address_book
-- ----------------------------
INSERT INTO `address_book` VALUES ('1', '1', 'm', 'JustaDemo', 'Bill', 'Smith', '123 Any Avenue', '', '12345', 'Here', '', '223', '12');
INSERT INTO `address_book` VALUES ('2', '2', 'm', 'test', 'Gallagher', 'Lip', 'XiangGang RD. MuDu', '', '21000', 'SuZhou', 'JiangSu', '240', '0');

-- ----------------------------
-- Table structure for `address_format`
-- ----------------------------
DROP TABLE IF EXISTS `address_format`;
CREATE TABLE `address_format` (
  `address_format_id` int(11) NOT NULL AUTO_INCREMENT,
  `address_format` varchar(128) NOT NULL DEFAULT '',
  `address_summary` varchar(48) NOT NULL DEFAULT '',
  PRIMARY KEY (`address_format_id`)
) ENGINE=MyISAM AUTO_INCREMENT=7 DEFAULT CHARSET=utf8;

-- ----------------------------
-- Records of address_format
-- ----------------------------
INSERT INTO `address_format` VALUES ('1', '$firstname $lastname$cr$streets$cr$city, $postcode$cr$statecomma$country', '$city / $country');
INSERT INTO `address_format` VALUES ('2', '$firstname $lastname$cr$streets$cr$city, $state    $postcode$cr$country', '$city, $state / $country');
INSERT INTO `address_format` VALUES ('3', '$firstname $lastname$cr$streets$cr$city$cr$postcode - $statecomma$country', '$state / $country');
INSERT INTO `address_format` VALUES ('4', '$firstname $lastname$cr$streets$cr$city ($postcode)$cr$country', '$postcode / $country');
INSERT INTO `address_format` VALUES ('5', '$firstname $lastname$cr$streets$cr$postcode $city$cr$country', '$city / $country');
INSERT INTO `address_format` VALUES ('6', '$firstname $lastname$cr$streets$cr$city$cr$state$cr$postcode$cr$country', '$postcode / $country');

-- ----------------------------
-- Table structure for `admin`
-- ----------------------------
DROP TABLE IF EXISTS `admin`;
CREATE TABLE `admin` (
  `admin_id` int(11) NOT NULL AUTO_INCREMENT,
  `admin_name` varchar(32) NOT NULL DEFAULT '',
  `admin_email` varchar(96) NOT NULL DEFAULT '',
  `admin_profile` int(11) NOT NULL DEFAULT '0',
  `admin_pass` varchar(40) NOT NULL DEFAULT '',
  `prev_pass1` varchar(40) NOT NULL DEFAULT '',
  `prev_pass2` varchar(40) NOT NULL DEFAULT '',
  `prev_pass3` varchar(40) NOT NULL DEFAULT '',
  `pwd_last_change_date` datetime NOT NULL DEFAULT '0000-00-00 00:00:00',
  `reset_token` varchar(60) NOT NULL DEFAULT '',
  `last_modified` datetime NOT NULL DEFAULT '0000-00-00 00:00:00',
  `last_login_date` datetime NOT NULL DEFAULT '0000-00-00 00:00:00',
  `last_login_ip` varchar(45) NOT NULL DEFAULT '',
  `failed_logins` smallint(4) unsigned NOT NULL DEFAULT '0',
  `lockout_expires` int(11) NOT NULL DEFAULT '0',
  `last_failed_attempt` datetime NOT NULL DEFAULT '0000-00-00 00:00:00',
  `last_failed_ip` varchar(45) NOT NULL DEFAULT '',
  PRIMARY KEY (`admin_id`),
  KEY `idx_admin_name_zen` (`admin_name`),
  KEY `idx_admin_email_zen` (`admin_email`),
  KEY `idx_admin_profile_zen` (`admin_profile`)
) ENGINE=MyISAM AUTO_INCREMENT=2 DEFAULT CHARSET=utf8;

-- ----------------------------
-- Records of admin
-- ----------------------------
INSERT INTO `admin` VALUES ('1', 'admin', 'admin@mobanbase.com', '1', 'c91b41646733d22b23dc7d5fe5f3a686:c0', 'd6ab9743d4e003e9679691d21a62ddea:42', 'bdd204761fc959957d30e30359b85d95:60', '', '2014-12-19 22:50:26', '', '2014-06-18 23:20:52', '2015-02-08 21:06:52', '127.0.0.1', '0', '0', '2015-01-03 21:24:01', '127.0.0.1');

-- ----------------------------
-- Table structure for `admin_activity_log`
-- ----------------------------
DROP TABLE IF EXISTS `admin_activity_log`;
CREATE TABLE `admin_activity_log` (
  `log_id` bigint(15) NOT NULL AUTO_INCREMENT,
  `access_date` datetime NOT NULL DEFAULT '0001-01-01 00:00:00',
  `admin_id` int(11) NOT NULL DEFAULT '0',
  `page_accessed` varchar(80) NOT NULL DEFAULT '',
  `page_parameters` text,
  `ip_address` varchar(45) NOT NULL DEFAULT '',
  `flagged` tinyint(4) NOT NULL DEFAULT '0',
  `attention` varchar(255) NOT NULL DEFAULT '',
  `gzpost` mediumblob,
  PRIMARY KEY (`log_id`),
  KEY `idx_page_accessed_zen` (`page_accessed`),
  KEY `idx_access_date_zen` (`access_date`),
  KEY `idx_flagged_zen` (`flagged`),
  KEY `idx_ip_zen` (`ip_address`)
) ENGINE=MyISAM AUTO_INCREMENT=944 DEFAULT CHARSET=utf8;

-- ----------------------------
-- Records of admin_activity_log
-- ----------------------------
INSERT INTO `admin_activity_log` VALUES ('92', '2014-12-24 23:50:19', '0', 'Log found to be empty. Logging started.', '', '127.0.0.1', '0', '', '');
INSERT INTO `admin_activity_log` VALUES ('93', '2014-12-24 23:50:19', '0', 'login.php ', 'camefrom=index.php&', '127.0.0.1', '0', '', '');
INSERT INTO `admin_activity_log` VALUES ('94', '2014-12-24 23:50:24', '0', 'login.php admin', 'camefrom=index.php&', '127.0.0.1', '0', '', 0xAB564A4CC9CDCC8BCF4BCC4D55B2827094749412934B32F3F3800229F9A669C6962969C9A9A64949C9A96986C989492616E60686A629162929866626064AB500);
INSERT INTO `admin_activity_log` VALUES ('95', '2014-12-24 23:50:32', '0', 'login.php admin', 'camefrom=index.php&', '127.0.0.1', '0', '', 0xAB564A4CC9CDCC8BCF4BCC4D55B2827094749412934B32F3F3800229F9A669C6962969C9A9A64949C9A96986C989492616E60686A629162929866626064AB500);
INSERT INTO `admin_activity_log` VALUES ('96', '2014-12-24 23:50:36', '1', 'categories.php', '', '127.0.0.1', '0', '', '');
INSERT INTO `admin_activity_log` VALUES ('97', '2014-12-24 23:50:38', '1', 'configuration.php', 'gID=1&', '127.0.0.1', '0', '', '');
INSERT INTO `admin_activity_log` VALUES ('98', '2014-12-24 23:50:40', '1', 'categories.php', '', '127.0.0.1', '0', '', '');
INSERT INTO `admin_activity_log` VALUES ('99', '2014-12-25 00:00:08', '1', 'categories.php', 'cPath=&action=new_category&', '127.0.0.1', '0', '', '');
INSERT INTO `admin_activity_log` VALUES ('100', '2014-12-25 00:01:21', '1', 'categories.php', 'action=insert_category&cPath=&', '127.0.0.1', '0', '', 0x7D8C3B0A80300C40AF22990571ED013C8550621B6AC0B692D4A97877EBA42ECEEF53C161A19085496DC248602A8C6060425D39A76EC245D8299CFDDBF4A44E782FCDF8093806EB591A7CD27980CF892306B211D3815B131BD42CC566F17487705E);
INSERT INTO `admin_activity_log` VALUES ('101', '2014-12-25 00:01:21', '1', 'categories.php', 'cPath=&cID=65&', '127.0.0.1', '0', '', '');
INSERT INTO `admin_activity_log` VALUES ('102', '2014-12-25 00:01:23', '1', 'categories.php', 'cPath=&action=new_category&', '127.0.0.1', '0', '', '');
INSERT INTO `admin_activity_log` VALUES ('103', '2014-12-25 00:01:50', '1', 'categories.php', 'action=insert_category&cPath=&', '127.0.0.1', '0', '', 0x758C3B0A80300C40AF22990571F500E2218412DB5002A691B44EE2DDAD933A38BFCF011E0B4535A6EC120AC170400F034C2AD48CB818FB0C67FBD602656FBC15D6F467B34417D82A79BAB983CF86052339C1B4E35AC50AB35A716A81EE10CE0B);
INSERT INTO `admin_activity_log` VALUES ('104', '2014-12-25 00:01:50', '1', 'categories.php', 'cPath=&cID=66&', '127.0.0.1', '0', '', '');
INSERT INTO `admin_activity_log` VALUES ('105', '2014-12-25 00:02:02', '1', 'categories.php', 'cPath=&action=new_category&', '127.0.0.1', '0', '', '');
INSERT INTO `admin_activity_log` VALUES ('106', '2014-12-25 00:02:39', '1', 'categories.php', 'action=insert_category&cPath=&', '127.0.0.1', '0', '', 0x658B3B0A80300C40EF925910D79EC35108A10D25605A49EB547A77EBA4E2FA3E0D3C558ED9840B265206D7600107AB8916E8D3DB072EDEE4A892D32F138D18C4067A866D86CF2F4A9151299DB48F70C892AD62B6C0F708FD02);
INSERT INTO `admin_activity_log` VALUES ('107', '2014-12-25 00:02:39', '1', 'categories.php', 'cPath=&cID=67&', '127.0.0.1', '0', '', '');
INSERT INTO `admin_activity_log` VALUES ('108', '2014-12-25 00:02:48', '1', 'categories.php', 'cPath=&action=new_category&', '127.0.0.1', '0', '', '');
INSERT INTO `admin_activity_log` VALUES ('109', '2014-12-25 00:02:48', '1', 'categories.php', 'cPath=&action=new_category&', '127.0.0.1', '0', '', '');
INSERT INTO `admin_activity_log` VALUES ('110', '2014-12-25 00:02:48', '1', 'categories.php', 'cPath=&action=new_category&', '127.0.0.1', '0', '', '');
INSERT INTO `admin_activity_log` VALUES ('111', '2014-12-25 00:03:07', '1', 'categories.php', 'action=insert_category&cPath=&', '127.0.0.1', '0', '', 0x6D8C310A80300C45EF925910D78E9E4328A10D25601B49D3A97877EBA482EB7FEFFD0E018D922853F5053381EBB08083B59949A9704E6F23520DCA87B1941F9173F291758C4FB2CDF079E08C897CC6D2701FE28055D4BC68A43B84F302);
INSERT INTO `admin_activity_log` VALUES ('112', '2014-12-25 00:03:07', '1', 'categories.php', 'cPath=&cID=68&', '127.0.0.1', '0', '', '');
INSERT INTO `admin_activity_log` VALUES ('113', '2014-12-25 00:03:16', '1', 'categories.php', 'cPath=&action=new_category&', '127.0.0.1', '0', '', '');
INSERT INTO `admin_activity_log` VALUES ('114', '2014-12-25 00:03:49', '1', 'categories.php', 'action=insert_category&cPath=&', '127.0.0.1', '0', '', 0x6D8C410A80300C04FF92B3205EFB085F2084D08612B08DA4F554FA77EB4905AF3B33DBC053E5A8265C305362700D1670B06A15CD05FAF43602176F72DCE847941431888DF149B6193E0F92283226CA27ED431CB0A855540B7C87D02F);
INSERT INTO `admin_activity_log` VALUES ('115', '2014-12-25 00:03:49', '1', 'categories.php', 'cPath=&cID=69&', '127.0.0.1', '0', '', '');
INSERT INTO `admin_activity_log` VALUES ('116', '2014-12-25 00:05:35', '1', 'categories.php', 'cPath=68&', '127.0.0.1', '0', '', '');
INSERT INTO `admin_activity_log` VALUES ('117', '2014-12-25 00:05:37', '1', 'categories.php', 'cID=68&', '127.0.0.1', '0', '', '');
INSERT INTO `admin_activity_log` VALUES ('118', '2014-12-25 00:05:39', '1', 'categories.php', 'cPath=68&', '127.0.0.1', '0', '', '');
INSERT INTO `admin_activity_log` VALUES ('119', '2014-12-25 00:05:39', '1', 'categories.php', 'cPath=&cID=68&action=edit_category&', '127.0.0.1', '0', '', '');
INSERT INTO `admin_activity_log` VALUES ('120', '2014-12-25 00:07:32', '1', 'categories.php', 'cPath=&cID=68&action=edit_category&', '127.0.0.1', '0', '', '');
INSERT INTO `admin_activity_log` VALUES ('121', '2014-12-25 00:08:26', '1', 'categories.php', 'cPath=&cID=68&action=edit_category&', '127.0.0.1', '0', '', '');
INSERT INTO `admin_activity_log` VALUES ('122', '2014-12-25 00:08:46', '1', 'categories.php', '', '127.0.0.1', '0', '', '');
INSERT INTO `admin_activity_log` VALUES ('123', '2014-12-25 00:12:18', '1', 'categories.php', '', '127.0.0.1', '0', '', '');
INSERT INTO `admin_activity_log` VALUES ('124', '2014-12-25 00:12:19', '1', 'categories.php', '', '127.0.0.1', '0', '', '');
INSERT INTO `admin_activity_log` VALUES ('125', '2014-12-25 00:12:36', '1', 'categories.php', 'cPath=65&', '127.0.0.1', '0', '', '');
INSERT INTO `admin_activity_log` VALUES ('126', '2014-12-25 00:12:36', '1', 'categories.php', 'cPath=&cID=65&action=edit_category&', '127.0.0.1', '0', '', '');
INSERT INTO `admin_activity_log` VALUES ('127', '2014-12-25 00:12:39', '1', 'categories.php', 'action=update_category&cPath=&', '127.0.0.1', '0', '', 0x7D8E410AC2301045AF22B316B40B5DF4003D8510C66488034D5266C68594DEDD0908DA8DDBF7DFE7FF15221AE5264C1A38C108D70B1C7F61C54230AE307836A13EB8D5C38477E1A8B0EDCC441A851773E34F814B0E89C5C36FF576DA6F72C14CA1607DE2EC22F456278966327F036747DAC4429344F201426ABE62C15E4B9706D8DE);
INSERT INTO `admin_activity_log` VALUES ('128', '2014-12-25 00:12:39', '1', 'categories.php', 'cPath=&cID=65&', '127.0.0.1', '0', '', '');
INSERT INTO `admin_activity_log` VALUES ('129', '2014-12-25 00:12:42', '1', 'categories.php', 'cPath=66&', '127.0.0.1', '0', '', '');
INSERT INTO `admin_activity_log` VALUES ('130', '2014-12-25 00:12:42', '1', 'categories.php', 'cPath=&cID=66&action=edit_category&', '127.0.0.1', '0', '', '');
INSERT INTO `admin_activity_log` VALUES ('131', '2014-12-25 00:12:46', '1', 'categories.php', 'action=update_category&cPath=&', '127.0.0.1', '0', '', 0x758E310AC3300C45AF523417DA2C197280D243148C6A0B2388EC20AB4309B97BE42E6D86AEEFBFAFAF15221AE5AA4C2D708209C611CEBFB0A0104C2B0C9EDDABD0E9864FE5D8603B68895A545E8C6BF967B3E490583DF9F61E97E31A0B660A82E585B38BD05B9D249AC9FC0FB83A6A552D544DD46F0D0E949AF98A057B2FF461DB0E);
INSERT INTO `admin_activity_log` VALUES ('132', '2014-12-25 00:12:46', '1', 'categories.php', 'cPath=&cID=66&', '127.0.0.1', '0', '', '');
INSERT INTO `admin_activity_log` VALUES ('133', '2014-12-25 00:12:52', '1', 'categories.php', 'cPath=67&', '127.0.0.1', '0', '', '');
INSERT INTO `admin_activity_log` VALUES ('134', '2014-12-25 00:12:52', '1', 'categories.php', 'cPath=&cID=67&action=edit_category&', '127.0.0.1', '0', '', '');
INSERT INTO `admin_activity_log` VALUES ('135', '2014-12-25 00:12:59', '1', 'categories.php', 'action=update_category&cPath=&', '127.0.0.1', '0', '', 0x658DC10A02310C44FF256741D783C27E8747A1942694C0A65D92789065FFDDF4A48BD7376F663628D9A97665B2C40833DCEE70FA852D0BC1BCC114D943590CF6438E64457975EEED4F63A90959037D0BCFF3719F25574A92DB2B2F21C2680D82B490C7335C0259574F5D91C6D6358092B972F1E4EF754813EC1F);
INSERT INTO `admin_activity_log` VALUES ('136', '2014-12-25 00:12:59', '1', 'categories.php', 'cPath=&cID=67&', '127.0.0.1', '0', '', '');
INSERT INTO `admin_activity_log` VALUES ('137', '2014-12-25 00:13:08', '1', 'categories.php', 'cPath=68&', '127.0.0.1', '0', '', '');
INSERT INTO `admin_activity_log` VALUES ('138', '2014-12-25 00:13:08', '1', 'categories.php', 'cPath=&cID=68&action=edit_category&', '127.0.0.1', '0', '', '');
INSERT INTO `admin_activity_log` VALUES ('139', '2014-12-25 00:13:11', '1', 'categories.php', 'action=update_category&cPath=&', '127.0.0.1', '0', '', 0x6D8D410AC3300C04FFA273A109855272EC3B02C6D8C208622B48CAA184FCBDF2290DF43A3BBBBB438A86858550036598E0F982DB2F6CB1224C3B8C9EBD37336E0AC7C5C8A8496835E2F647A45A4226717856E6FBF5836A2C186A6C5B5C5C84DEEA24E382E6EF303852160B2C19FBD6F07022A826942CD867EDD608C717);
INSERT INTO `admin_activity_log` VALUES ('140', '2014-12-25 00:13:11', '1', 'categories.php', 'cPath=&cID=68&', '127.0.0.1', '0', '', '');
INSERT INTO `admin_activity_log` VALUES ('141', '2014-12-25 00:13:19', '1', 'categories.php', 'cPath=&cID=69&action=edit_category&', '127.0.0.1', '0', '', '');
INSERT INTO `admin_activity_log` VALUES ('142', '2014-12-25 00:13:22', '1', 'categories.php', 'action=update_category&cPath=&', '127.0.0.1', '0', '', 0x6D8D410A02310C45EF92B5A003223887F00442284D2881693BA47121C3DCDD64A5036EDF7FFFFF0D72322E5D85070AC10CB73B9C7E614B9561DE60F2ECD14D7A1BB01F0CE29155D688FE88520B92A8C36FE5793E7E484D85B1A6F64A8B8B10AD20C40B9BBFC3C5D1E86AD89538B6AE0E9487A964437BAF214DB07F00);
INSERT INTO `admin_activity_log` VALUES ('143', '2014-12-25 00:13:22', '1', 'categories.php', 'cPath=&cID=69&', '127.0.0.1', '0', '', '');
INSERT INTO `admin_activity_log` VALUES ('144', '2014-12-25 00:13:47', '1', 'categories.php', 'cPath=65&', '127.0.0.1', '0', '', '');
INSERT INTO `admin_activity_log` VALUES ('145', '2014-12-25 00:13:49', '1', 'categories.php', 'cPath=65&action=new_category&', '127.0.0.1', '0', '', '');
INSERT INTO `admin_activity_log` VALUES ('146', '2014-12-25 00:14:01', '1', 'categories.php', 'action=insert_category&cPath=65&', '127.0.0.1', '0', '', 0x658C310A80300C45EF9259505757AF2194D08612B08DA4712ABDBB755271FDEFBD5FC1A35114652A2E6322582ACCB0C02A6692A10D6F2150F1CA8771273F8F537481B56F4FB18DF039E084915CC27CE2DEC50E8BA839D140773841BB00);
INSERT INTO `admin_activity_log` VALUES ('147', '2014-12-25 00:14:01', '1', 'categories.php', 'cPath=65&cID=70&', '127.0.0.1', '0', '', '');
INSERT INTO `admin_activity_log` VALUES ('148', '2014-12-25 00:14:03', '1', 'categories.php', 'cPath=65&action=new_category&', '127.0.0.1', '0', '', '');
INSERT INTO `admin_activity_log` VALUES ('149', '2014-12-25 00:14:14', '1', 'categories.php', 'action=insert_category&cPath=65&', '127.0.0.1', '0', '', 0x5D8B3B0AC0200C40EF92B9505CBD46D742081A24B46A897612EF5E3BF5B3BE4F0347954356E1828922836D60C0C222FB067D7A6BCFC5A91C5572FA5712037AD1419E7E9DE1B34BA4C018299DB48F70C892B56256CFF768A05F);
INSERT INTO `admin_activity_log` VALUES ('150', '2014-12-25 00:14:15', '1', 'categories.php', 'cPath=65&cID=71&', '127.0.0.1', '0', '', '');
INSERT INTO `admin_activity_log` VALUES ('151', '2014-12-25 00:14:22', '1', 'categories.php', 'cPath=65&action=new_category&', '127.0.0.1', '0', '', '');
INSERT INTO `admin_activity_log` VALUES ('152', '2014-12-25 00:14:29', '1', 'categories.php', 'action=insert_category&cPath=65&', '127.0.0.1', '0', '', 0x5D8B3B0AC0200C40EF92B950DAD18B742948D020013525DA49BC7BEDD4CFFA3E0D1C560AA24CC5664C04A6C102063691087D7A6B4FC5291F9525FF2B4EC17AD6419E7E9FE1B373C24036613E318E70C8225AADA8A77B5CA15F);
INSERT INTO `admin_activity_log` VALUES ('153', '2014-12-25 00:14:29', '1', 'categories.php', 'cPath=65&cID=72&', '127.0.0.1', '0', '', '');
INSERT INTO `admin_activity_log` VALUES ('154', '2014-12-25 00:14:33', '1', 'categories.php', 'cPath=65&action=new_category&', '127.0.0.1', '0', '', '');
INSERT INTO `admin_activity_log` VALUES ('155', '2014-12-25 00:14:45', '1', 'categories.php', 'action=insert_category&cPath=65&', '127.0.0.1', '0', '', 0x758C3B0A80300C40EF92591071F3087A8542096D2801DB4A520729DEDD3AA983F3FB547058286461529B30124C1506986026513A4CBF242E0A67F7F63CA913DE0AE7F4AB730CD6B334F484A687CF872306B211D38E6B131BD42CC566F17487239C17);
INSERT INTO `admin_activity_log` VALUES ('156', '2014-12-25 00:14:45', '1', 'categories.php', 'cPath=65&cID=73&', '127.0.0.1', '0', '', '');
INSERT INTO `admin_activity_log` VALUES ('157', '2014-12-25 00:14:55', '1', 'categories.php', 'cPath=65_70&', '127.0.0.1', '0', '', '');
INSERT INTO `admin_activity_log` VALUES ('158', '2014-12-25 00:15:19', '1', 'categories.php', 'cPath=65_70&action=new_category&', '127.0.0.1', '0', '', '');
INSERT INTO `admin_activity_log` VALUES ('159', '2014-12-25 00:15:27', '1', 'categories.php', 'action=insert_category&cPath=65_70&', '127.0.0.1', '0', '', 0x658C310A80300C45EF925950D7AE5E4328A10D25605B49AA4BE9DDAD938AEB7FEFFD0A0E0B852C4C6A134602536106030BA61315DAF0163CA913DE0BE7F4F73806EB59FAF614EB089F038E18C8464C076E5DEC50B3149BC5D31D4ED02E);
INSERT INTO `admin_activity_log` VALUES ('160', '2014-12-25 00:15:27', '1', 'categories.php', 'cPath=65_70&cID=74&', '127.0.0.1', '0', '', '');
INSERT INTO `admin_activity_log` VALUES ('161', '2014-12-25 00:15:30', '1', 'categories.php', 'cPath=65_70&action=new_category&', '127.0.0.1', '0', '', '');
INSERT INTO `admin_activity_log` VALUES ('162', '2014-12-25 00:15:49', '1', 'categories.php', 'action=insert_category&cPath=65_70&', '127.0.0.1', '0', '', 0x5D8B3B0AC0200C40EF92B9505C3D438F5008418304AA9668E920DEBD76EA677D9F068E2A87ACC205134506DBC0808585CE047D7A6BCFC5A9EC5572FA5712037AD1419E7E9DE1B34BA4C018291DB48D70C892B56256CFF768A05F);
INSERT INTO `admin_activity_log` VALUES ('163', '2014-12-25 00:15:49', '1', 'categories.php', 'cPath=65_70&cID=75&', '127.0.0.1', '0', '', '');
INSERT INTO `admin_activity_log` VALUES ('164', '2014-12-25 00:15:51', '1', 'categories.php', 'cPath=65_70&action=new_category&', '127.0.0.1', '0', '', '');
INSERT INTO `admin_activity_log` VALUES ('165', '2014-12-25 00:16:05', '1', 'categories.php', 'action=insert_category&cPath=65_70&', '127.0.0.1', '0', '', 0x658BBD0A80201080DFE5E6206AF4419A0239F49003F5E2B4497CF76CAA68FD7E1A38AC1444998ACD98084C83050C6CC291A04F6FEFA938E5A3B2E45FC62958CF3AD033EC337C7E4E18C826CC27C6110E5944AB15F5748F2BF40B);
INSERT INTO `admin_activity_log` VALUES ('166', '2014-12-25 00:16:05', '1', 'categories.php', 'cPath=65_70&cID=76&', '127.0.0.1', '0', '', '');
INSERT INTO `admin_activity_log` VALUES ('167', '2014-12-25 00:16:08', '1', 'categories.php', 'cPath=65_70&action=new_category&', '127.0.0.1', '0', '', '');
INSERT INTO `admin_activity_log` VALUES ('168', '2014-12-25 00:16:16', '1', 'categories.php', 'action=insert_category&cPath=65_70&', '127.0.0.1', '0', '', 0x658B4B0A80201040EF32EB20A29D17E812C130E82003A931EA26E9EED9AAA2EDFB34B054D82715CE1829309806131858A81E0CE7F0F68EB355D98BA4F8CB247874A21D3DC33AC2E797409E3150ACB4F5B0CB9CB46052C7F738C37901);
INSERT INTO `admin_activity_log` VALUES ('169', '2014-12-25 00:16:16', '1', 'categories.php', 'cPath=65_70&cID=77&', '127.0.0.1', '0', '', '');
INSERT INTO `admin_activity_log` VALUES ('170', '2014-12-25 00:16:22', '1', 'categories.php', 'cPath=65_70&action=new_category&', '127.0.0.1', '0', '', '');
INSERT INTO `admin_activity_log` VALUES ('171', '2014-12-25 00:16:27', '1', 'categories.php', 'action=insert_category&cPath=65_70&', '127.0.0.1', '0', '', 0x658C410A80300C04FF92B32082275FE1038410DA5002B695A49E4AFF6E3DA978DD99D90A8E0A87ACC2868922C3526182055695540CDAF0163C9B53398AE4F4F72406F4A27D7B8A6D84CF81440A8C91D2497B173BB4AC05B37ABEC319DA05);
INSERT INTO `admin_activity_log` VALUES ('172', '2014-12-25 00:16:27', '1', 'categories.php', 'cPath=65_70&cID=78&', '127.0.0.1', '0', '', '');
INSERT INTO `admin_activity_log` VALUES ('173', '2014-12-25 00:16:29', '1', 'categories.php', 'cPath=65&cID=70&', '127.0.0.1', '0', '', '');
INSERT INTO `admin_activity_log` VALUES ('174', '2014-12-25 00:16:31', '1', 'categories.php', 'cPath=65_71&', '127.0.0.1', '0', '', '');
INSERT INTO `admin_activity_log` VALUES ('175', '2014-12-25 00:16:49', '1', 'categories.php', 'cPath=65_71&action=new_category&', '127.0.0.1', '0', '', '');
INSERT INTO `admin_activity_log` VALUES ('176', '2014-12-25 00:16:55', '1', 'categories.php', 'action=insert_category&cPath=65_71&', '127.0.0.1', '0', '', 0x758C3D0A80300C46AF2299057575D5630825D88F1AB0ADA47512EF6E9DD4C1F9FD1C3473868B2A4826B007F50775D4D3A0D8508DA8864502E8ACDFA2459A55B62C31FCFBE29DB1A2853DE5D4D067249E1D8CE7B0F35AC40253D46CA25ADC614BE705);
INSERT INTO `admin_activity_log` VALUES ('177', '2014-12-25 00:16:55', '1', 'categories.php', 'cPath=65_71&cID=79&', '127.0.0.1', '0', '', '');
INSERT INTO `admin_activity_log` VALUES ('178', '2014-12-25 00:16:58', '1', 'categories.php', 'cPath=65_71&action=new_category&', '127.0.0.1', '0', '', '');
INSERT INTO `admin_activity_log` VALUES ('179', '2014-12-25 00:17:03', '1', 'categories.php', 'action=insert_category&cPath=65_71&', '127.0.0.1', '0', '', 0x658C4B0A80300C05EF92B520DDF6009E4208A10D25D08FA475557A77EB4AC5ED9B99D7C151E35054B862A6C4603B18B0B091C4C83096B7E0B93A95A349C97F4F52402F3AB7A7D857F81C48A2C098289F14A738612DDAB0A8E73B34302E);
INSERT INTO `admin_activity_log` VALUES ('180', '2014-12-25 00:17:03', '1', 'categories.php', 'cPath=65_71&cID=80&', '127.0.0.1', '0', '', '');
INSERT INTO `admin_activity_log` VALUES ('181', '2014-12-25 00:17:06', '1', 'categories.php', 'cPath=65_71&action=new_category&', '127.0.0.1', '0', '', '');
INSERT INTO `admin_activity_log` VALUES ('182', '2014-12-25 00:17:11', '1', 'categories.php', 'action=insert_category&cPath=65_71&', '127.0.0.1', '0', '', 0x6D8C310A80300C45EF9259101D5DBD8650421B6AC0B492B653E9DDAD930AAEFFBDF72B58CCE4A33225135008960A132CB0EEA8422511B4E1ED384A56F9CC1CC3AFCAE28D63EDF3136D237C3E58D093110C058F2E7698A26613D5D11DCED02E);
INSERT INTO `admin_activity_log` VALUES ('183', '2014-12-25 00:17:11', '1', 'categories.php', 'cPath=65_71&cID=81&', '127.0.0.1', '0', '', '');
INSERT INTO `admin_activity_log` VALUES ('184', '2014-12-25 00:17:16', '1', 'categories.php', 'cPath=65_71&action=new_category&', '127.0.0.1', '0', '', '');
INSERT INTO `admin_activity_log` VALUES ('185', '2014-12-25 00:17:21', '1', 'categories.php', 'action=insert_category&cPath=65_71&', '127.0.0.1', '0', '', 0x658B3B0A80300C40EF92591071F31AAE42096D2801934A5AA7D2BB5B2715D7F7A9E0B1504CC6949DA2102C15265860C5C20A6D78FB40D91B1F8593FE3296E8025B47CFB08DF0F959309213D413F71E76999315972CD03DCED02E);
INSERT INTO `admin_activity_log` VALUES ('186', '2014-12-25 00:17:21', '1', 'categories.php', 'cPath=65_71&cID=82&', '127.0.0.1', '0', '', '');
INSERT INTO `admin_activity_log` VALUES ('187', '2014-12-25 00:17:27', '1', 'categories.php', 'cPath=65_71&action=new_category&', '127.0.0.1', '0', '', '');
INSERT INTO `admin_activity_log` VALUES ('188', '2014-12-25 00:17:31', '1', 'categories.php', 'action=insert_category&cPath=65_71&', '127.0.0.1', '0', '', 0x658C310A80300C45EF925910C1A91771114A68430D9856D23A95DEDD3AA9B8FEF7DEAFE0B05048CA946D442130152630B060DEC8431BDE82A7EC948FC229FE3D96603D6BDF9E621DE173C08281AC603C71EF62873969B1493DDDE10CED02);
INSERT INTO `admin_activity_log` VALUES ('189', '2014-12-25 00:17:31', '1', 'categories.php', 'cPath=65_71&cID=83&', '127.0.0.1', '0', '', '');
INSERT INTO `admin_activity_log` VALUES ('190', '2014-12-25 00:17:56', '1', 'categories.php', 'cPath=65&cID=71&', '127.0.0.1', '0', '', '');
INSERT INTO `admin_activity_log` VALUES ('191', '2014-12-25 00:17:57', '1', 'categories.php', 'cPath=65_72&', '127.0.0.1', '0', '', '');
INSERT INTO `admin_activity_log` VALUES ('192', '2014-12-25 00:17:59', '1', 'categories.php', 'cPath=65_72&action=new_category&', '127.0.0.1', '0', '', '');
INSERT INTO `admin_activity_log` VALUES ('193', '2014-12-25 00:18:04', '1', 'categories.php', 'action=insert_category&cPath=65_72&', '127.0.0.1', '0', '', 0x6D8C410A80201045EF32EBA0DA7A804E11C8A0830CE818A3ADC4BB67AB0ADAFEF7DE6FE0B052C8CA54AC6022300D5630B04514A1087D7A1B9E8A533E2A67F9113905EB59C7F824FB0C9F074E18C8269413E310072C59ABCDEAE90E17E817);
INSERT INTO `admin_activity_log` VALUES ('194', '2014-12-25 00:18:04', '1', 'categories.php', 'cPath=65_72&cID=84&', '127.0.0.1', '0', '', '');
INSERT INTO `admin_activity_log` VALUES ('195', '2014-12-25 00:18:06', '1', 'categories.php', 'cPath=65_72&action=new_category&', '127.0.0.1', '0', '', '');
INSERT INTO `admin_activity_log` VALUES ('196', '2014-12-25 00:18:13', '1', 'categories.php', 'action=insert_category&cPath=65_72&', '127.0.0.1', '0', '', 0x6D8C310AC0200C45EF92B9505CBD45F742081A2450B5449DC4BBD74E6DA1EB7FEFFD0E8E2A87ACC205134506DBC18085ADC951D9C358DE86E7E254CE2A39FD8812037AD1393EC9BEC2E7412205C648A9D131C5094BD68A593DDFA1817101);
INSERT INTO `admin_activity_log` VALUES ('197', '2014-12-25 00:18:13', '1', 'categories.php', 'cPath=65_72&cID=85&', '127.0.0.1', '0', '', '');
INSERT INTO `admin_activity_log` VALUES ('198', '2014-12-25 00:18:26', '1', 'categories.php', 'cPath=65&cID=72&', '127.0.0.1', '0', '', '');
INSERT INTO `admin_activity_log` VALUES ('199', '2014-12-25 00:18:28', '1', 'categories.php', 'cPath=65_73&', '127.0.0.1', '0', '', '');
INSERT INTO `admin_activity_log` VALUES ('200', '2014-12-25 00:18:29', '1', 'categories.php', 'cPath=65_73&action=new_category&', '127.0.0.1', '0', '', '');
INSERT INTO `admin_activity_log` VALUES ('201', '2014-12-25 00:18:34', '1', 'categories.php', 'action=insert_category&cPath=65_73&', '127.0.0.1', '0', '', 0x6D8C310A80300C45AF22990575F50A1EC04528A10D25D03692D6A97877EBA482EB7FEFFD0A160B7951A66C124682B9C20433AC22A15B12970C67FF961C65ABBC1796F4EF72F4C6B1B6FDA9B6013E271CD19389980E0C4D6C308B1623EAE80E47382F);
INSERT INTO `admin_activity_log` VALUES ('202', '2014-12-25 00:18:34', '1', 'categories.php', 'cPath=65_73&cID=86&', '127.0.0.1', '0', '', '');
INSERT INTO `admin_activity_log` VALUES ('203', '2014-12-25 00:18:35', '1', 'categories.php', 'cPath=65_73&action=new_category&', '127.0.0.1', '0', '', '');
INSERT INTO `admin_activity_log` VALUES ('204', '2014-12-25 00:18:43', '1', 'categories.php', 'action=insert_category&cPath=65_73&', '127.0.0.1', '0', '', 0x758C3B0A85301045B722530B62EB121EB803210CE612064C2293B11071EFE6556A617D3E07CD6C085905C5258EA0E1A09E061AD90CCD0F5AB0D3D93E358F32ABAC26397DD91283F3A295DCDDD4D16B2391035CE4B4F152C50A4B5673593DFE614FE705);
INSERT INTO `admin_activity_log` VALUES ('205', '2014-12-25 00:18:43', '1', 'categories.php', 'cPath=65_73&cID=87&', '127.0.0.1', '0', '', '');
INSERT INTO `admin_activity_log` VALUES ('206', '2014-12-25 00:19:41', '1', 'categories.php', '', '127.0.0.1', '0', '', '');
INSERT INTO `admin_activity_log` VALUES ('207', '2014-12-25 00:45:53', '0', 'login.php ', 'camefrom=categories.php&cPath=65&', '127.0.0.1', '0', '', '');
INSERT INTO `admin_activity_log` VALUES ('208', '2014-12-25 00:45:59', '0', 'login.php admin', 'camefrom=categories.php&cPath=65&', '127.0.0.1', '0', '', 0xAB564A4CC9CDCC8BCF4BCC4D55B2827094749412934B32F3F3800229F9664669C996E649C9499669869626C69616E689E6662696A6C6896966C94666064AB500);
INSERT INTO `admin_activity_log` VALUES ('209', '2014-12-25 00:45:59', '1', 'categories.php', 'cPath=65&', '127.0.0.1', '0', '', '');
INSERT INTO `admin_activity_log` VALUES ('210', '2014-12-25 00:46:15', '1', 'categories.php', 'cPath=65_70&', '127.0.0.1', '0', '', '');
INSERT INTO `admin_activity_log` VALUES ('211', '2014-12-25 00:48:01', '1', 'categories.php', 'cPath=65_70_74&', '127.0.0.1', '0', '', '');
INSERT INTO `admin_activity_log` VALUES ('212', '2014-12-25 00:48:02', '1', 'categories.php', 'x=41&y=5&product_type=1&cPath=65_70_74&action=new_product&', '127.0.0.1', '0', '', '');
INSERT INTO `admin_activity_log` VALUES ('213', '2014-12-25 00:48:02', '1', 'product.php', 'x=41&y=5&product_type=1&cPath=65_70_74&action=new_product&', '127.0.0.1', '0', '', '');
INSERT INTO `admin_activity_log` VALUES ('214', '2014-12-25 00:55:28', '1', 'product.php', 'cPath=65_70_74&product_type=1&action=new_product_preview&', '127.0.0.1', '0', '', 0x95535D4FC3300CFC2B539F19B413086DAFFB154848919798CE221F9DE3749B10FF9DB4838DB69B108FCD9DEDF3F9FA51341C4CD21295014105C6A02956C5A2AC1EE7D562BE782AEE0A07519095CE843A306154D471327229A6A843F2A2E4D860C6CA9BA07AE3E0C68C8649A38A81F39C31160524C5FC5A0D7AF66A5B200B1B8B27350E7C7A032D8991AF68F4E032F123F759152F686DD8CFD65BD4EFC86866EB2012FC6C0DBE85587C9ECB14C5AC18473B75AF1AACBDBA87519BA30211A64D9289190207A52DC46F81D3F26ED3E7FBE572EA4FCD21C66B704B2C09EC5423D83D1C4F0BA8B8A5A6215F8F87EEE4A836E170C3E75D022F9429814DCE8023FF17030E93094346F224B7E7383AF4091C5E1BA3666A8482FFF7052FBDBBAEE540990B067BDBCAB21AFA8D2D85946FE4A0FE4E17B93A27B98BA705AEF1F5A17FCB705667F17CE8D022EF99FAEF41CF13B7CB687FA9DF5062FBB3D640F81EA9DECA88DCFD252727FB899F5F);
INSERT INTO `admin_activity_log` VALUES ('215', '2014-12-25 00:55:48', '1', 'product.php', 'cPath=65_70_74&product_type=1&action=insert_product&', '127.0.0.1', '0', '', 0x9D52DB6EC2300CFD15D4E7B1B568D3B4BDF2159326452631C55A2EC5710A08F1EF4B0BBBB4054DDA63CE39B68F4F7C2C1A0E266989CA80A00263D014AFC5A2AC1EE7D562BE782AEE0A07519095CE823A306154D46932F3534C5187E445C9A1C1CC953749B5E6E0C68A8649A38A81F39C31170524C58C56839EBDDB16C8C2CAE2D98D039FD6A02531F2C4A3A29847E3C85C876AB0F6AA21A3560705224CAB2493AD04F64A5B889749D3F2CEF2F3FDCBCB74D19A438CD7E8965812D8A947B03B389C175071434D43BE1E0FDDCA41ADC2FE4660DB045E284B029BFC998EFC5F0AD84F260C15C993DC9EE368DF9FD255B6C3CB416F170CF68B9765354C0C5B0A29A7ECA0BE7C34B93A1F55772916B8C6F7871ECBB4CA3DF0FBAB428BBC63EADF839E676D772E7DD6BFA91D52BD9111D81DE679E771221E5CEE7ECCED5F8B37B436EC66CB0DEA0F6434B36510097EB604DF422C4EBFAF17A3666A8482FF477562FB5535C0BF133A7D02);
INSERT INTO `admin_activity_log` VALUES ('216', '2014-12-25 00:55:48', '1', 'categories.php', 'cPath=65_70_74&pID=180&', '127.0.0.1', '0', '', '');
INSERT INTO `admin_activity_log` VALUES ('217', '2014-12-25 00:55:51', '1', 'product.php', 'page=1&product_type=1&cPath=65_70_74&pID=180&action=new_product&', '127.0.0.1', '0', '', '');
INSERT INTO `admin_activity_log` VALUES ('218', '2014-12-25 00:55:51', '1', 'product.php', 'cPath=65_70_74&product_type=1&pID=180&action=new_product&', '127.0.0.1', '0', '', '');
INSERT INTO `admin_activity_log` VALUES ('219', '2014-12-25 00:56:32', '1', 'product.php', 'cPath=65_70_74&product_type=1&pID=180&action=new_product_preview&', '127.0.0.1', '0', '', 0x9553CB8EC2300CFC15D4F3B22A08C4C295AFD853641253AC4D93E2382D08F1EF9B96677968B5C76426E3F1D83964157B13B504654050813168B24536CE4793E1683C1C4F0779BE984E1793AFEC232B2108B2D2895978260C8A5AF26C92B09B0E05EDA31325FB0A139ABF05D59A7DF9C8A89834AAE039554AD868F6399FE73D461090185AACA7DCD9AF812CAC6C5BB7F3EBE21AB444463E7BBD7FE2A04CC443D25964DF68AD6F06CB0DEA1F643483A517F16EB0045743C88ED7678A42F28D0F9DB5B71AAC7DD98D51ABBD0211A65594A74804764A5B086783CFCF5FA770CAA9601FC285700FD7C412C13EBB04DBC0FED4820A1BAA2A72C563D9ADECD5CAEFDE24BD8DE08412C5B349DB5092FB8B01BBA70A7D467424EFEB94B4EB96B23F6F0C9AA912F2EEDF33BC69B7AAFD5C4B6FB08B2DCF47FDBCB1261FD3944A28CEFB456591369A2F87749F6C59BCCED8D7C80D5377EE899DB8ED7A7623BA8722DB4B3F3DC70D52B191C71CDB7F72CAB0438EBF);
INSERT INTO `admin_activity_log` VALUES ('220', '2014-12-25 00:56:38', '1', 'product.php', 'cPath=65_70_74&product_type=1&pID=180&action=update_product&', '127.0.0.1', '0', '', 0x9D52CB72C2300CFC1526E7B613288FC295AFE8C9236C11D43A7690E500D3E9BFD709504880E94C8FD6AEA4DDB5BEB28ABD895A823220A8C01834D9221BE5C3F1F370F43C9A0CF27C31992CC66FD95356421064A513B3F04C181435E4D93861973914B48F4E941C2A4C68FE10546BF6659F51316954C173DA94B0E1EC653ECF3B8C202031345867722BBF06B2B0B2CDDE56AF8B6BD01219F9A4F5D2A2282401D893D85435587B579651AB830211A655941B6F027BA52D84D3A6DBF6FB768E860BF6219C09D7704D2C11ECAD4AB03B381C2DA8B0A1AA2257F4D76EE5A0567EFF20B26D042794289E4DFAD692DC5F0CD8DF6CE832A22379BCA7A47D7B5D77D1A6DE4DA6F4065BE3793EEC268635F998722EA1387D3595453A2E3E3F525DA566FCFD255F23EF98DA7767D891DB5C4A1BF235B4432A36D277DC9CE6D16D1F7150A6F15F69FE227B476BFD6EB0DCA0FE444633587A11EF064B703584ECFBFA723168A64AC8BB7F7447B6E7AE4EFD9CCD6B3E9E4EE72F1F55917DFF00);
INSERT INTO `admin_activity_log` VALUES ('221', '2014-12-25 00:56:38', '1', 'categories.php', 'cPath=65_70_74&pID=180&', '127.0.0.1', '0', '', '');
INSERT INTO `admin_activity_log` VALUES ('222', '2014-12-25 00:56:40', '1', 'product.php', 'cPath=65_70_74&product_type=1&pID=180&action=new_product&', '127.0.0.1', '0', '', '');
INSERT INTO `admin_activity_log` VALUES ('223', '2014-12-25 00:57:07', '1', 'product.php', 'cPath=65_70_74&product_type=1&pID=180&action=new_product_preview&', '127.0.0.1', '0', '', 0x9553D16EC2300CFC15D4E78D1506DBE095AF983429328957BCA549E7380584F8F725856D1486A63D3677B6CF77EEAE68D89BA8252803820A8C4153CC8B71399ADC8EC6B7E3E9A02CE7D3E97CF254DC14350441563A312BCF844151263F4E12F6D38782F6D189926D83092DAF82EA957D7DCE689834AAE0394D4AD8E871389B953D4610901832D6EBDCC96F812C2C6D9EDBE975F115B444463E6A3D2D715027E22EF59917CF68AD5F0F162BD4EFC868060B2FE2DD6001AE8550ECBFCB1485A41BCF36CBAF1AACFD751BA3965B05224CCB281796086C94B6108E022FCB7F77E1E053C53E842FC229DC124B047BA912EC1AB68715545851D390ABCEC77EC8562DFDE68AD31F119C50A27836E91A6A727F31607331A1CF888EE4FA9C9A36DD51F6F3C6A0991A21EFFE9DE14FEFDCB5EF6BED0D76B695E5A8EF37B6E4634AA9862A67725F4E1E1E66C3B7A64A34AAAB74DBF9602D70852F77DD5B22269D16BF43F72DF29AA9FBEE753F70F3BD76999D4291EDD782BD15D648D54ACE8DCD3FCEC1D40ED97F02);
INSERT INTO `admin_activity_log` VALUES ('224', '2014-12-25 00:57:09', '1', 'product.php', 'cPath=65_70_74&product_type=1&pID=180&action=update_product&', '127.0.0.1', '0', '', 0x9D52D16E22310CFC15B4CFD7DE42A13D78E52B4EAA1499C45D7C974D16C75940887FBF64812BBB802AF5319EB13D33F1A168D89BA8252803820A8C41532C8A49399E3E8D274F93D9A82C17B3D962FAABF851D4100459E9C4AC3C13064599FC364DD8E71C0ADA47274AF60D26B47C08AA0FF6F590D1306954C173DA94B0F1DBF37C5EF618414062C8586F7227BF05B2B0B2796FA7D7C50FD01219F9ACF5B3455148027020315735587B579651ABBD0211A655941B6F023BA52D84F3A6DBF6FB764E862BF6215C08D7704B2C11ECAD4AB05BD89F2CA8B0A6A621570DD76E64AF567EF720B24D042794289E4DFAD69ADC570CD8DD6CE833A22379BCA7A65D775D77D15CEF27537B839DF1B21CF713C3967C4C39D750E5545FCAE9EBEBFCF94F53251AD5553AB37C3B16B8C2F79F5D2D11559A86FFBFCDB7C85BA6EEDD9B7EE2E6D3E952BF86B648D55A8611E45B3DD91F220EEA34FE90E62F8ADF68ADDF8E966BD47F91D18C965EC4BBD1125C0BA1385E9F3206CDD40879F78DEEC8F6D2D5AB5FC23AA77295D9F11F);
INSERT INTO `admin_activity_log` VALUES ('225', '2014-12-25 00:57:09', '1', 'categories.php', 'cPath=65_70_74&pID=180&', '127.0.0.1', '0', '', '');
INSERT INTO `admin_activity_log` VALUES ('226', '2014-12-25 00:58:25', '1', 'categories.php', 'x=44&y=7&product_type=1&cPath=65_70_74&action=new_product&', '127.0.0.1', '0', '', '');
INSERT INTO `admin_activity_log` VALUES ('227', '2014-12-25 00:58:25', '1', 'product.php', 'x=44&y=7&product_type=1&cPath=65_70_74&action=new_product&', '127.0.0.1', '0', '', '');
INSERT INTO `admin_activity_log` VALUES ('228', '2014-12-25 00:59:23', '1', 'product.php', 'cPath=65_70_74&product_type=1&action=new_product_preview&', '127.0.0.1', '0', '', 0x8553CB6EC2400CFC1594736943D41EE05AA9A74A3DF65269E5242658DA47F07A0308F1EFDD24144802EA319EF1CED89E1C939A5D190AF1AA044105658965B24AB274F13A5F64F3EC2D794A0C7841564524548E09BDA29613916B33F9C2052B4A0E35462C7D08AA353B3366D44C052AEF38EA8C312F20C1C7EA62F066E7B601D2906BECDD18B0610D850446BEE3D18289C4637C67957CADD7F3EF0D09FEBC7C92C1D987760C7AF60EB6019F9C2E5D8A7C348CA391DA6A015ADF1DA354F9418108531E64B20B81BD2A34F8B3BF697B3BE8F279B99CAEA762E7FD3DB82196007AEA11F40E0EFD00CA6FA8AEC95663D1AD1C54EEF60FD6BC0D608522C571192360C8FEC780FD4461C80896E4B18EA17D17C0E1B1D1174CB590B37F07BCB9D1B5BBED4B07DAC695D82D264DB3E146B12117E2150C54E7F890A96254DBFC69E02A26A3AB4538EA6BBC9CD235C83BA6EE7BE0B2E7B621EC6E710B05D6778DEF90AA8D8CC8ED6FD0EFAA533CFD02);
INSERT INTO `admin_activity_log` VALUES ('229', '2014-12-25 00:59:25', '1', 'product.php', 'cPath=65_70_74&product_type=1&action=insert_product&', '127.0.0.1', '0', '', 0x8552CB4EC3400CFC1594332D6905887245421C90E0C6A5D2CA4DDCD4681FA9D79B26AAFAEF6CD2F248D28AE37A663D33B6F749C92E0F99789583A0823CC73C794CE6E9EC76329B4FE677C97562C00BB2CA22A1704CE815B59C88FC7E269FB96045495362C4D28BA05AB3334346C994A1F28EA3CE10F302127CACCE7A3D3BB715908695C6A31B0336AC2193C0C8238F8A7C94C681B9B69A81D6670DE56AD52810615A0519A512A855A6C19F94C6DF5BCB8BE962310E5AB0F3FE1C5C114B003DF6087A07CD3180F21B2A4BB2C550742B8D5AB9FAC2C0B601AC50A438CEE3320DD9FF18508F14FA8C60492EEB18AABB533A8BB6F5B4D7DBB81CBBE0693AEF4F0C2B72214ED940715A3499221E557B291AB8C0E54D578BB08A3DF06755AE42DE3175EF9E8B23B73D976ED67FA11D52B19141B13DCC63E6E1442C98D87D1FDB3F266FEBF5E46313E59637AF64F0EA593B067DF504B6029F1CFE1E2FFA8CA91472F6FB730F0FACCFD6BF47704AFDF2FE30BBBF9F7E964572F802);
INSERT INTO `admin_activity_log` VALUES ('230', '2014-12-25 00:59:25', '1', 'categories.php', 'cPath=65_70_74&pID=181&', '127.0.0.1', '0', '', '');
INSERT INTO `admin_activity_log` VALUES ('231', '2014-12-25 00:59:55', '1', 'categories.php', 'x=43&y=7&product_type=1&cPath=65_70_74&action=new_product&', '127.0.0.1', '0', '', '');
INSERT INTO `admin_activity_log` VALUES ('232', '2014-12-25 00:59:55', '1', 'product.php', 'x=43&y=7&product_type=1&cPath=65_70_74&action=new_product&', '127.0.0.1', '0', '', '');
INSERT INTO `admin_activity_log` VALUES ('233', '2014-12-25 01:03:30', '1', 'product.php', 'cPath=65_70_74&product_type=1&action=new_product_preview&', '127.0.0.1', '0', '', 0x8552CB6EC2400CFC15947369036D0FF4D87E42A59E2AADCCAE49ADEE2378BD0184F8F76E02942601F5B8F6CC7AEC997D517330494B540604151883A67829E6E5EC693A9B4FE7CFC55DE1200AB2D2195005268C8A5A4CEE5CC81475485E94EC6ACCBDF26653AD38B821A266D2A862E03C67D88B029262AECE7A7F766A1B200B4B8B47350E7C5A8196C4C857347A7019B8CFFFBC141F142CCAE43D58329357D0DF68266FE01B88C5E197A22866B538D8A7AD6AB0F6EA0E462D770A44989649468710D82A6D219EC48DE9ED968BFBC5627C9B8A438C434E432C09EC581FD80DEC8EE255FCA2BA265F0DC96BD9A965D8DEB8EF3A8117CA90C0267BEFC8FF8780ED68421F913CC9ED398EB65DF2FA2E63D44CB550F067E7FEF87361B7BCB237DB0583DD61CAF2B17F4D6C28A4EC8083EA941B7255CE681B3C0B5CE1E74357CBED3C3FA7E46C636890374CDDBBA7F2886DD3D779F1B795D85E15BE41AABE64006EF37FBC5537F1F003);
INSERT INTO `admin_activity_log` VALUES ('234', '2014-12-25 01:03:33', '1', 'product.php', 'cPath=65_70_74&product_type=1&action=insert_product&', '127.0.0.1', '0', '', 0x8552CB4EC3400CFC952A671E69A142E508178E48489C9056EEAE1B0CFB085E6FDA0AF1EF6CD2024DD28AE37AC6F68C773E8B9A83495AA23220A8C01834C56D312BA7D7E7D3D9F96C5E9C150EA2202B9D095560C2A8A8E564E4AF99A20EC98B926D8D192B4F826AC5C10D193593461503E73D432C0A488AB93AEDCDECD43640169616776A1CF8B4022D8991471A15C5BC1A07E2DAAA066B8F0A326AB95520C2B44C327225B051DA42DC6F1AB7B79217178BC5D868C521C6614F432C09EC581FD8356C77E2557CA5BA265F0D9B3F64AB966173E2581F09BC50A60436F9231DF9FF18B0196DE833922739BDC7D1A68BD151B4AD97BDD92E18EC8C97E555FF5AD85048F9C20EAAFD2793AB72A0DA9458E00A5F2EBB5A86559E81BFDF141AE43553F7EEA9D871DBA874B73E84D648D5AB0C8A6D28779E8717F1E0F2F4CF3CFEB678A690974F9E822533B903FD8E66720FBE81587C1DA616A366AA8582FFE9ECE189EDD1FA8FFFBDE587C7D9743EBFB978ABABE2EB1B);
INSERT INTO `admin_activity_log` VALUES ('235', '2014-12-25 01:03:33', '1', 'categories.php', 'cPath=65_70_74&pID=182&', '127.0.0.1', '0', '', '');
INSERT INTO `admin_activity_log` VALUES ('236', '2014-12-25 01:04:19', '1', 'categories.php', 'x=56&y=11&product_type=1&cPath=65_70_74&action=new_product&', '127.0.0.1', '0', '', '');
INSERT INTO `admin_activity_log` VALUES ('237', '2014-12-25 01:04:19', '1', 'product.php', 'x=56&y=11&product_type=1&cPath=65_70_74&action=new_product&', '127.0.0.1', '0', '', '');
INSERT INTO `admin_activity_log` VALUES ('238', '2014-12-25 01:04:52', '1', 'product.php', 'cPath=65_70_74&product_type=1&action=new_product_preview&', '127.0.0.1', '0', '', 0x8553CB8EC2300CFC15D4F3B25B107B8023FCC64A91494CB1368FE2383C84F8F74D0B02DA82F698CC3833F638E7A2E6609296A80C082A30064DB128A6E564369E4CC7D3EFE2A370100559E94CA8021346450D27238F628A3A242F4A4E3566AC7C0BAA0D07D767D44C1A550C9C75FA58149014F3EDA4F366EB760F64616DF1EAC6814F1BD09218F985470F2E13CFF99D45B1620437026F464B0BFA77B44C9B0DD8305A6D319F564124F8E2722F5614B36FEC75D6DC6AB0F6653746AD4F0A4498D649062311382A6D21DE6C0ECB9B0C669FF3F9704A1587185FC17B624960871EC11EE0746D40C52DD535F9AA2FBA93935A87E39B69EF1278A14C096CF22638F2FF31E03850E832922779AFE3E8D8EE6137738C9AA916CAD9DC727CCAE851DDD4951D6D170CB68329CB5977A2B8A790720A0EAADB1691ABF2C6366B68812BFCF96AEF329CF52DDEA30C7BE403537BEEB8BC729B5D6CB3788612DB97C60F48D5567AE4E6375C67D52A5EFE00);
INSERT INTO `admin_activity_log` VALUES ('239', '2014-12-25 01:04:54', '1', 'product.php', 'cPath=65_70_74&product_type=1&action=insert_product&', '127.0.0.1', '0', '', 0x8552DB6EC2300CFD15D4E7B1B58C4D628FF01B93229398E22D97E2385C34EDDF971676690BDA63CE39B18F8FFD51341C4CD21295014105C6A0295E8A5959CDA7D56C3A7B2AEE0A07519095CE823A306154D46A32F3FB99A20EC98B925383992B6F926AC3C10D150D93461503E73E432E0A488A19AD7A353BB77B200B6B8B67370E7CDA8096C4C8238F8A626E8D03732DAAC1DAAB868C5A9F148830AD938CA612382A6D215E3A8DBFB731CEEF178BF1A0358718AFD17B624960C71EC11EE0741E40C52D350DF97AD8742727B50EC71B81ED1278A12C096CF2321DF9FF14701C75E82B9227B9DDC7D1B13BA5AB6C8B97BDDA2E18EC062FCB793F31DC5348396507F565D1E4EA7C54EDA558E01A5F1F3A2CD32AD7C09F55853DF281A97BF75C9CB5EDB97459FFA50E48F55606607B98E79987897870B9FA472EFF52AC18C14DC09BC9D2827E9F2CD36603364C565BCCAF551009BEF8FC7BC31835532394F14B8D1E9FD85EC5BF93B80C5F958FCFF3C5FD5B53179F5F);
INSERT INTO `admin_activity_log` VALUES ('240', '2014-12-25 01:04:54', '1', 'categories.php', 'cPath=65_70_74&pID=183&', '127.0.0.1', '0', '', '');
INSERT INTO `admin_activity_log` VALUES ('241', '2014-12-25 01:05:03', '1', 'categories.php', 'x=64&y=11&product_type=1&cPath=65_70_74&action=new_product&', '127.0.0.1', '0', '', '');
INSERT INTO `admin_activity_log` VALUES ('242', '2014-12-25 01:05:04', '1', 'product.php', 'x=64&y=11&product_type=1&cPath=65_70_74&action=new_product&', '127.0.0.1', '0', '', '');
INSERT INTO `admin_activity_log` VALUES ('243', '2014-12-25 01:05:48', '1', 'product.php', 'cPath=65_70_74&product_type=1&action=new_product_preview&', '127.0.0.1', '0', '', 0x85533D6FDB400CFD2B82E6BA958D6670B62253862E5DB20438D0778C42E03E141E4FB611E4BF9792D224926C7414F9C8F7EEF1E9B5EE38B962251B0782069C4357DFD6BB66FB73B3DD6D7637F5B73A4016646315D02626CC86068C763E8729DB54A2183977A8BDE66AD33C710A4B44C764D1E4C4CAB3EC65012959ABDBD9CE516D0FE4E1E0715213209627B05218F982C6084181AFBAE7B6FE353026A9EE2D56BFC91D91DA67A91E74296FFE6026258D52DD259114AB3B883DE4FAED6397A1ACCFC0C54387AA05EF2F3ECE99C3D98008D3A1C8CA218193B11EF2BBEAF5B816F7DFF7FBB5672DA79C2F747B6229E0D70AC11FE13CC937F999BA8E62BBA47C91B339A4D315EB5F8A7A430A49EC341681E2FF10705A31CC1125925CE709741A43390F0066CBD409A5F8EFA85F2EF4393DCC3533EE901C8EC634CDCDDC50EC2915BD4180F63D52145A8DEF90490FDCE2E38FB1A66DE5F7F871C8D4231F99C6EF99CA093B0473BCC5D756617F51F894C50578F83526AF46C6B7BF);
INSERT INTO `admin_activity_log` VALUES ('244', '2014-12-25 01:05:49', '1', 'product.php', 'cPath=65_70_74&product_type=1&action=insert_product&', '127.0.0.1', '0', '', 0x8552CB6EE3300CFC15C3E726EB645B60D3DB22A71E7AE9A597050446625D2EF47029CA4910F4DF57B6D36D6D27E8513314391CCEA96C3898A4252A03820A8C4153DE97EB6A75BB58AD17EBBBF2A674100559E95C5007268C8ABA9ACC7C7EA6A843F2A2E4D860E6AAABA47AE1E0A6150D93461503E739532E0A488A195D8D7AF66A5B200B3B8B831A073EBD8096C4C8338D8A621E8D13711DAAC1DA8B828CDA1D158830ED92CCB61238286D219E27CDBF6770B3DC6CE67BD61C62BCC0B6C492C0CE1582DDC37190AFE22B350DF97A3AF24D8E6A170E57EC7A4BE085724960934FE9C87F570187D9847145F224D7E7383AF441BAC8767835EAED82C17EF1AABA1B1B862D85943D76509FCF4CAECE91EA7262816BFCF3A3C732AD720FFC7FA8D022EF99FAF748C550DB85A5F7FA2BB547AA5F650276B11C769E3AE2C1E5EEA7DCFEBEFCDDDD3648F1A0B1782433742A9E734C79F18491F25DBC14DB20127CB105DF422CDFBF061AA3666A8482FF6839E213DB8BF88731672F7E56B7EB5F9BE5DFA62EDFFF01);
INSERT INTO `admin_activity_log` VALUES ('245', '2014-12-25 01:05:49', '1', 'categories.php', 'cPath=65_70_74&pID=184&', '127.0.0.1', '0', '', '');
INSERT INTO `admin_activity_log` VALUES ('246', '2014-12-25 01:06:00', '1', 'categories.php', 'x=32&y=9&product_type=1&cPath=65_70_74&action=new_product&', '127.0.0.1', '0', '', '');
INSERT INTO `admin_activity_log` VALUES ('247', '2014-12-25 01:06:00', '1', 'product.php', 'x=32&y=9&product_type=1&cPath=65_70_74&action=new_product&', '127.0.0.1', '0', '', '');
INSERT INTO `admin_activity_log` VALUES ('248', '2014-12-25 01:06:35', '1', 'product.php', 'cPath=65_70_74&product_type=1&action=new_product_preview&', '127.0.0.1', '0', '', 0x8553CB4EC3400CFC952A670A690548E508074E5CB870415AB959132CED2378BD692BC4BFE324BC92B4E2187BEC991D4FDE8B86A3CD95246341D080B5688B9B625DAE2E97ABF5727D559C151E92209B4A017564C264A8C368E7779852157310238706B5579E6C9A178E7E8A68982A3429B2F24C7B494072D2EA6AB4B357DB0239D83A1CD47808F9052AC98C7C446300AFC077DD7353DC32D5AFB2B867C4B07820BBC3FEFB49B7F2F21113296B90C55D1489617107A185547CFC2C3394F41D38796957ADC0B9A3AFB3667B3020C2B4CD32B348606F2A07E94BF67C5C8B9BF3CD666E5ACD31A5E9484B2C19DC5C1EB81D1C06ED26BD52D350A8A7C36F7230DBB83F61FC5B5663482191AD86C253F80F01FB19C3189103C9691E4FFB3E92E3F363AA981AA118BE4FFAE73CBFD3DD5C39E2F6D1626F4C595E8FDDC49662D60378A8BF0245BED6F0768974C0353E5FF4356D2BBFC39F2BC61679C7D47F8F540ED82E96FD2DFEB632BBA3C287204EC0DD8F3178D5337E7C02);
INSERT INTO `admin_activity_log` VALUES ('249', '2014-12-25 01:06:37', '1', 'product.php', 'cPath=65_70_74&product_type=1&action=insert_product&', '127.0.0.1', '0', '', 0x8552BB6EDB4010FC15827564538A13402EE322951B37690C1C56BC35BDC13DE8BD3D4A82E17FF792941D939490F266F631373BAF65CBD1E65A92B12068C05AB4E56DB9A9D637ABF566B5F9517E2B3D244136B51634910993A1BE46997FCD94EA98831839B6A85C7591344F1CFDBCA265AAD1A4C8BA67CE2501C949D1F564E6A0B60372B07338AAF110F213D4921979A1D150D2D53813D7A3353877569035BBA30111A65D96C5AF040EA676904E9B96ED0A6EAFB6DBE53F1B8E29CD5B3A62C9E096F2C0EDE1386A37E999DA9642336F7E91A3D9C5C305AF5E3204212D896CF58E9EC2FF2AE0B0D830ADC881E4F21E4F87214567D91EAF26B37DB4387CBCAA7E4EDDC28E6256833D34A71B936F344F7D481C70838FD703A6B4D119F879A5D821EF9986F744C558DB2765F0FA2BB5476A9E6506F6991CFF3C772480D7E9AF3AFEB6FCC57D6BF15B6F148A7BB2E3A8E28F8694570F98480F13A4B88B22311477103A48E5DBD73863AA995AA1183E664EF8CCEE2CFEE1CCC98CEFD5CD665B5DFD6D9BF2ED1D);
INSERT INTO `admin_activity_log` VALUES ('250', '2014-12-25 01:06:37', '1', 'categories.php', 'cPath=65_70_74&pID=185&', '127.0.0.1', '0', '', '');
INSERT INTO `admin_activity_log` VALUES ('251', '2014-12-25 01:06:47', '1', 'categories.php', 'x=49&y=11&product_type=1&cPath=65_70_74&action=new_product&', '127.0.0.1', '0', '', '');
INSERT INTO `admin_activity_log` VALUES ('252', '2014-12-25 01:06:47', '1', 'product.php', 'x=49&y=11&product_type=1&cPath=65_70_74&action=new_product&', '127.0.0.1', '0', '', '');
INSERT INTO `admin_activity_log` VALUES ('253', '2014-12-25 01:07:15', '1', 'product.php', 'cPath=65_70_74&product_type=1&action=new_product_preview&', '127.0.0.1', '0', '', 0x85534D4FEB400CFC2BAB9C29A415E809CE1C1E37540E5C9056CEC60D96F62378BD6D23E0BFBF4D5A3E92B47AC7D8E39DB167F25EB41CEA6424EA1A0435D435D6C55DB12A97D78BE56AB1BA292E0A075190B5C980263061D4D46372E76798A209C98B96AEC5DC2BCF36F586839B225A26833A06CE3CD35E1490147375397A7350BB05B250593CA871E0D3068C24463EA1D183CBC0F7FCCE5DA1D698615E3D064BA6531FEAE995DA967CA31EFC26A87B3441AD4344F5179973B90A1ED573E6E4C51A23C5E2F3FB614D31EF8493ADFBAA016B4F6E5AEBAAD320C25425999D4B60AF8D85785C613EDEFB737D797B3BBF60C321C6E9CC965812D8B93EB03BE80EE2753CEE3F1D7E934E57617FC685B7045E284302D739218EFCFF10B09F318C11C9939CE771B41FF239CE0246C3D40A05FFE5EF2F7F7EA6FBB972C4ED428DC361CAF2CFF89AB8A590B2030E9A63BAC83539C97D3C2D70832F57432DB733BFC56F1BC31679C7347C8F541EB07D46072F7EB712DB93C27748CDAB4CC0FD5F72B8D5C0F8F90F);
INSERT INTO `admin_activity_log` VALUES ('254', '2014-12-25 01:07:16', '1', 'product.php', 'cPath=65_70_74&product_type=1&action=insert_product&', '127.0.0.1', '0', '', 0x8552CB6EDB400CFC1541E7DA951D078573EE21B905CE2197000B6A452B0CF6A170B9B60527FFDE95ECB49164A3C7E5CC92C3E11CF3867D15B5045581A082AAC22ABFCB97C562355B2C67CBDBFC476E2108B2D289507B260C8A3A4E42FE7DA6A07D74A2A46D3061C555506DD9DB31A361D2A882E734678C050189215517839EBDDA1D9081D2E0498D0517B7A02532F244A3A29046E3485C57D560CC4541952A5B05224C6594C9560207A50D84F3A4E9F7CEC6D57CBD9E2E5AB30F61FC67472C11CC541F983DB427F12ABC52D390ABC79FDFA555A53F5C31EB3D82134A14CF553AA425F73F061C2613868CE848AECFB174E8637411EDEAC5A0B7F515F68B17C5AFA15BB8231F93C316EAF391C9D629505D4A0C708D2F3FFB5A8255EA817FCFE477C87BA6FE3D5071E27651E9BDFE0EED91EA571915BB509E761E3BE2C0A6EEC7D4FE2EDF604A9DCB1EBD21DD661FD9D3F94ED983DBFAEC376A9F6D7CC0EC1E9953B9F40EB3E714619E6D3050C83FBF471B83666A84BCFB6A3FC0239B8BF52F93CEBEDC14ABE57A317F6BEAFCF30F);
INSERT INTO `admin_activity_log` VALUES ('255', '2014-12-25 01:07:16', '1', 'categories.php', 'cPath=65_70_74&pID=186&', '127.0.0.1', '0', '', '');
INSERT INTO `admin_activity_log` VALUES ('256', '2014-12-25 01:07:21', '1', 'categories.php', 'cPath=65_70_74&pID=186&', '127.0.0.1', '0', '', '');
INSERT INTO `admin_activity_log` VALUES ('257', '2014-12-25 01:07:36', '1', 'categories.php', 'x=15&y=7&product_type=1&cPath=65_70_74&action=new_product&', '127.0.0.1', '0', '', '');
INSERT INTO `admin_activity_log` VALUES ('258', '2014-12-25 01:07:37', '1', 'product.php', 'x=15&y=7&product_type=1&cPath=65_70_74&action=new_product&', '127.0.0.1', '0', '', '');
INSERT INTO `admin_activity_log` VALUES ('259', '2014-12-25 01:08:03', '1', 'product.php', 'cPath=65_70_74&product_type=1&action=new_product_preview&', '127.0.0.1', '0', '', 0x85534D4FE3400CFD2BA39C29D00A24CA8DBDED0109C1612F2B8DDC1927589A8FE0F1B48D58FEFB4E922E6C93561CE3F73CEFD97E79AF5A8E361B49DA82A0066BD156F7D5EA7A79B358AE16ABDBEAA2F29004599B42682213264D3DA7205FCD944CCC41B4742D16ECFA2CA86B8E7ECA68990CEA14B9E84CB124203995EAF2E8CDC1ED16C8C1C6E1E8C643C83518C98C7CC263005F88EFE59DFB4A3D63A105F5141D994EFD512FAFD4B6141AF533D4513D381F83553F725DAB47B23BA4E655D4AFA2C98B674C94AA8FCF8735A532134EA6EEAB069C3B39A9D59B4E8308D326CB6C5D027B6D1CA4C308F3F652BC5B5FAED7F30D361C533A056F8925839B7B04B7836E1C40A7C30EA6A26FD2E94DDC9FB9C45B86205428916D4989A7F01D03F6338563460E24E7753CED878C1EE70193616A8562F877E3FF6EF4D53DC9848F16DDA4D6326E29E6B27E0FCD215AE49B12E33E9B0EB8C1DF5743ADC045D8E1E70DE31679C7347C1FD91BB97D40612A97D99D743C866E42EE7F91714983E2C75F);
INSERT INTO `admin_activity_log` VALUES ('260', '2014-12-25 01:08:04', '1', 'product.php', 'cPath=65_70_74&product_type=1&action=insert_product&', '127.0.0.1', '0', '', 0x8552CB6EDB3010FC1541E73AB5D514A8736B6F39042892432E018835B952B6E043592E6D0B49FEBD94E5B43565A347CE0C77F631AF75CFC1242D51191054600C9AFAA66E96ABEBC5AA59345FEB4FB58328C84A67411798302A1A3599F9FB99A20EC98B92A1C7CC2D2F92AAE5E04A45CFA451C5C0D9A7E4A280A498D1D549CD43B75B200B1B8B53370E7C6A414B62E4598F8A62B6C6A2B911D560EDD9868CDA0C0A44983649665309EC95B6108F4EF3EF19FCB6BE5AAFE783761C623C476F8925819DF7087607C334808ACFD4F7E4BBD2F44506B509FB0B0B7B49E085B224B0C9C774E4FFA780FDCCE154913CC9651F47FB4394CEB2457C5C30680BAC67DC524879BD0EBAE385C975394D63442C70874F9F0F58A655FE8F7F6E14B6C83BA6C3FBC47ED28E3981D26E87D43D4B018E899C862D57E1C1E5EAAFB9FC4D7D8F3972BEFA192CE9A17AAB1E8E07AA6E7D1BAAEFD6056FAA1FA96DAB3B32934FF598F3CB8B7B8C14EBF77F738D5133F542C17F943FE113DBB3F8C7928E7BF9B2BC6ED6CDD5AFBEABDF7F03);
INSERT INTO `admin_activity_log` VALUES ('261', '2014-12-25 01:08:05', '1', 'categories.php', 'cPath=65_70_74&pID=187&', '127.0.0.1', '0', '', '');
INSERT INTO `admin_activity_log` VALUES ('262', '2014-12-25 01:08:17', '1', 'categories.php', 'x=33&y=8&product_type=1&cPath=65_70_74&action=new_product&', '127.0.0.1', '0', '', '');
INSERT INTO `admin_activity_log` VALUES ('263', '2014-12-25 01:08:18', '1', 'product.php', 'x=33&y=8&product_type=1&cPath=65_70_74&action=new_product&', '127.0.0.1', '0', '', '');
INSERT INTO `admin_activity_log` VALUES ('264', '2014-12-25 01:09:01', '1', 'product.php', 'cPath=65_70_74&product_type=1&action=new_product_preview&', '127.0.0.1', '0', '', 0x8553CB6EC2400CFC1594736901C1815E7BEEA5975E2AAD4CD60D96F611BCDE00AAF8F73A495F49403DC633DE198F9D8FA2E6687329C9581034602DDAE2B1582D96EBF972355F6D8ABBC2431264532AA18A4C980CB51C457E9B299531073172AE51B1C54DD0BC73F46346CD54A2499155678C2501C949ABCBC19B9DDB06C8C1CE61EFC643C8EF504A66E42B1E0378257EE83B8FC5EB9E0467CF648F48D55E66AFFA1CCF5F3091CA05993D459118664F101A48C5E5E715434907C0D1886DB504E7AE8E65CDEE6C4084699765928DC0C9940ED297DF69BB1637DBFBED761A57C531A56B70432C19DCD423B8239CFB014CDA535D53A8C6A207399B5D3CDD88FD90351D524A64AB27E129FCC780D34461C8C881E4B68EA7537790C3E5632A996AA118BE17FA6747BFDD6DDF62A0EDA3C52E98C57A334C141B8A59B7E0A1FA3A27F2959E6E7B8F0EB8C2B787AEA6B0EA3BFC59656C908F4CDDF7C065CF6D8FB2DBC55F28B3BB6ABCBFC611B9FD2DFAAC3AC5CB27);
INSERT INTO `admin_activity_log` VALUES ('265', '2014-12-25 01:09:14', '1', 'product.php', 'cPath=65_70_74&product_type=1&action=insert_product&', '127.0.0.1', '0', '', 0x8552BB6EE3400CFC1543F539917D76E1B4A9D35C93E68005AD656406FB50B85CD946907F3F4A721E926C5CB9335C72389CF7A2E1687325C9581034602DDAE2A15897ABCD72B55EAEB7C5AFC24312645369411D993019EA6A94F9FE4CA98A3988917383CA953749F3C2D14F2B1AA60A4D8AAC73A65C12909C145D8D7AF66A5B20077B87831A0F21BF40259991671A0D251D8D13711D5A8173570559B33F1B1061DA67996D2570329583749934FFAEE07677B7DBCD17AD39A6748D6E8925839B6B047784F3B08049076A1A0AF574E89B9CCD3E9E6E18F6962108694964ABC7F414FE5701A7D98471450E24B7E7783AF551BACA767839EAEDA3C57EF172B31D3B862DC5AC2E7BA82F87265F6BA8BAA438E01AFFDEF798D2467BE0D7A9628B7C64EADF2315436D1797DEEB9FD411A93EC804EC8239EC3C752480D7EEEFDAFEA1783EE8A8C513D9A1C7E25923CACB3F98482F1264F1184562583C426821151F3FC38CA9626A8462F86C36E233BBABF8A72517177E979BF56E73F7DAD4C5C73F);
INSERT INTO `admin_activity_log` VALUES ('266', '2014-12-25 01:09:14', '1', 'categories.php', 'cPath=65_70_74&pID=188&', '127.0.0.1', '0', '', '');
INSERT INTO `admin_activity_log` VALUES ('267', '2014-12-25 01:09:17', '1', 'categories.php', 'x=45&y=10&product_type=1&cPath=65_70_74&action=new_product&', '127.0.0.1', '0', '', '');
INSERT INTO `admin_activity_log` VALUES ('268', '2014-12-25 01:09:17', '1', 'product.php', 'x=45&y=10&product_type=1&cPath=65_70_74&action=new_product&', '127.0.0.1', '0', '', '');
INSERT INTO `admin_activity_log` VALUES ('269', '2014-12-25 01:10:09', '1', 'product.php', 'cPath=65_70_74&product_type=1&action=new_product_preview&', '127.0.0.1', '0', '', 0x8553CB4EC3400CFC9528678ADA0A24CA112E5CB870E1B872B22658DA47F07AD356887FC749782569C531EBB1673C9EBC972D479B6B49C682A0016BD196B7E576BDB95A6DB6ABED7579517A48826C6A0534910993A11EA395DF664A75CC418C1C5BD4DAFA6CD1BC70F47344CB54A3499195675E4B029293BE6E263307B51D9083CAE1A8C643C82F504B66E4131A037805BEEB9CDBF201B88A5CDCB98CC523D93D52F32AC5B30EE5D5132652D220C57D1489A1B887D0412A3F7E66194ABA06CE16ED5F6B70EEE472D6544703224C559685430207533B485FAA97EDFDFABB9BCBDD6EE95AC331A593F58E5832B8A54A707B388E2B98F44A6D4BA199D3BEC9D154F170C6FEB7ACFE9042225B8D86A7F01F020E0B8629220792F33C9E0E4330A721C05433B542317C1FF6CF957EBBFBBEF584DB478B8331EBAB99A5D851CC7A070FCD57ACC8371A61FEFED0772576F873C5D821EF9986EF89BC11DBA77238C2DF52667752F118C419B8FF2F469306C68F4F);
INSERT INTO `admin_activity_log` VALUES ('270', '2014-12-25 01:10:10', '1', 'product.php', 'cPath=65_70_74&product_type=1&action=insert_product&', '127.0.0.1', '0', '', 0x8552CB4EC3400CFC9528675AA5A54894235CB870E1C271E5644D30DA47F07AD35615FFCE26A14092561CD733EB198F7DCC1BF63A5612940641055AA3CEEFF275B1DA2C56EBC5FA26BFCA2D0441565522D49E0983A28E9390DFCF142A1F9D28393498B0E222A85ED9DB29A361AA5005CF49678A050189215557A39EBDDB16C84069707063C1C557A82432F2CCA3A290A47162AEAB5660CC59435A950705224C6594D954027B551908DF4AF3EF9DE5EDED72BB9D4F5AB30FE12CDE124B04337709660787610415DEA869C8D553D90F39A8D2EF2F44F611C109258A679DD669C9FDC780FD4C61CC888EE4B28EA57D7F4C67D1AE5E8C7A5BAFB11FBCD84C22C3967C4C395BA8BF574DB64E67C5A747AAABF4197FB6E45BE41D53FF1EC90FDCEE52FA90FF423BA4FA4D26C5EE268761A75138B0A9FB31B5BFCB1F814BCFD9BD89983D911E3A652FE94679F18C81D2429C640F5EC4BBEC015C0B21FFFC7BCD182AA646C8BB53CB111ED99CAD9F12B92E36EBEDCDF2BDA9F3CF2F);
INSERT INTO `admin_activity_log` VALUES ('271', '2014-12-25 01:10:10', '1', 'categories.php', 'cPath=65_70_74&pID=189&', '127.0.0.1', '0', '', '');
INSERT INTO `admin_activity_log` VALUES ('272', '2014-12-25 01:10:20', '1', 'categories.php', 'x=70&y=10&product_type=1&cPath=65_70_74&action=new_product&', '127.0.0.1', '0', '', '');
INSERT INTO `admin_activity_log` VALUES ('273', '2014-12-25 01:10:20', '1', 'product.php', 'x=70&y=10&product_type=1&cPath=65_70_74&action=new_product&', '127.0.0.1', '0', '', '');
INSERT INTO `admin_activity_log` VALUES ('274', '2014-12-25 01:11:09', '1', 'product.php', 'cPath=65_70_74&product_type=1&action=new_product_preview&', '127.0.0.1', '0', '', 0x8553CB4EC3400CFC9528670AB42A07B872E0C4850B17A4959B35C1D23E82D79BB6AAF8779C845737AD38C61E7B66C79343DD71B4B991642C081AB0166D7D57AFAE97EBC572B558DDD417B58724C8A651401B9930191A30DAF91DA6D4C41CC4C8BE43ED5D9F6D9A578EBE44744C0D9A145979CA5E12909CB4BA3CDA39AAED811C6C1C4E6A3C84FC0A8D64463EA1318057E041F7DCD50F0C1D56CF14B07A24BB456ADFA47AD69DBC78C244CA19A4BA8F223154F7107A48F5C7CF2A43495F81C53B876A03CE9D7C9B359BBD0111A64D969941023BD338485FA2E7E3C345D697B7B773CF5A8E2995333DB16470737DE0B6B09FC49BF4465D47A12D87DF656F367177C6F7F7ACCE9042225BCD84A7F01F0276338663440E24E7793CEDC6441E5F1F53C3D409C5F07DD13FF7F99D2E12E0A34557D43AC69E6256EB3DB45F4122DF6A6887243AE0165FAEC69AB695D8E1CFFD628FBC651ABF8FE44DD8218E50D2657627154F112CC0C30F319934327E7C02);
INSERT INTO `admin_activity_log` VALUES ('275', '2014-12-25 01:11:10', '1', 'product.php', 'cPath=65_70_74&product_type=1&action=insert_product&', '127.0.0.1', '0', '', 0x8552CB4E03310CFC95D59E29B4A520952B074E5CB870418ADC8D598CF2AAE36C5B21FE9D6CB73C9A6DC5319EB16762CF471DD8EBD448541A0415688DBABEABE7D3D962329B4FE637F5456D210AB26A32A1F54C1815F59C8CFC36536C7C72A264173063D3B3A07A656F4B46606A5045CF59A7C4A280A498ABB3A3997BB71D908195C1C18D05975EA191C4C8238F8A6296C6C25C5F6DC0989386B45AED148830AD928C7E25B0558D8178501AB7F76B5C5C2E97E38FB6EC632C7B3A624960C6FEC06C60379857F18D4220D796CD6BD9A995DF9E59D63A8113CA14CF3A1FD292FB8F01DB91C231233992F33A96B6FB189D448BE858AFD114B5C0D8914F79B516DAC375C9B639497D3C0C708B2F57FB5A8655EEC79FFBF80E79C3B47F1FC90FDC3E2350CA6D90DA37298A7D1A87CF96AB7060F3F48F3CFEAE7E6008583D93C3EA91F430A87ACEE1E4C91346CAF77052DD7B11EFAA7B701DC4FAF36F8C31364C41C8BBEF8947786273B2FEBD97C32AAEA78BF9F2F6F23DB4F5E717);
INSERT INTO `admin_activity_log` VALUES ('276', '2014-12-25 01:11:10', '1', 'categories.php', 'cPath=65_70_74&pID=190&', '127.0.0.1', '0', '', '');
INSERT INTO `admin_activity_log` VALUES ('277', '2014-12-25 01:11:25', '1', 'categories.php', 'x=55&y=12&product_type=1&cPath=65_70_74&action=new_product&', '127.0.0.1', '0', '', '');
INSERT INTO `admin_activity_log` VALUES ('278', '2014-12-25 01:11:25', '1', 'product.php', 'x=55&y=12&product_type=1&cPath=65_70_74&action=new_product&', '127.0.0.1', '0', '', '');
INSERT INTO `admin_activity_log` VALUES ('279', '2014-12-25 01:11:55', '1', 'product.php', 'cPath=65_70_74&product_type=1&action=new_product_preview&', '127.0.0.1', '0', '', 0x8552CB6EC2400CFC159473690195035CE907F4032AAD4C6282D57D04AF371021FEBD9B8442B301F5B8F6CCCED89E7356B12B422E5E1520A8A028B0C8D6D962367F9FCE17D3C5327BC90C7841567904948E09BDA216133B7732F9DC052B4A9A0A636FF6B4A976EC4C8AA8987254DE71D4497B5E40828FD5F9E0CFCE6D0DA461ABB17763C0861DE41218F981470B2602CFF19F75B6D9237333D9381167271BB035F8C9A7D3DF30F970E2B3CB8DA7C847CB980CD55673D0FAE12085DA360A4498B64146DB1038A95C83BF3A1CD36371B97A5DADC60B2AD9799F726A6209A0C7FE401FA1E9CD2BBFA7AA225BA6E483346AEB4E4F967C08608522C471110360C8FE8780D34861880896E4B98EA15317BFE1A9D1E74C9590B3BFE7FB739F3B3B39B77105EAA45631D6E4425CBD81F29A1A32654C681B3B0D5CE2D75B578BED28ACF1763F57231F99BAF7C05E8F6DB307A95C60FDD0F111A9DC4B026ED3DF2FA953BCFC00);
INSERT INTO `admin_activity_log` VALUES ('280', '2014-12-25 01:11:57', '1', 'product.php', 'cPath=65_70_74&product_type=1&action=insert_product&', '127.0.0.1', '0', '', 0x85525B6EC23010BC0ACA77A1840212FDA507E8012A594BB2846DFD08EB752042DCBD0E8FB638A07E7A66D633FB386435BB3214E25509820ACA12CBEC359B8CF3E9309F0C27B3EC2933E005591551503926F48A3A4D647E8BC9172E5851D2D618B9F14352ADD99954513315A8BCE3E893725E40828F687EF3E7296D03A461A5F19CC6800D6B282430722FA3221FAD3109D7A105687D3750A956AD0211A655905E57027B5568F017A77E7904678BD162D16FB462E77D5AD3104B00DDCF077A07ED39BCF21BAA6BB2555ABC9556ADDCFEC1B0B601AC5094382EE3220DD9FF14B0EF39DC2A822579EC63687F3AA3BB6C723AC695A813AC666CC885385A03D565BB64AA7849DD7968E00A3F9E4F58A455ACC79FFDB80679C7747ADFD89FB5DD8D406AB743AA369280DD359E9B4D4761C1C4DF0FF1FBD76CB941E676B07422CE0E96601BF08377A7BF60F0E6E2848E7F6F167DC1540B397B2DBFE103EBBBF8750897BEF3F17C3E7D197DD65576FC06);
INSERT INTO `admin_activity_log` VALUES ('281', '2014-12-25 01:11:57', '1', 'categories.php', 'cPath=65_70_74&pID=191&', '127.0.0.1', '0', '', '');
INSERT INTO `admin_activity_log` VALUES ('282', '2014-12-25 01:31:01', '0', 'login.php ', 'camefrom=products_price_manager.php&products_filter=184&current_category_id=74&', '127.0.0.1', '0', '', '');
INSERT INTO `admin_activity_log` VALUES ('283', '2014-12-25 01:31:07', '0', 'login.php admin', 'camefrom=products_price_manager.php&products_filter=184&current_category_id=74&', '127.0.0.1', '0', '', 0xAB564A4CC9CDCC8BCF4BCC4D55B2827094749412934B32F3F3800229F91686A66696C996694616962926162686C9894626966916C66669A9E6A6A626864AB500);
INSERT INTO `admin_activity_log` VALUES ('284', '2014-12-25 01:31:07', '1', 'products_price_manager.php', 'products_filter=184&current_category_id=74&', '127.0.0.1', '0', '', '');
INSERT INTO `admin_activity_log` VALUES ('285', '2014-12-25 01:31:13', '1', 'products_price_manager.php', 'action=edit&products_filter=184&current_category_id=74&', '127.0.0.1', '0', '', '');
INSERT INTO `admin_activity_log` VALUES ('286', '2014-12-25 01:31:13', '1', 'products_price_manager.php', 'action=edit_update&products_filter=184&current_category_id=74&', '127.0.0.1', '0', '', '');
INSERT INTO `admin_activity_log` VALUES ('287', '2014-12-25 01:31:36', '1', 'specials.php', 'add_products_id=184&action=new&sID=&go_back=ON&current_category_id=74&', '127.0.0.1', '0', '', '');
INSERT INTO `admin_activity_log` VALUES ('288', '2014-12-25 01:31:54', '1', 'specials.php', 'add_products_id=184&go_back=ON&current_category_id=74&action=insert&', '127.0.0.1', '0', '', 0xAB562A28CA4F294D2E298ECF4C51B25232B43051D2418815146526A702858162C505A9C99989390831234B3D4B4B0CC529F14995F1892525459949A52550ADA505298925A9F1A836818C2C492C2A813053F3C062B500);
INSERT INTO `admin_activity_log` VALUES ('289', '2014-12-25 01:31:54', '1', 'products_price_manager.php', 'products_filter=184&current_category_id=74&', '127.0.0.1', '0', '', '');
INSERT INTO `admin_activity_log` VALUES ('290', '2014-12-25 01:32:14', '1', 'products_price_manager.php', 'action=edit&products_filter=184&current_category_id=74&', '127.0.0.1', '0', '', '');
INSERT INTO `admin_activity_log` VALUES ('291', '2014-12-25 01:32:14', '1', 'products_price_manager.php', 'action=edit_update&products_filter=184&current_category_id=74&', '127.0.0.1', '0', '', '');
INSERT INTO `admin_activity_log` VALUES ('292', '2014-12-25 01:33:07', '1', 'products_price_manager.php', 'products_filter=184&current_category_id=74&action=update&', '127.0.0.1', '0', '', 0x8591518EC2300C44EF92EFD58A458BA05CC632894196D2B4D88E5484B83BA9684BBA5A89DF379EB133B9BB5EBA90BD29707047F773F8755F4E7BF28C7162BB6D416742CB42E1850A08ACBECBA91823ABBD588B6A24E0D1E8D209D314B01F33973D8603F8883A899B5AEB853D157868BE9BE62D801ACAB463992DCCB28E37D7F49A3119DB0D3A09E59496D387899CD83EA6E0F0F7D265A2E581C2DA0FAC7016A2B567A41E63FCF7CD014E374033E153B6D9B87CC35CCB76AC655349753133A214D6A02AEAF104);
INSERT INTO `admin_activity_log` VALUES ('293', '2014-12-25 01:33:07', '1', 'products_price_manager.php', 'products_filter=184&current_category_id=74&', '127.0.0.1', '0', '', '');
INSERT INTO `admin_activity_log` VALUES ('294', '2014-12-25 01:33:10', '1', 'products_price_manager.php', 'action=edit&products_filter=184&current_category_id=74&', '127.0.0.1', '0', '', '');
INSERT INTO `admin_activity_log` VALUES ('295', '2014-12-25 01:33:10', '1', 'products_price_manager.php', 'action=edit_update&products_filter=184&current_category_id=74&', '127.0.0.1', '0', '', '');
INSERT INTO `admin_activity_log` VALUES ('296', '2014-12-25 01:39:16', '1', 'specials.php', '', '127.0.0.1', '0', '', '');
INSERT INTO `admin_activity_log` VALUES ('297', '2014-12-25 01:39:19', '1', 'specials.php', 'action=new&', '127.0.0.1', '0', '', '');
INSERT INTO `admin_activity_log` VALUES ('298', '2014-12-25 01:39:30', '1', 'specials.php', 'action=insert&go_back=&', '127.0.0.1', '0', '', 0xAB562A28CA4F294D2E298ECF4C51B25232B43050D2418815146526A702858162C505A9C999893908314B3D4B4B0CB529F14995F1892525459949A525509DA505298925A9F1A816814C2C492C2A813053F3C062B500);
INSERT INTO `admin_activity_log` VALUES ('299', '2014-12-25 01:39:30', '1', 'specials.php', 'sID=53&', '127.0.0.1', '0', '', '');
INSERT INTO `admin_activity_log` VALUES ('300', '2014-12-25 01:43:49', '1', 'categories.php', '', '127.0.0.1', '0', '', '');
INSERT INTO `admin_activity_log` VALUES ('301', '2014-12-25 01:43:51', '1', 'categories.php', 'cPath=65&', '127.0.0.1', '0', '', '');
INSERT INTO `admin_activity_log` VALUES ('302', '2014-12-25 01:46:06', '1', 'categories.php', 'cPath=65_71&', '127.0.0.1', '0', '', '');
INSERT INTO `admin_activity_log` VALUES ('303', '2014-12-25 01:46:08', '1', 'categories.php', 'cPath=65&cID=71&', '127.0.0.1', '0', '', '');
INSERT INTO `admin_activity_log` VALUES ('304', '2014-12-25 01:46:10', '1', 'categories.php', 'cPath=65_70&', '127.0.0.1', '0', '', '');
INSERT INTO `admin_activity_log` VALUES ('305', '2014-12-25 01:46:19', '1', 'categories.php', 'cPath=65_70_75&', '127.0.0.1', '0', '', '');
INSERT INTO `admin_activity_log` VALUES ('306', '2014-12-25 01:47:04', '1', 'categories.php', 'cPath=65_70&cID=75&', '127.0.0.1', '0', '', '');
INSERT INTO `admin_activity_log` VALUES ('307', '2014-12-25 01:47:06', '1', 'categories.php', 'cPath=65&cID=70&', '127.0.0.1', '0', '', '');
INSERT INTO `admin_activity_log` VALUES ('308', '2014-12-25 01:47:07', '1', 'categories.php', 'cPath=65_71&', '127.0.0.1', '0', '', '');
INSERT INTO `admin_activity_log` VALUES ('309', '2014-12-25 01:47:10', '1', 'categories.php', 'cPath=65&cID=71&', '127.0.0.1', '0', '', '');
INSERT INTO `admin_activity_log` VALUES ('310', '2014-12-25 01:47:12', '1', 'categories.php', 'cPath=65_70&', '127.0.0.1', '0', '', '');
INSERT INTO `admin_activity_log` VALUES ('311', '2014-12-25 01:47:13', '1', 'categories.php', 'cPath=65_70_75&', '127.0.0.1', '0', '', '');
INSERT INTO `admin_activity_log` VALUES ('312', '2014-12-25 01:47:15', '1', 'categories.php', 'x=31&y=12&product_type=1&cPath=65_70_75&action=new_product&', '127.0.0.1', '0', '', '');
INSERT INTO `admin_activity_log` VALUES ('313', '2014-12-25 01:47:15', '1', 'product.php', 'x=31&y=12&product_type=1&cPath=65_70_75&action=new_product&', '127.0.0.1', '0', '', '');
INSERT INTO `admin_activity_log` VALUES ('314', '2014-12-25 01:47:56', '1', 'product.php', 'cPath=65_70_75&product_type=1&action=new_product_preview&', '127.0.0.1', '0', '', 0x8553CB4EC3400CFC952A670A7DC0A13DD22B487C40A595BB31C1621FA9D79B3442FC3B9B844793B4E218CF8C3D6B4F3EB2927D1EB5049583A0823CC73CDB66ABC5F27EBE5CCD570FD94D662108B2D2895078260C8A5A4E42FEC414B48F4E943425266C711554AFECED9851326954C1739A33C68280C490AACB41CFCE6D0564E060B07763C1C557D01219F982470736113F529F6DF68C02C6909E3D1AD0EFFBBB9D2F4BE4D9CE8B78377FF1A6993D41EDB2CF5FBDA290ACE3E8716D55A74E171F94AB43A34084E91065B2158193D206C2B7D3A9BC7DF2E676B3992EAA601FC25853114B0433F507A686A637AFC21B9525B9622C3E4AA30EFE7465D9C7084E28513CE7290896DC7F0C384D260C19D1915C9F63E9D4C57078720C9AA914F2EEE78C67F7F953A7FA7AB55C9F4BADCFD1F4F5E136B1221FD3052C14DF21225BA4C0B62934C005EEEFBA5A82D37C83BF67F41572CDD47D0F7AF6DC368ADD2DCEA1C8E6A2F11AA9789311B9FD19FA5D75133FBF00);
INSERT INTO `admin_activity_log` VALUES ('315', '2014-12-25 01:47:57', '1', 'product.php', 'cPath=65_70_75&product_type=1&action=insert_product&', '127.0.0.1', '0', '', 0x8552CB4EC3400CFC952A670A7D005239D22B487C00D2CADD9860D8175E6FDB08F1EF6C92024DD28AE3CE8CEDB1773E8BC0BE4C5AA22A415041596259DC158BD9FC7A3A5F4C1737C54561210AB2D2595079268C8A1A4D66FE8A296A9F9C28A903666E7696542FECED50119834AAE839CF1972514052CCE8BCD7B375BB0532B031D8B9B1E0D20B68498C3CF2A828E6D13830D7A01A8C3969A8549B5A8108D326C9682B81BDD206E261D2B8BCB1BCBA5CADC68B56EC631CD66C89258119FB03B383BA33AFE22B8540AE1A167F48AD367E7FE6581F099C5096782EF3475A72FF29603F9AD0572447727E8EA57D1BA3936CC6978BF9F298B2BE44D3E1FD6BE1967CCA17B6501D3E996C9503D5A4C40057F87CD5629956B905FE7E93DF22EF98DA77AF67A76DA2D2DEFA98DA2155AF32009B50763B0F2FE2C0E6EE9FB9FD5DF1889253447A726F40BF3F5FAD7D08C893B517F16EFAE44D3D79809D2BBE8E238C51330521EF7EDAF4F8C4E624FE738CC3FECBD9CDEAF6FAF22D54C5D737);
INSERT INTO `admin_activity_log` VALUES ('316', '2014-12-25 01:47:58', '1', 'categories.php', 'cPath=65_70_75&pID=192&', '127.0.0.1', '0', '', '');
INSERT INTO `admin_activity_log` VALUES ('317', '2014-12-25 01:48:10', '1', 'categories.php', 'x=69&y=18&product_type=1&cPath=65_70_75&action=new_product&', '127.0.0.1', '0', '', '');
INSERT INTO `admin_activity_log` VALUES ('318', '2014-12-25 01:48:10', '1', 'product.php', 'x=69&y=18&product_type=1&cPath=65_70_75&action=new_product&', '127.0.0.1', '0', '', '');
INSERT INTO `admin_activity_log` VALUES ('319', '2014-12-25 01:48:40', '1', 'product.php', 'cPath=65_70_75&product_type=1&action=new_product_preview&', '127.0.0.1', '0', '', 0x8553CB6EE3300CFC95C0E7A64DD2F4905E7BD8CB2EB0C05E171018897509E8E1525412A3E8BF97B6FBB29DA0479333E468387EA91A4EAE58C9C681A001E7D055F7D566B5DE2ED79BE5E6AEBAAA0264413656017562C26CA8C368E78B4CD9A612C548DBA0F656179BE6915398221A268B2627D63DD35E169092B5BA1ECDECD51E803CEC3D0E6A02C4F208560A239FD1182128F045E7DC577F50C07BB28B7F50E3FF9B5FC9BBC543124971F937F976F11B8EB17AFD241BCAAA1B272FEBAA56C79C7D8D33FBD68008D3BEC8CC128193B11EF2BBCC395D8B77BBEBDD6EEE52CD29E729E7402C05FC5C1FF823B48378939FA86928D653F2B3B4669F4E179C7E2E10851492D8690A02C59F10709A6D18234A24B9BC27D0A9CFE0F8DE982D532394E2C70DBFDDE78BDDF156A3DD2139EC8CD9DE6EB6B7633BF140A9E809828660080B855AE3DA65D00377C9E86BDA56011E3FEF980EC847A6FE7B2473C07641EC8FF1BD55D89F557E44AA9F6402EE7E85C1AC7EE3EB1B);
INSERT INTO `admin_activity_log` VALUES ('320', '2014-12-25 01:48:41', '1', 'product.php', 'cPath=65_70_75&product_type=1&action=insert_product&', '127.0.0.1', '0', '', 0x8552CB4E03310CFC956ACF14DA5290CA9503179090B822456E6216A33C16C769BB42FC3BC9B63C76B715C7CC8CEDB1331F55C3C1242D51191054600C9AEAA65ACCE6CBE97C315D5C5567958328C84A67411D98302A2A9ACCFC1653D4217951D23698B9D94952BD70704345C3A451C5C079CE908B02926246E7BD9E9DDB0D9085B5C5BD1B073EBD8096C4C8238F8A621E8D037305D560ED514346AD5B05224CEB24A3AD04764A5B888749E3F20C5EADCE57ABF1A235871887351B624960C7FEC06EA1DD9B57F1959A867C3D2C7E9756ADC3EEC4B1DE1378A12C096CF2473AF2FF2960379AD057244F727A8EA35D17A3A36CC167BDDE2E182C8B2F2F17CBCBFEB9704321E5133BA80FBF4CAECE892A31B1C0353E5F7458A6556E823FFF1436C85BA6EEDDB3B1D796AC74C7FE4B6D91EA5719802595FBA58727F1E072F78FDCFEA67A40C931223D7982E2E92E5833B90D22C14F1F836D27F7B0F5D5E7DF0063D44C8D50F0DF3D7A7C627B14FFBEC461F9E48B0BA3AE97EAFCADA9ABCF2F);
INSERT INTO `admin_activity_log` VALUES ('321', '2014-12-25 01:48:42', '1', 'categories.php', 'cPath=65_70_75&pID=193&', '127.0.0.1', '0', '', '');
INSERT INTO `admin_activity_log` VALUES ('322', '2014-12-25 01:48:49', '1', 'categories.php', 'x=56&y=14&product_type=1&cPath=65_70_75&action=new_product&', '127.0.0.1', '0', '', '');
INSERT INTO `admin_activity_log` VALUES ('323', '2014-12-25 01:48:49', '1', 'product.php', 'x=56&y=14&product_type=1&cPath=65_70_75&action=new_product&', '127.0.0.1', '0', '', '');
INSERT INTO `admin_activity_log` VALUES ('324', '2014-12-25 01:49:15', '1', 'product.php', 'cPath=65_70_75&product_type=1&action=new_product_preview&', '127.0.0.1', '0', '', 0x8553CB4EC3400CFC952A670A6D218772842B48485C9156EEC6048B7D04AFB76D84F8779C945792561C63CFD8B3E3C97BD170ACB295642A103450555815D7C56AB1BC9A2F57F355599C151E92201BAB803A326132D461B4F34BA664630E62A46D507B8B934DF3CCD18F110D93459322EB9E712F09484E5A5D0E66F66AB7400E360E0F6A3C84FC0C5632231FD118C02BF05DE75C17F728E01CD9D98D03FBFA74F1486E8B3CBB8D2231CC1FA26B6777B00BC5C70FDF5052E9387A5C57B53AE9E8832AB3690D88306DB24C5C11D81BEB207D299DD2B558AECFD7EBA95135C794C69C2DB16470537DE076D01EC49BF4424D43A11E93DFA4359BB83F61F65B8620A490C89506C153F80F01FBC98621220792D37B3CEDFB180E4F8EC9323542317C9FF1CF7D7ED91D6F31D8ED63859D31E5D565590EEDC42DC5AC27F0507FA5887CAD89ED62E8806B7CBAE86BDA56010E7FEE18352F3BA6FE7B20F380EDB2D81FE36F2BB33BAA7C8754BFC808DCFD0D07B3FA8D1F9F);
INSERT INTO `admin_activity_log` VALUES ('325', '2014-12-25 01:49:17', '1', 'product.php', 'cPath=65_70_75&product_type=1&action=insert_product&', '127.0.0.1', '0', '', 0x8552CB6EDB400CFC1543E738919DA880736CAF2D50A0D7000B7AC5286CF7A170B9B68520FF5E4A761E926CE4B8334372C89D97A2E558672BC9D42068A0AEB12EEE8B75B9BA5BAED6CB75555C151E92201BAB8226326132D46B94F928A664630E62A46B51B9F222691E39FAA9A265B26852649D33E59280E4A4E86AD47370BB0372B0757874E321E447B0921979E6D150D2D13831D7A3169C3B6BA836DBCE8008D336CB6C2B8183B10ED269D2BC5CC16A73BDD9CC176D38A634ADD9114B0637F7076E0FDDD1BC494FD4B6149A69F1B374661B0F178EF59C2108A92472AD1FE9297CA580C36CC2589103C9E5399E0E438CCEB23D5E8E7AFB5863BF7875775B55E373E18E62D6137B684EBF4CBED144F53171C00D3EDC0C98D2469BE0FB3FC51DF29E69788F6C1CB57D5686637FA6F648CD934CC03E95C7A5A72709E0B5FB8BB6BF2F7EA1688CC82EBE3BB0FF1E6EFE9053038B1F512486E5EFE8BAC54FD887E2F573863159A6562886B736233EB33B8BBF1DE3B4FF6DF9AD2C37D77FDBA678FD0F);
INSERT INTO `admin_activity_log` VALUES ('326', '2014-12-25 01:49:17', '1', 'categories.php', 'cPath=65_70_75&pID=194&', '127.0.0.1', '0', '', '');
INSERT INTO `admin_activity_log` VALUES ('327', '2014-12-25 01:50:07', '1', 'categories.php', 'cPath=65_70&cID=75&', '127.0.0.1', '0', '', '');
INSERT INTO `admin_activity_log` VALUES ('328', '2014-12-25 01:50:09', '1', 'categories.php', 'cPath=65&cID=70&', '127.0.0.1', '0', '', '');
INSERT INTO `admin_activity_log` VALUES ('329', '2014-12-25 01:50:10', '1', 'categories.php', 'cPath=65_71&', '127.0.0.1', '0', '', '');
INSERT INTO `admin_activity_log` VALUES ('330', '2014-12-25 01:50:12', '1', 'categories.php', 'cPath=65_71_79&', '127.0.0.1', '0', '', '');
INSERT INTO `admin_activity_log` VALUES ('331', '2014-12-25 01:50:14', '1', 'categories.php', 'x=40&y=6&product_type=1&cPath=65_71_79&action=new_product&', '127.0.0.1', '0', '', '');
INSERT INTO `admin_activity_log` VALUES ('332', '2014-12-25 01:50:14', '1', 'product.php', 'x=40&y=6&product_type=1&cPath=65_71_79&action=new_product&', '127.0.0.1', '0', '', '');
INSERT INTO `admin_activity_log` VALUES ('333', '2014-12-25 01:50:44', '1', 'product.php', 'cPath=65_71_79&product_type=1&action=new_product_preview&', '127.0.0.1', '0', '', 0x8553CB6EC2400CFC9528E7D202A287F658AEBDF55A6965B26EB0BA8FE0F5F210E2DFEB843E48026A6E6BCFECCC7A9C63D970B4B992642C081AB0166DF95CCEA7B3C564369FCC1FCBBBD24312645329A08E4C980CB518EDFC9129553107317268507BD39B4DF3C1D10F110D53852645569D612F09484E5A9DF5EEECDC6E811CAC1C9EDD7808F9032AC98C7CC56300AFC0A3DEF35CBE928F35162F2E63F146EEB358323658582C966B0A5A8B4EF9A75FB6A1A4C671F0B4B65A8173579F63CDEA604084699565341381BDA91CA46F9F637A1BC2E2FEE9693CA69A634A43CE965832B8B13F703B389CCD9BB4A6A6A1500FC91B399855DCDF18F5264310524864AB6BE029FC8780FD48A18FC881E4B68EA77DB784FDC031554C8D500C3F215EE4F3C76E79D39EB68F16DBC1CCF5EB4F13B714B326E0A1FE5E21F2B5AE6BBB830EB8C6F787AEA66DD577F81B63DC22EF98BA73CFE519DB2E6297C5652BB3BB6A7C8754AF65006E7F85F3AC3AC5D317);
INSERT INTO `admin_activity_log` VALUES ('334', '2014-12-25 01:50:46', '1', 'product.php', 'cPath=65_71_79&product_type=1&action=insert_product&', '127.0.0.1', '0', '', 0x8552CB6EDB400CFC1541E7C4B5DD0470726CAEBDF55A60416B9935D37DC85CAE1F08F2EFA564E721C946741367480E67E7B56E39D9D2483616040D588BB67EAC97F3C5DDED6279BBBCAF6FEA0059904DA3049798301BEA388A7C36536E528962E4D8A262F3ABA079E614C68C96A9419313EB9E319605A464AD2E06337BB53B200F6B8F273501627986460A234F341ACABA1A47E2BA6A03DE5F1464CDFA684084695D647295C0C1341EF279D3B4BDB3F16EF6F0303DD471CA79DCB32396027EAA0FFC1E8E27F1266FA86D29BA71F3568E669D0E57CCDA1688424A496CF52103C5EF1870986C18324A24B9BE27D0A18FD145B4ABCF07B343B2D81DBED46FE816EE28157538803B3F3205A781EA52E2811DFEFDD1D714363A033F9E29ED90F74CFDFF40C589DB45A5F7FA2BB447721B1915BB509E6E1E3B1221E8F4571DFF58FFA6901C56BF7CC1EA0FF97FD513638B95C5EA6943516BC96B4ADEBE061873C3D40AA5F83E648017F617EBEF569CAFFF39BF5FAD56B397D6D56FFF01);
INSERT INTO `admin_activity_log` VALUES ('335', '2014-12-25 01:50:46', '1', 'categories.php', 'cPath=65_71_79&pID=195&', '127.0.0.1', '0', '', '');
INSERT INTO `admin_activity_log` VALUES ('336', '2014-12-25 01:50:54', '1', 'categories.php', 'x=57&y=14&product_type=1&cPath=65_71_79&action=new_product&', '127.0.0.1', '0', '', '');
INSERT INTO `admin_activity_log` VALUES ('337', '2014-12-25 01:50:55', '1', 'product.php', 'x=57&y=14&product_type=1&cPath=65_71_79&action=new_product&', '127.0.0.1', '0', '', '');
INSERT INTO `admin_activity_log` VALUES ('338', '2014-12-25 01:51:19', '1', 'product.php', 'cPath=65_71_79&product_type=1&action=new_product_preview&', '127.0.0.1', '0', '', 0x8553CB4EC33010FC9528670A7D21518E943FE815C9DADA4BBAC28F74BDEE43887FC749A125492B8EDE99F18E77D69F65CDC1242D51191054600C9AF2B99C8E27F3D1643A9A3E9677A58328C84A67421598302A6A3819B98829EA90BC2839D698B1F14D50BD73707D46CDA451C5C0B94F1F8B029262AE4E3A77B66E774016D6164F6E1CF8F40E5A12235FF1E8C165E267BEE7B97CB1A03F8A55B0648A15D98F62C95863F18AC572431ECBAFB34E51CC96B1F7A8A6AAC1DAAB0F316A7D5420C2B44E329886C041690BF1C7E1509E8B4F8BFBC56238A08A438C7DCD8E5812D8A13FB07B389ECCABB8A1BA265FF5C55B39AA7538DC18F2368117CA94C0262F8023FF1F030E830E5D46F224B7FB383AB4EBD78D1AA366AA8582FF8DEF4F3E1775A31B777ABB60B019CC6C369FCDBBE3C41D8594237050FD6C0FB92A6F6AB37E16B8C2B787B696E16CC0E239C7B043DE33B5E78ECD13B7D9C1368CBF50627BD5F91EA9DA488FDCFC82D3B0DA8E5FDF);
INSERT INTO `admin_activity_log` VALUES ('339', '2014-12-25 01:51:21', '1', 'product.php', 'cPath=65_71_79&product_type=1&action=insert_product&', '127.0.0.1', '0', '', 0x8552D94EC3400CFC9528CFB4A40712E511F8035E9156EEAE490D7B04AFB78710FFCE262D4792563CEECCD81ECFFAA36C3898A4252A03820A8C4153DE95F36AB69CCCE693F94D79553A8882AC7416D48109A3A2569399DF628A3A242F4A0E0D66AEBA48AA170E6EA8689834AA1838CF1972514052CCE8ACD7B373BB05B2B0B67874E3C0A717D0921879E45151CCA37160AE4535587BD69051EB830211A67592D156027BA52DC4D3A47179066F57D3D56ABC68CD21C661CD965812D8B13FB03B381CCDABB8A1A6215F0F8BDFE5A0D6617F21ACF7045E284B029BFC918EFC7F0AD88F26F415C9935C9EE368DF9DD159B6C5AB5E6F170CB68B2F16CBC5B21F176E29A41CB183FAF4CBE4EA7C51ED9958E01A9FAF3B2CD32A37C19F7F0A5BE41D53F7EED9386ADB5BE9C2FE4BED90EA8D0CC0F62A8F4B0F23F1E072F78FDCFEAEBCB7A0DF8AA760C9144F64DF8A07C6068B472C1E36E4B1FCFC7BBB1835532314FC77798F4F6CCFE2DF219CF65E5437B7AB6AFADAD4E5E717);
INSERT INTO `admin_activity_log` VALUES ('340', '2014-12-25 01:51:21', '1', 'categories.php', 'cPath=65_71_79&pID=196&', '127.0.0.1', '0', '', '');
INSERT INTO `admin_activity_log` VALUES ('341', '2014-12-25 01:51:40', '1', 'categories.php', 'cPath=65_71&cID=79&', '127.0.0.1', '0', '', '');
INSERT INTO `admin_activity_log` VALUES ('342', '2014-12-25 01:51:44', '1', 'categories.php', 'cPath=65_71_80&', '127.0.0.1', '0', '', '');
INSERT INTO `admin_activity_log` VALUES ('343', '2014-12-25 01:51:46', '1', 'categories.php', 'x=44&y=18&product_type=1&cPath=65_71_80&action=new_product&', '127.0.0.1', '0', '', '');
INSERT INTO `admin_activity_log` VALUES ('344', '2014-12-25 01:51:46', '1', 'product.php', 'x=44&y=18&product_type=1&cPath=65_71_80&action=new_product&', '127.0.0.1', '0', '', '');
INSERT INTO `admin_activity_log` VALUES ('345', '2014-12-25 01:54:15', '1', 'categories.php', '', '127.0.0.1', '0', '', '');
INSERT INTO `admin_activity_log` VALUES ('346', '2014-12-25 01:54:23', '1', 'categories.php', 'cPath=66&', '127.0.0.1', '0', '', '');
INSERT INTO `admin_activity_log` VALUES ('347', '2014-12-25 01:58:44', '1', 'categories.php', 'cID=66&', '127.0.0.1', '0', '', '');
INSERT INTO `admin_activity_log` VALUES ('348', '2014-12-25 01:58:47', '1', 'categories.php', 'cPath=65&', '127.0.0.1', '0', '', '');
INSERT INTO `admin_activity_log` VALUES ('349', '2014-12-25 01:58:49', '1', 'categories.php', 'cPath=65_70&', '127.0.0.1', '0', '', '');
INSERT INTO `admin_activity_log` VALUES ('350', '2014-12-25 09:58:47', '0', 'login.php ', 'camefrom=index.php&', '127.0.0.1', '0', '', '');
INSERT INTO `admin_activity_log` VALUES ('351', '2014-12-25 09:58:52', '0', 'login.php admin', 'camefrom=index.php&', '127.0.0.1', '0', '', 0xAB564A4CC9CDCC8BCF4BCC4D55B2827094749412934B32F3F3800229F996664949292649A6A646A64686896989296626868926A696C9868669292696494AB500);
INSERT INTO `admin_activity_log` VALUES ('352', '2014-12-25 09:58:59', '1', 'zones.php', '', '127.0.0.1', '0', '', '');
INSERT INTO `admin_activity_log` VALUES ('353', '2014-12-25 10:02:05', '1', 'categories.php', '', '127.0.0.1', '0', '', '');
INSERT INTO `admin_activity_log` VALUES ('354', '2014-12-25 10:02:08', '1', 'option_name.php', '', '127.0.0.1', '0', '', '');
INSERT INTO `admin_activity_log` VALUES ('355', '2014-12-25 10:02:08', '1', 'options_name_manager.php', '', '127.0.0.1', '0', '', '');
INSERT INTO `admin_activity_log` VALUES ('356', '2014-12-25 10:02:14', '1', 'categories.php', '', '127.0.0.1', '0', '', '');
INSERT INTO `admin_activity_log` VALUES ('357', '2014-12-25 10:02:21', '1', 'options_values_manager.php', '', '127.0.0.1', '0', '', '');
INSERT INTO `admin_activity_log` VALUES ('358', '2014-12-25 10:02:21', '1', 'options_name_manager.php', '', '127.0.0.1', '0', '', '');
INSERT INTO `admin_activity_log` VALUES ('359', '2014-12-25 10:02:22', '1', 'categories.php', '', '127.0.0.1', '0', '', '');
INSERT INTO `admin_activity_log` VALUES ('360', '2014-12-25 10:06:42', '1', 'options_name_manager.php', '', '127.0.0.1', '0', '', '');
INSERT INTO `admin_activity_log` VALUES ('361', '2014-12-25 10:06:50', '1', 'attributes_controller.php', '', '127.0.0.1', '0', '', '');
INSERT INTO `admin_activity_log` VALUES ('362', '2014-12-25 10:06:58', '1', 'attributes_controller.php', '', '127.0.0.1', '0', '', '');
INSERT INTO `admin_activity_log` VALUES ('363', '2014-12-25 10:07:05', '1', 'attributes_controller.php', '', '127.0.0.1', '0', '', '');
INSERT INTO `admin_activity_log` VALUES ('364', '2014-12-25 10:07:06', '1', 'options_name_manager.php', '', '127.0.0.1', '0', '', '');
INSERT INTO `admin_activity_log` VALUES ('365', '2014-12-25 10:07:10', '1', 'options_name_manager.php', 'action=delete_product_option&option_id=10&option_page=1&option_order_by=products_options_id&', '127.0.0.1', '0', '', '');
INSERT INTO `admin_activity_log` VALUES ('366', '2014-12-25 10:07:27', '1', 'options_name_manager.php', 'action=delete_option&option_id=10&option_page=1&option_order_by=products_options_id&', '127.0.0.1', '0', '', '');
INSERT INTO `admin_activity_log` VALUES ('367', '2014-12-25 10:07:27', '1', 'options_name_manager.php', 'action=delete_option&option_id=10&option_page=1&option_order_by=products_options_id&', '127.0.0.1', '0', '', '');
INSERT INTO `admin_activity_log` VALUES ('368', '2014-12-25 10:07:27', '1', 'options_name_manager.php', 'option_page=1&option_order_by=products_options_id&', '127.0.0.1', '0', '', '');
INSERT INTO `admin_activity_log` VALUES ('369', '2014-12-25 10:07:29', '1', 'options_name_manager.php', 'action=delete_product_option&option_id=11&option_page=1&option_order_by=products_options_id&', '127.0.0.1', '0', '', '');
INSERT INTO `admin_activity_log` VALUES ('370', '2014-12-25 10:07:31', '1', 'options_name_manager.php', 'action=delete_option&option_id=11&option_page=1&option_order_by=products_options_id&', '127.0.0.1', '0', '', '');
INSERT INTO `admin_activity_log` VALUES ('371', '2014-12-25 10:07:31', '1', 'options_name_manager.php', 'option_page=1&option_order_by=products_options_id&', '127.0.0.1', '0', '', '');
INSERT INTO `admin_activity_log` VALUES ('372', '2014-12-25 10:07:34', '1', 'options_name_manager.php', 'action=delete_product_option&option_id=12&option_page=1&option_order_by=products_options_id&', '127.0.0.1', '0', '', '');
INSERT INTO `admin_activity_log` VALUES ('373', '2014-12-25 10:07:35', '1', 'options_name_manager.php', 'action=delete_option&option_id=12&option_page=1&option_order_by=products_options_id&', '127.0.0.1', '0', '', '');
INSERT INTO `admin_activity_log` VALUES ('374', '2014-12-25 10:07:36', '1', 'options_name_manager.php', 'option_page=1&option_order_by=products_options_id&', '127.0.0.1', '0', '', '');
INSERT INTO `admin_activity_log` VALUES ('375', '2014-12-25 10:07:40', '1', 'options_name_manager.php', 'option_page=2&option_order_by=products_options_id&', '127.0.0.1', '0', '', '');
INSERT INTO `admin_activity_log` VALUES ('376', '2014-12-25 10:07:54', '1', 'options_name_manager.php', 'option_page=1&option_order_by=products_options_id&', '127.0.0.1', '0', '', '');
INSERT INTO `admin_activity_log` VALUES ('377', '2014-12-25 10:08:01', '1', 'options_name_manager.php', 'action=delete_product_option&option_id=9&option_page=1&option_order_by=products_options_id&', '127.0.0.1', '0', '', '');
INSERT INTO `admin_activity_log` VALUES ('378', '2014-12-25 10:08:02', '1', 'options_name_manager.php', 'action=delete_option&option_id=9&option_page=1&option_order_by=products_options_id&', '127.0.0.1', '0', '', '');
INSERT INTO `admin_activity_log` VALUES ('379', '2014-12-25 10:08:02', '1', 'options_name_manager.php', 'action=delete_option&option_id=9&option_page=1&option_order_by=products_options_id&', '127.0.0.1', '0', '', '');
INSERT INTO `admin_activity_log` VALUES ('380', '2014-12-25 10:08:03', '1', 'options_name_manager.php', 'option_page=1&option_order_by=products_options_id&', '127.0.0.1', '0', '', '');
INSERT INTO `admin_activity_log` VALUES ('381', '2014-12-25 10:08:07', '1', 'options_name_manager.php', 'action=delete_product_option&option_id=8&option_page=1&option_order_by=products_options_id&', '127.0.0.1', '0', '', '');
INSERT INTO `admin_activity_log` VALUES ('382', '2014-12-25 10:08:09', '1', 'options_name_manager.php', 'action=delete_option&option_id=8&option_page=1&option_order_by=products_options_id&', '127.0.0.1', '0', '', '');
INSERT INTO `admin_activity_log` VALUES ('383', '2014-12-25 10:08:09', '1', 'options_name_manager.php', 'option_page=1&option_order_by=products_options_id&', '127.0.0.1', '0', '', '');
INSERT INTO `admin_activity_log` VALUES ('384', '2014-12-25 10:08:15', '1', 'options_name_manager.php', 'action=delete_product_option&option_id=4&option_page=1&option_order_by=products_options_id&', '127.0.0.1', '0', '', '');
INSERT INTO `admin_activity_log` VALUES ('385', '2014-12-25 10:08:16', '1', 'options_name_manager.php', 'action=delete_option&option_id=4&option_page=1&option_order_by=products_options_id&', '127.0.0.1', '0', '', '');
INSERT INTO `admin_activity_log` VALUES ('386', '2014-12-25 10:08:17', '1', 'options_name_manager.php', 'option_page=1&option_order_by=products_options_id&', '127.0.0.1', '0', '', '');
INSERT INTO `admin_activity_log` VALUES ('387', '2014-12-25 10:08:21', '1', 'options_name_manager.php', 'action=delete_product_option&option_id=5&option_page=1&option_order_by=products_options_id&', '127.0.0.1', '0', '', '');
INSERT INTO `admin_activity_log` VALUES ('388', '2014-12-25 10:08:22', '1', 'options_name_manager.php', 'action=delete_option&option_id=5&option_page=1&option_order_by=products_options_id&', '127.0.0.1', '0', '', '');
INSERT INTO `admin_activity_log` VALUES ('389', '2014-12-25 10:08:22', '1', 'options_name_manager.php', 'option_page=1&option_order_by=products_options_id&', '127.0.0.1', '0', '', '');
INSERT INTO `admin_activity_log` VALUES ('390', '2014-12-25 10:08:31', '1', 'options_name_manager.php', 'action=delete_product_option&option_id=7&option_page=1&option_order_by=products_options_id&', '127.0.0.1', '0', '', '');
INSERT INTO `admin_activity_log` VALUES ('391', '2014-12-25 10:08:33', '1', 'options_name_manager.php', 'action=delete_option&option_id=7&option_page=1&option_order_by=products_options_id&', '127.0.0.1', '0', '', '');
INSERT INTO `admin_activity_log` VALUES ('392', '2014-12-25 10:08:33', '1', 'options_name_manager.php', 'option_page=1&option_order_by=products_options_id&', '127.0.0.1', '0', '', '');
INSERT INTO `admin_activity_log` VALUES ('393', '2014-12-25 10:08:35', '1', 'options_name_manager.php', 'action=delete_product_option&option_id=13&option_page=1&option_order_by=products_options_id&', '127.0.0.1', '0', '', '');
INSERT INTO `admin_activity_log` VALUES ('394', '2014-12-25 10:08:36', '1', 'options_name_manager.php', 'option_page=1&option_order_by=products_options_id&', '127.0.0.1', '0', '', '');
INSERT INTO `admin_activity_log` VALUES ('395', '2014-12-25 10:08:39', '1', 'options_name_manager.php', 'action=delete_product_option&option_id=6&option_page=1&option_order_by=products_options_id&', '127.0.0.1', '0', '', '');
INSERT INTO `admin_activity_log` VALUES ('396', '2014-12-25 10:08:40', '1', 'options_name_manager.php', 'action=delete_option&option_id=6&option_page=1&option_order_by=products_options_id&', '127.0.0.1', '0', '', '');
INSERT INTO `admin_activity_log` VALUES ('397', '2014-12-25 10:08:40', '1', 'options_name_manager.php', 'option_page=1&option_order_by=products_options_id&', '127.0.0.1', '0', '', '');
INSERT INTO `admin_activity_log` VALUES ('398', '2014-12-25 10:08:50', '1', 'options_name_manager.php', 'action=delete_product_option&option_id=18&option_page=1&option_order_by=products_options_id&', '127.0.0.1', '0', '', '');
INSERT INTO `admin_activity_log` VALUES ('399', '2014-12-25 10:08:52', '1', 'options_name_manager.php', 'action=delete_option&option_id=18&option_page=1&option_order_by=products_options_id&', '127.0.0.1', '0', '', '');
INSERT INTO `admin_activity_log` VALUES ('400', '2014-12-25 10:08:52', '1', 'options_name_manager.php', 'action=delete_option&option_id=18&option_page=1&option_order_by=products_options_id&', '127.0.0.1', '0', '', '');
INSERT INTO `admin_activity_log` VALUES ('401', '2014-12-25 10:08:52', '1', 'options_name_manager.php', 'option_page=1&option_order_by=products_options_id&', '127.0.0.1', '0', '', '');
INSERT INTO `admin_activity_log` VALUES ('402', '2014-12-25 10:08:56', '1', 'options_name_manager.php', 'action=delete_product_option&option_id=15&option_page=1&option_order_by=products_options_id&', '127.0.0.1', '0', '', '');
INSERT INTO `admin_activity_log` VALUES ('403', '2014-12-25 10:08:57', '1', 'options_name_manager.php', 'action=delete_option&option_id=15&option_page=1&option_order_by=products_options_id&', '127.0.0.1', '0', '', '');
INSERT INTO `admin_activity_log` VALUES ('404', '2014-12-25 10:08:58', '1', 'options_name_manager.php', 'option_page=1&option_order_by=products_options_id&', '127.0.0.1', '0', '', '');
INSERT INTO `admin_activity_log` VALUES ('405', '2014-12-25 10:09:00', '1', 'options_name_manager.php', 'action=delete_product_option&option_id=19&option_page=1&option_order_by=products_options_id&', '127.0.0.1', '0', '', '');
INSERT INTO `admin_activity_log` VALUES ('406', '2014-12-25 10:09:01', '1', 'options_name_manager.php', 'action=delete_option&option_id=19&option_page=1&option_order_by=products_options_id&', '127.0.0.1', '0', '', '');
INSERT INTO `admin_activity_log` VALUES ('407', '2014-12-25 10:09:01', '1', 'options_name_manager.php', 'option_page=1&option_order_by=products_options_id&', '127.0.0.1', '0', '', '');
INSERT INTO `admin_activity_log` VALUES ('408', '2014-12-25 10:09:03', '1', 'options_name_manager.php', 'action=delete_product_option&option_id=17&option_page=1&option_order_by=products_options_id&', '127.0.0.1', '0', '', '');
INSERT INTO `admin_activity_log` VALUES ('409', '2014-12-25 10:09:05', '1', 'options_name_manager.php', 'action=delete_option&option_id=17&option_page=1&option_order_by=products_options_id&', '127.0.0.1', '0', '', '');
INSERT INTO `admin_activity_log` VALUES ('410', '2014-12-25 10:09:05', '1', 'options_name_manager.php', 'option_page=1&option_order_by=products_options_id&', '127.0.0.1', '0', '', '');
INSERT INTO `admin_activity_log` VALUES ('411', '2014-12-25 10:09:06', '1', 'options_name_manager.php', 'action=delete_product_option&option_id=16&option_page=1&option_order_by=products_options_id&', '127.0.0.1', '0', '', '');
INSERT INTO `admin_activity_log` VALUES ('412', '2014-12-25 10:09:07', '1', 'options_name_manager.php', 'action=delete_option&option_id=16&option_page=1&option_order_by=products_options_id&', '127.0.0.1', '0', '', '');
INSERT INTO `admin_activity_log` VALUES ('413', '2014-12-25 10:09:08', '1', 'options_name_manager.php', 'option_page=1&option_order_by=products_options_id&', '127.0.0.1', '0', '', '');
INSERT INTO `admin_activity_log` VALUES ('414', '2014-12-25 10:09:09', '1', 'options_name_manager.php', 'action=delete_product_option&option_id=14&option_page=1&option_order_by=products_options_id&', '127.0.0.1', '0', '', '');
INSERT INTO `admin_activity_log` VALUES ('415', '2014-12-25 10:09:11', '1', 'options_name_manager.php', 'action=delete_option&option_id=14&option_page=1&option_order_by=products_options_id&', '127.0.0.1', '0', '', '');
INSERT INTO `admin_activity_log` VALUES ('416', '2014-12-25 10:09:11', '1', 'options_name_manager.php', 'option_page=1&option_order_by=products_options_id&', '127.0.0.1', '0', '', '');
INSERT INTO `admin_activity_log` VALUES ('417', '2014-12-25 10:09:14', '1', 'options_name_manager.php', 'action=delete_product_option&option_id=13&option_page=1&option_order_by=products_options_id&', '127.0.0.1', '0', '', '');
INSERT INTO `admin_activity_log` VALUES ('418', '2014-12-25 10:09:15', '1', 'options_name_manager.php', 'action=delete_option&option_id=13&option_page=1&option_order_by=products_options_id&', '127.0.0.1', '0', '', '');
INSERT INTO `admin_activity_log` VALUES ('419', '2014-12-25 10:09:15', '1', 'options_name_manager.php', 'option_page=1&option_order_by=products_options_id&', '127.0.0.1', '0', '', '');
INSERT INTO `admin_activity_log` VALUES ('420', '2014-12-25 10:09:16', '1', 'options_name_manager.php', 'action=delete_product_option&option_id=3&option_page=1&option_order_by=products_options_id&', '127.0.0.1', '0', '', '');
INSERT INTO `admin_activity_log` VALUES ('421', '2014-12-25 10:09:17', '1', 'options_name_manager.php', 'action=delete_option&option_id=3&option_page=1&option_order_by=products_options_id&', '127.0.0.1', '0', '', '');
INSERT INTO `admin_activity_log` VALUES ('422', '2014-12-25 10:09:17', '1', 'options_name_manager.php', 'option_page=1&option_order_by=products_options_id&', '127.0.0.1', '0', '', '');
INSERT INTO `admin_activity_log` VALUES ('423', '2014-12-25 10:09:18', '1', 'options_name_manager.php', 'action=delete_product_option&option_id=2&option_page=1&option_order_by=products_options_id&', '127.0.0.1', '0', '', '');
INSERT INTO `admin_activity_log` VALUES ('424', '2014-12-25 10:09:19', '1', 'options_name_manager.php', 'action=delete_option&option_id=2&option_page=1&option_order_by=products_options_id&', '127.0.0.1', '0', '', '');
INSERT INTO `admin_activity_log` VALUES ('425', '2014-12-25 10:09:19', '1', 'options_name_manager.php', 'option_page=1&option_order_by=products_options_id&', '127.0.0.1', '0', '', '');
INSERT INTO `admin_activity_log` VALUES ('426', '2014-12-25 10:09:21', '1', 'options_name_manager.php', 'action=update_option&option_id=1&option_order_by=products_options_id&option_page=1&', '127.0.0.1', '0', '', '');
INSERT INTO `admin_activity_log` VALUES ('427', '2014-12-25 10:09:50', '1', 'options_values_manager.php', '', '127.0.0.1', '0', '', '');
INSERT INTO `admin_activity_log` VALUES ('428', '2014-12-25 10:09:55', '1', 'options_values_manager.php', 'value_page=2&', '127.0.0.1', '0', '', '');
INSERT INTO `admin_activity_log` VALUES ('429', '2014-12-25 10:09:58', '1', 'options_values_manager.php', 'option_order_by=&value_page=1&', '127.0.0.1', '0', '', '');
INSERT INTO `admin_activity_log` VALUES ('430', '2014-12-25 10:10:07', '1', 'options_values_manager.php', 'action=update_option_value&value_id=45&value_page=1&', '127.0.0.1', '0', '', '');
INSERT INTO `admin_activity_log` VALUES ('431', '2014-12-25 10:10:17', '1', 'options_name_manager.php', '', '127.0.0.1', '0', '', '');
INSERT INTO `admin_activity_log` VALUES ('432', '2014-12-25 10:10:22', '1', 'options_values_manager.php', '', '127.0.0.1', '0', '', '');
INSERT INTO `admin_activity_log` VALUES ('433', '2014-12-25 10:10:24', '1', 'options_name_manager.php', '', '127.0.0.1', '0', '', '');
INSERT INTO `admin_activity_log` VALUES ('434', '2014-12-25 10:10:25', '1', 'options_values_manager.php', '', '127.0.0.1', '0', '', '');
INSERT INTO `admin_activity_log` VALUES ('435', '2014-12-25 10:11:23', '1', 'attributes_controller.php', '', '127.0.0.1', '0', '', '');
INSERT INTO `admin_activity_log` VALUES ('436', '2014-12-25 10:11:30', '1', 'attributes_controller.php', 'current_category_id=74&products_filter=&action=new_cat&', '127.0.0.1', '0', '', '');
INSERT INTO `admin_activity_log` VALUES ('437', '2014-12-25 10:11:30', '1', 'attributes_controller.php', 'products_filter=184&current_category_id=74&', '127.0.0.1', '0', '', '');
INSERT INTO `admin_activity_log` VALUES ('438', '2014-12-25 10:11:57', '1', 'attributes_controller.php', 'action=add_product_attributes&attribute_page=1&products_filter=184&', '127.0.0.1', '0', '', 0x8D53DB4EC3300CFD97BC32895DE9E057004559E28C4869D339CEB60AF1EF382DA56CAC8517ABF1B9F8E4D277516330495394CE8827B1D8AEC54CE884081549AD08F6019B0E2B32146A72A1EAD9DC382A9FA05B3F8BE52377161B2ECB2D97D5327F3D7059B7BDB61499927BAB2C5FCDF3B210AF334EE234C81AC1BA339BDFF5E6B205B82366435A45846E9788479FC0EDDFE85238CEBBF2E9F71303920C68003BC20F5D972B5440AE8411D42A4D01274119AC8D407F70FE31A5278D191EA8E9F87102FA63D2898F224E61D2228C893D1001C669F4B68171B1F6AAE174BE61703E5CD57093D27D8B17576AB02A79FA125EDAEA902A02F35BD4A5DAA9C8C695F6C9DC22211C92C316C9D6AEDCB367BEEF81F3729F7F8F23E0091DF5E16EBD43EB3C54AA9C78D1A53A1BD5E4032CC619ED8698B2111F9F);
INSERT INTO `admin_activity_log` VALUES ('439', '2014-12-25 10:11:57', '1', 'attributes_controller.php', 'attribute_page=1&products_filter=184&current_category_id=74&', '127.0.0.1', '0', '', '');
INSERT INTO `admin_activity_log` VALUES ('440', '2014-12-25 10:12:18', '1', 'attributes_controller.php', 'action=attributes_preview&products_filter=184&current_category_id=74&', '127.0.0.1', '0', '', '');
INSERT INTO `admin_activity_log` VALUES ('441', '2014-12-25 10:15:37', '1', 'attributes_controller.php', '', '127.0.0.1', '0', '', '');
INSERT INTO `admin_activity_log` VALUES ('442', '2014-12-25 10:15:42', '1', 'attributes_controller.php', 'current_category_id=75&products_filter=&action=new_cat&', '127.0.0.1', '0', '', '');
INSERT INTO `admin_activity_log` VALUES ('443', '2014-12-25 10:15:42', '1', 'attributes_controller.php', 'products_filter=192&current_category_id=75&', '127.0.0.1', '0', '', '');
INSERT INTO `admin_activity_log` VALUES ('444', '2014-12-25 10:16:23', '1', 'options_values_manager.php', '', '127.0.0.1', '0', '', '');
INSERT INTO `admin_activity_log` VALUES ('445', '2014-12-25 10:18:40', '1', 'attributes_controller.php', '', '127.0.0.1', '0', '', '');
INSERT INTO `admin_activity_log` VALUES ('446', '2014-12-25 10:18:42', '1', 'options_name_manager.php', '', '127.0.0.1', '0', '', '');
INSERT INTO `admin_activity_log` VALUES ('447', '2014-12-25 10:19:09', '1', 'options_name_manager.php', 'action=add_product_options&option_page=1&option_order_by=products_options_id&', '127.0.0.1', '0', '', 0x658CB10E80200C05FFE5CD2CEAC6EA87344418186C49A98321FCBB187572BDDC5D435189C76695A45816AE94233C66383C8038EC09BE611A7815B6C486EEFE5D1535128D493FFBD6DE899D654CB0A05F);
INSERT INTO `admin_activity_log` VALUES ('448', '2014-12-25 10:19:09', '1', 'options_name_manager.php', 'option_page=1&option_order_by=products_options_id&', '127.0.0.1', '0', '', '');
INSERT INTO `admin_activity_log` VALUES ('449', '2014-12-25 10:19:12', '1', 'options_name_manager.php', 'action=update_option&option_id=2&option_order_by=products_options_id&option_page=1&', '127.0.0.1', '0', '', '');
INSERT INTO `admin_activity_log` VALUES ('450', '2014-12-25 10:19:15', '1', 'options_values_manager.php', '', '127.0.0.1', '0', '', '');
INSERT INTO `admin_activity_log` VALUES ('451', '2014-12-25 10:19:24', '1', 'options_name_manager.php', '', '127.0.0.1', '0', '', '');
INSERT INTO `admin_activity_log` VALUES ('452', '2014-12-25 10:23:02', '1', 'options_name_manager.php', 'action=add_product_options&option_page=1&option_order_by=products_options_id&', '127.0.0.1', '0', '', 0xAB562A28CA4F294D2E298ECF2F28C9CCCF2B8ECF4C51B2523256D2518208C4E725E6A62A59552B190285DD12938A329315422A0B52956A7530F516E71795C4E717A5A416C1748094410D2A01E902195D0B00);
INSERT INTO `admin_activity_log` VALUES ('453', '2014-12-25 10:23:02', '1', 'options_name_manager.php', 'option_page=1&option_order_by=products_options_id&', '127.0.0.1', '0', '', '');
INSERT INTO `admin_activity_log` VALUES ('454', '2014-12-25 10:23:08', '1', 'options_values_manager.php', '', '127.0.0.1', '0', '', '');
INSERT INTO `admin_activity_log` VALUES ('455', '2014-12-25 10:23:58', '1', 'options_values_manager.php', 'action=add_product_option_values&value_page=1&', '127.0.0.1', '0', '', 0x3D8C310AC0201004FFB2B54D4248E1670E510B21F1E43CD3887F8F444839C3301D5C3471A61460B1C3E071578B0B8FF3E7ECEE08DBB14DED5995338641110ECD6BA535A9F4C5952A8B124B8832738C17);
INSERT INTO `admin_activity_log` VALUES ('456', '2014-12-25 10:23:58', '1', 'options_values_manager.php', 'value_page=1&', '127.0.0.1', '0', '', '');
INSERT INTO `admin_activity_log` VALUES ('457', '2014-12-25 10:24:02', '1', 'options_values_manager.php', 'value_page=2&', '127.0.0.1', '0', '', '');
INSERT INTO `admin_activity_log` VALUES ('458', '2014-12-25 10:24:33', '1', 'options_values_manager.php', 'action=add_product_option_values&value_page=2&', '127.0.0.1', '0', '', 0x3D8C410A80201405EFF2D66E8A20F0321F4D1742FAC5AF6DC4BB27092D6718A683730D9C283868EC5078CCDDFCC2E3FC3999E8A13BB6A9AD89961943211776EDAA426B22F4C542C2A51217E7CBCC315E);
INSERT INTO `admin_activity_log` VALUES ('459', '2014-12-25 10:24:33', '1', 'options_values_manager.php', 'value_page=2&', '127.0.0.1', '0', '', '');
INSERT INTO `admin_activity_log` VALUES ('460', '2014-12-25 10:24:54', '1', 'options_values_manager.php', 'action=add_product_option_values&value_page=2&', '127.0.0.1', '0', '', 0x3D8C310AC0201004FFB2B54D428AE0670ED12B84C4133DD3887F8F444839C3301D92354AA21860B1C3E07157E385C7F9737237C3766C533BCFEA94310C7291D0BC565A974A5F5DA94A519212B8CC1EE305);
INSERT INTO `admin_activity_log` VALUES ('461', '2014-12-25 10:24:54', '1', 'options_values_manager.php', 'value_page=2&', '127.0.0.1', '0', '', '');
INSERT INTO `admin_activity_log` VALUES ('462', '2014-12-25 10:25:13', '1', 'options_values_manager.php', 'action=add_product_option_values&value_page=2&', '127.0.0.1', '0', '', 0x3D8C310A80301004BF225BA7516CF43347305704352777894DC8DF0D0A96B3CC4E855C394AA218B06282C3ED8FC21FCECBCFC99F8CB562EC7360D6C1F698D01C2E9550B66CF4758C5EDFC844338906D6FE407B00);
INSERT INTO `admin_activity_log` VALUES ('463', '2014-12-25 10:25:14', '1', 'options_values_manager.php', 'value_page=2&', '127.0.0.1', '0', '', '');
INSERT INTO `admin_activity_log` VALUES ('464', '2014-12-25 10:25:36', '1', 'options_values_manager.php', 'action=add_product_option_values&value_page=2&', '127.0.0.1', '0', '', 0x3D8CC10A80201005FFE59D3D54D0A59F59243D48E6CAAE7611FF3D49E838C3300D9C4BE044C1E1C00683C7C6EA27EECBCFC9DE1E47C33AB48678A11B646157CFA234174A5FAAA42C85589C9711A3BF);
INSERT INTO `admin_activity_log` VALUES ('465', '2014-12-25 10:25:36', '1', 'options_values_manager.php', 'value_page=2&', '127.0.0.1', '0', '', '');
INSERT INTO `admin_activity_log` VALUES ('466', '2014-12-25 10:25:43', '1', 'options_values_manager.php', 'action=add_product_option_values&value_page=2&', '127.0.0.1', '0', '', 0x3D8C310AC0201004FFB2B58D81347EE6906821249EDC6952887F8F444839C3301D5C6AE24C29C06183C1EDCF1617EEF6E7ECAF08D761A77E984F0C83221CDA5195D642E94B9594A5124B8832638C17);
INSERT INTO `admin_activity_log` VALUES ('467', '2014-12-25 10:25:43', '1', 'options_values_manager.php', 'value_page=2&', '127.0.0.1', '0', '', '');
INSERT INTO `admin_activity_log` VALUES ('468', '2014-12-25 10:26:15', '1', 'options_values_manager.php', 'action=add_product_option_values&value_page=2&', '127.0.0.1', '0', '', 0x3D8C310AC0201004FFB2B54D12D2F899E3500B21F1E4D434E2DF231152CE304C87E41A2551F4B03860F0F0D5C2C273FF39F11D603BB6A9F9CAEC18C320ABF8E66AA13529F4C5858A6825511F74E6182F);
INSERT INTO `admin_activity_log` VALUES ('469', '2014-12-25 10:26:15', '1', 'options_values_manager.php', 'value_page=2&', '127.0.0.1', '0', '', '');
INSERT INTO `admin_activity_log` VALUES ('470', '2014-12-25 10:26:33', '1', 'options_values_manager.php', 'action=add_product_option_values&value_page=2&', '127.0.0.1', '0', '', 0x458C310AC0201004FFB2B54D0869FCCC61D422603CB9D334E2DF23B14839C3301D5CEAC599AE008B1D068F4B2D2E3C7ECEEE8EB01DDBD427379F228641110ECD57A53551FA622565A9C412A2CC1CE305);
INSERT INTO `admin_activity_log` VALUES ('471', '2014-12-25 10:26:33', '1', 'options_values_manager.php', 'value_page=2&', '127.0.0.1', '0', '', '');
INSERT INTO `admin_activity_log` VALUES ('472', '2014-12-25 10:26:52', '1', 'options_values_manager.php', 'action=add_product_option_values&value_page=2&', '127.0.0.1', '0', '', 0x3D8C410A80201405AF126FDD26AA8D97F9880A49E617BFB611EF9E14B49C8199064EC573246FA1B062C6AD43751FEEDBCF515F0EAA6119DA1C3EEA497C38D167A4CCB69A22F48D84DE40483817E26C5D1E09FA03);
INSERT INTO `admin_activity_log` VALUES ('473', '2014-12-25 10:26:52', '1', 'options_values_manager.php', 'value_page=2&', '127.0.0.1', '0', '', '');
INSERT INTO `admin_activity_log` VALUES ('474', '2014-12-25 10:27:09', '1', 'options_values_manager.php', 'action=add_product_option_values&value_page=2&', '127.0.0.1', '0', '', 0x3D8C310AC0201004FFB2B54D08367EE638D442483CF1D446FC7B248194330C3321A525C994021C4E180CBE7AFCD0DA9F33DF116EE2D8DA731EAC5806A54AE8BE297D13A5375652A98DA48658778EF500);
INSERT INTO `admin_activity_log` VALUES ('475', '2014-12-25 10:27:10', '1', 'options_values_manager.php', 'value_page=2&', '127.0.0.1', '0', '', '');
INSERT INTO `admin_activity_log` VALUES ('476', '2014-12-25 10:27:23', '1', 'options_values_manager.php', 'action=add_product_option_values&value_page=2&', '127.0.0.1', '0', '', 0x3D8C4D0A80201406EFF2ADDD44D4C2CB3CC41F12CA273E6D23DE3D296839C3301D9C6BE444D1416385C26DCEE63FDCF69F93B93C74C732B53D62089C30147261D76C15FA2E426F2D245C2A7171BECC1EE301);
INSERT INTO `admin_activity_log` VALUES ('477', '2014-12-25 10:27:23', '1', 'options_values_manager.php', 'value_page=2&', '127.0.0.1', '0', '', '');
INSERT INTO `admin_activity_log` VALUES ('478', '2014-12-25 10:27:37', '1', 'options_values_manager.php', 'action=add_product_option_values&value_page=2&', '127.0.0.1', '0', '', 0x3D8CC10A80201005FFE59DBD4444E0CF2CA21E8472655DBB88FF9E24749C61980E2E9A38530AB0D861F0B8ABC585C7F973767784EDD8A6F6ACCA19C3A00887E6B5D29A54FAE24A95458925449939C60B);
INSERT INTO `admin_activity_log` VALUES ('479', '2014-12-25 10:27:37', '1', 'options_values_manager.php', 'value_page=2&', '127.0.0.1', '0', '', '');
INSERT INTO `admin_activity_log` VALUES ('480', '2014-12-25 10:27:52', '1', 'options_values_manager.php', 'action=add_product_option_values&value_page=2&', '127.0.0.1', '0', '', 0x3D8C4D0A80201406EFF2ADDD4404E1651EA22F10CC27FEB411EF9E24B49C61980E49D54B24EFA0B143E131A1F1C2E3FC399A9BA13BB6A9AFC06C1943216571CDD6426B52E88B0B15C995243BCE33C77801);
INSERT INTO `admin_activity_log` VALUES ('481', '2014-12-25 10:27:53', '1', 'options_values_manager.php', 'value_page=2&', '127.0.0.1', '0', '', '');
INSERT INTO `admin_activity_log` VALUES ('482', '2014-12-25 10:27:54', '1', 'options_values_manager.php', 'value_page=3&', '127.0.0.1', '0', '', '');
INSERT INTO `admin_activity_log` VALUES ('483', '2014-12-25 10:29:24', '1', 'attributes_controller.php', '', '127.0.0.1', '0', '', '');
INSERT INTO `admin_activity_log` VALUES ('484', '2014-12-25 10:29:26', '1', 'attributes_controller.php', 'current_category_id=74&products_filter=&action=new_cat&', '127.0.0.1', '0', '', '');
INSERT INTO `admin_activity_log` VALUES ('485', '2014-12-25 10:29:26', '1', 'attributes_controller.php', 'products_filter=184&current_category_id=74&', '127.0.0.1', '0', '', '');
INSERT INTO `admin_activity_log` VALUES ('486', '2014-12-25 10:29:42', '1', 'attributes_controller.php', 'action=delete_product_attribute&attribute_id=1109&attribute_page=1&products_filter=184&current_category_id=74&', '127.0.0.1', '0', '', '');
INSERT INTO `admin_activity_log` VALUES ('487', '2014-12-25 10:29:44', '1', 'attributes_controller.php', 'action=delete_attribute&attribute_page=1&products_filter=184&', '127.0.0.1', '0', '', 0xAB562A28CA4F294D2E298E4FCBCC29492D52B25232B43051D2514A2E2D2A4ACD2B894F4E2C494DCF2FAA8CCF4C01CA9983A4525273524B52E3134B4A8A32934A812CB094A1A181A5522D00);
INSERT INTO `admin_activity_log` VALUES ('488', '2014-12-25 10:29:44', '1', 'attributes_controller.php', 'attribute_page=1&products_filter=184&current_category_id=74&', '127.0.0.1', '0', '', '');
INSERT INTO `admin_activity_log` VALUES ('489', '2014-12-25 10:39:38', '1', 'attributes_controller.php', 'action=delete_product_attribute&attribute_id=1112&attribute_page=1&products_filter=184&current_category_id=74&', '127.0.0.1', '0', '', '');
INSERT INTO `admin_activity_log` VALUES ('490', '2014-12-25 10:39:40', '1', 'attributes_controller.php', 'action=delete_attribute&attribute_page=1&products_filter=184&', '127.0.0.1', '0', '', 0x1DC9310A80300C05D0BB647689088A9709B58D522856E2CF20E2DDAD6E0FDE4D87D5E411A7ACB9408D66E269A08EA29BE90E8901BA55BB24A776E357498B42250096176FFA8B997B7A5E);
INSERT INTO `admin_activity_log` VALUES ('491', '2014-12-25 10:39:40', '1', 'attributes_controller.php', 'attribute_page=1&products_filter=184&current_category_id=74&', '127.0.0.1', '0', '', '');
INSERT INTO `admin_activity_log` VALUES ('492', '2014-12-25 10:39:45', '1', 'attributes_controller.php', 'action=delete_product_attribute&attribute_id=1110&attribute_page=1&products_filter=184&current_category_id=74&', '127.0.0.1', '0', '', '');
INSERT INTO `admin_activity_log` VALUES ('493', '2014-12-25 10:39:47', '1', 'attributes_controller.php', 'action=delete_attribute&attribute_page=1&products_filter=184&', '127.0.0.1', '0', '', 0xAB562A28CA4F294D2E298E4FCBCC29492D52B25232B43051D2514A2E2D2A4ACD2B894F4E2C494DCF2FAA8CCF4C01CA9983A4525273524B52E3134B4A8A32934A812CB094A1A1A181522D00);
INSERT INTO `admin_activity_log` VALUES ('494', '2014-12-25 10:39:47', '1', 'attributes_controller.php', 'attribute_page=1&products_filter=184&current_category_id=74&', '127.0.0.1', '0', '', '');
INSERT INTO `admin_activity_log` VALUES ('495', '2014-12-25 10:39:49', '1', 'attributes_controller.php', 'action=delete_product_attribute&attribute_id=1115&attribute_page=1&products_filter=184&current_category_id=74&', '127.0.0.1', '0', '', '');
INSERT INTO `admin_activity_log` VALUES ('496', '2014-12-25 10:39:51', '1', 'attributes_controller.php', 'action=delete_attribute&attribute_page=1&products_filter=184&', '127.0.0.1', '0', '', 0x1DC9310A80300C05D0BB647609288A9709B58D522856E2CF20E2DDAD6E0FDE4D87D5E411A7ACB9408D66E2A9A78EA29BE90E8901BA55BB24A776E357498B42250096176FFA8B99077A5E);
INSERT INTO `admin_activity_log` VALUES ('497', '2014-12-25 10:39:51', '1', 'attributes_controller.php', 'attribute_page=1&products_filter=184&current_category_id=74&', '127.0.0.1', '0', '', '');
INSERT INTO `admin_activity_log` VALUES ('498', '2014-12-25 10:39:53', '1', 'attributes_controller.php', 'action=delete_product_attribute&attribute_id=1108&attribute_page=1&products_filter=184&current_category_id=74&', '127.0.0.1', '0', '', '');
INSERT INTO `admin_activity_log` VALUES ('499', '2014-12-25 10:39:54', '1', 'attributes_controller.php', 'action=delete_attribute&attribute_page=1&products_filter=184&', '127.0.0.1', '0', '', 0xAB562A28CA4F294D2E298E4FCBCC29492D52B25232B43051D2514A2E2D2A4ACD2B894F4E2C494DCF2FAA8CCF4C01CA9983A4525273524B52E3134B4A8A32934A812CB094A1A18185522D00);
INSERT INTO `admin_activity_log` VALUES ('500', '2014-12-25 10:39:55', '1', 'attributes_controller.php', 'attribute_page=1&products_filter=184&current_category_id=74&', '127.0.0.1', '0', '', '');
INSERT INTO `admin_activity_log` VALUES ('501', '2014-12-25 10:39:57', '1', 'attributes_controller.php', 'action=delete_product_attribute&attribute_id=1105&attribute_page=1&products_filter=184&current_category_id=74&', '127.0.0.1', '0', '', '');
INSERT INTO `admin_activity_log` VALUES ('502', '2014-12-25 10:39:59', '1', 'attributes_controller.php', 'action=delete_attribute&attribute_page=1&products_filter=184&', '127.0.0.1', '0', '', 0xAB562A28CA4F294D2E298E4FCBCC29492D52B25232B43051D2514A2E2D2A4ACD2B894F4E2C494DCF2FAA8CCF4C01CA9983A4525273524B52E3134B4A8A32934A812CB094A1A181A9522D00);
INSERT INTO `admin_activity_log` VALUES ('503', '2014-12-25 10:39:59', '1', 'attributes_controller.php', 'attribute_page=1&products_filter=184&current_category_id=74&', '127.0.0.1', '0', '', '');
INSERT INTO `admin_activity_log` VALUES ('504', '2014-12-25 10:40:01', '1', 'attributes_controller.php', 'action=delete_product_attribute&attribute_id=1111&attribute_page=1&products_filter=184&current_category_id=74&', '127.0.0.1', '0', '', '');
INSERT INTO `admin_activity_log` VALUES ('505', '2014-12-25 10:40:03', '1', 'attributes_controller.php', 'action=delete_attribute&attribute_page=1&products_filter=184&', '127.0.0.1', '0', '', 0xAB562A28CA4F294D2E298E4FCBCC29492D52B25232B43051D2514A2E2D2A4ACD2B894F4E2C494DCF2FAA8CCF4C01CA9983A4525273524B52E3134B4A8A32934A812CB094211028D50200);
INSERT INTO `admin_activity_log` VALUES ('506', '2014-12-25 10:40:03', '1', 'attributes_controller.php', 'attribute_page=1&products_filter=184&current_category_id=74&', '127.0.0.1', '0', '', '');
INSERT INTO `admin_activity_log` VALUES ('507', '2014-12-25 10:40:13', '1', 'attributes_controller.php', 'action=delete_product_attribute&attribute_id=1106&attribute_page=1&products_filter=184&current_category_id=74&', '127.0.0.1', '0', '', '');
INSERT INTO `admin_activity_log` VALUES ('508', '2014-12-25 10:40:15', '1', 'attributes_controller.php', 'action=delete_attribute&attribute_page=1&products_filter=184&', '127.0.0.1', '0', '', 0xAB562A28CA4F294D2E298E4FCBCC29492D52B25232B43051D2514A2E2D2A4ACD2B894F4E2C494DCF2FAA8CCF4C01CA9983A4525273524B52E3134B4A8A32934A812CB094A1A18199522D00);
INSERT INTO `admin_activity_log` VALUES ('509', '2014-12-25 10:40:15', '1', 'attributes_controller.php', 'attribute_page=1&products_filter=184&current_category_id=74&', '127.0.0.1', '0', '', '');
INSERT INTO `admin_activity_log` VALUES ('510', '2014-12-25 10:40:17', '1', 'attributes_controller.php', 'action=delete_product_attribute&attribute_id=1104&attribute_page=1&products_filter=184&current_category_id=74&', '127.0.0.1', '0', '', '');
INSERT INTO `admin_activity_log` VALUES ('511', '2014-12-25 10:40:18', '1', 'attributes_controller.php', 'action=delete_attribute&attribute_page=1&products_filter=184&', '127.0.0.1', '0', '', 0xAB562A28CA4F294D2E298E4FCBCC29492D52B25232B43051D2514A2E2D2A4ACD2B894F4E2C494DCF2FAA8CCF4C01CA9983A4525273524B52E3134B4A8A32934A812CB094A1A18189522D00);
INSERT INTO `admin_activity_log` VALUES ('512', '2014-12-25 10:40:19', '1', 'attributes_controller.php', 'attribute_page=1&products_filter=184&current_category_id=74&', '127.0.0.1', '0', '', '');
INSERT INTO `admin_activity_log` VALUES ('513', '2014-12-25 10:40:21', '1', 'attributes_controller.php', 'action=delete_product_attribute&attribute_id=1114&attribute_page=1&products_filter=184&current_category_id=74&', '127.0.0.1', '0', '', '');
INSERT INTO `admin_activity_log` VALUES ('514', '2014-12-25 10:40:23', '1', 'attributes_controller.php', 'action=delete_attribute&attribute_page=1&products_filter=184&', '127.0.0.1', '0', '', 0x1DC9310A80300C05D0BB64760914142F136A1B2550ACC4DF41C4BB5BDD1EBC9B0EAFB9259CB25A813ACDC453A0815273D71D922274AB7E89E57EE357598B4225026E4BEBFA8B99033D2F);
INSERT INTO `admin_activity_log` VALUES ('515', '2014-12-25 10:40:23', '1', 'attributes_controller.php', 'attribute_page=1&products_filter=184&current_category_id=74&', '127.0.0.1', '0', '', '');
INSERT INTO `admin_activity_log` VALUES ('516', '2014-12-25 10:40:24', '1', 'attributes_controller.php', 'action=delete_product_attribute&attribute_id=1113&attribute_page=1&products_filter=184&current_category_id=74&', '127.0.0.1', '0', '', '');
INSERT INTO `admin_activity_log` VALUES ('517', '2014-12-25 10:40:26', '1', 'attributes_controller.php', 'action=delete_attribute&attribute_page=1&products_filter=184&', '127.0.0.1', '0', '', 0x1DC9310A80300C05D0BB6476090A8A9709B58D522856E2CF20E2DDAD6E0FDE4D87D5E411A7ACB9408D66E269A08EA29BE90E8901BA55BB24A776E357498B42250096176FFA8B997B7A5E);
INSERT INTO `admin_activity_log` VALUES ('518', '2014-12-25 10:40:26', '1', 'attributes_controller.php', 'attribute_page=1&products_filter=184&current_category_id=74&', '127.0.0.1', '0', '', '');
INSERT INTO `admin_activity_log` VALUES ('519', '2014-12-25 10:41:07', '1', 'attributes_controller.php', 'action=add_product_attributes&attribute_page=1&products_filter=184&', '127.0.0.1', '0', '', 0x8D92D16EC3200C45FF85D755DA3AB56AB55FD92644C1649648488D691A4DFBF791D02C6B97A47B847BEEB5C1FE1435791335078946BC88F57E2356424722A8586AC550786AB3B6EB245F33FAEA423FA78B937211F2F9556CF6E27D95225183AC092C9E13F53050B217D28D588D651533E12172CA68008B0FBE36CE7337394363C1134B4F062803BF7CB92F5F01630933AA559A3D2D8AD25B1B80EF30FFA832407381476E331F16A43B959AF4156149939660CEEC8019282CABD3010643ED549BBA736D129FC6518D9394F8635EDFB8C1AAE8F862BC8ED53E560CE6AF29777550210557DA453305111C2352AF74D1581629B39BF7C8BC3D767B7E026A0879686E6A0F2D3AA854B9B0D1A53A1BD5761FB89B27FA0725642BBEBE01);
INSERT INTO `admin_activity_log` VALUES ('520', '2014-12-25 10:41:07', '1', 'attributes_controller.php', 'attribute_page=1&products_filter=184&current_category_id=74&', '127.0.0.1', '0', '', '');
INSERT INTO `admin_activity_log` VALUES ('521', '2014-12-25 10:41:14', '1', 'attributes_controller.php', 'action=add_product_attributes&attribute_page=1&products_filter=184&', '127.0.0.1', '0', '', 0x8D92D14EC3300C45FF25AF4C8201D310BF025394254EB194269DE3ACAB10FF4EDAAE948DB6E331B9E75E3BB13F4545C124CD51A211AF62FDF22C56422722F02CB562280235BDB66DA55031067FA69FF2C551B904FDF94D6C1EC56E95235183AC082C9E32753750B213F28D588D651533E13E71CEA8018B0FBE34CE73573943633110CB4006A8077EF9FABE8207C6126654AB34075A1465B03602DF60FE516580E6020FDCF47C5C906E54AAF357C4254D5A8239B30366A0B8AC4E07188C95534DEECE35597C1847354E52E28F797DE506AB92E3B3F1325687E419CC5F53DFD55EC51CECB54B660A223824A44E69A3B12C72663BEF9179BF6FF7FC085413F2D0DCD41E5A74E055B9B0D1A53A19D5B41FB89D27BA07656423BEBE01);
INSERT INTO `admin_activity_log` VALUES ('522', '2014-12-25 10:41:14', '1', 'attributes_controller.php', 'attribute_page=1&products_filter=184&current_category_id=74&', '127.0.0.1', '0', '', '');
INSERT INTO `admin_activity_log` VALUES ('523', '2014-12-25 10:41:52', '1', 'options_values_manager.php', '', '127.0.0.1', '0', '', '');
INSERT INTO `admin_activity_log` VALUES ('524', '2014-12-25 10:41:54', '1', 'options_name_manager.php', '', '127.0.0.1', '0', '', '');
INSERT INTO `admin_activity_log` VALUES ('525', '2014-12-25 10:41:57', '1', 'options_name_manager.php', 'action=update_option&option_id=2&option_order_by=products_options_id&option_page=1&', '127.0.0.1', '0', '', '');
INSERT INTO `admin_activity_log` VALUES ('526', '2014-12-25 10:42:01', '1', 'options_name_manager.php', 'action=update_option_name&option_page=1&option_order_by=products_options_id&', '127.0.0.1', '0', '', 0x858E410A83400C45EF92B58BD6EEDCF6208338C10E38C990A4142BDEBD1D3A16456997F9BCFF7E26E06481C9050F0DD4502D37B511A199E0FC8EAF4C866430579084FDBD33751F4C9DB29863F1280B7DCA5CB1D898B07877CD8E63CCD6523BB40B3F74E3DDEF87E7F7CF4B7D880C48BDDDFE4021B63DAA4B2879F4F76661D5C60157E4FC02);
INSERT INTO `admin_activity_log` VALUES ('527', '2014-12-25 10:42:01', '1', 'options_name_manager.php', 'option_page=1&option_order_by=products_options_id&', '127.0.0.1', '0', '', '');
INSERT INTO `admin_activity_log` VALUES ('528', '2014-12-25 10:42:03', '1', 'options_name_manager.php', 'action=update_option&option_id=3&option_order_by=products_options_id&option_page=1&', '127.0.0.1', '0', '', '');
INSERT INTO `admin_activity_log` VALUES ('529', '2014-12-25 10:42:06', '1', 'options_name_manager.php', 'action=update_option_name&option_page=1&option_order_by=products_options_id&', '127.0.0.1', '0', '', 0x858E410AC2301045AF22B3EE42DB5D0EE009DC87980E35D064C264446AE9DD6BB011C5A0CBF9BCF7FFCC40511C05ED7A50D04153EE603C829AE1F0888FE6CCCEEE4E5344581A884CFDD54AD24F34E9442C9AB8472EC63E735B93644D410B15D392F718A468D576A65BFAE8FDDE77F7D7AF5D5B45460C835CFE40CE9B01938EC879F4F7E6C62699467C239715);
INSERT INTO `admin_activity_log` VALUES ('530', '2014-12-25 10:42:06', '1', 'options_name_manager.php', 'option_page=1&option_order_by=products_options_id&', '127.0.0.1', '0', '', '');
INSERT INTO `admin_activity_log` VALUES ('531', '2014-12-25 12:44:44', '0', 'login.php ', 'camefrom=attributes_controller.php&', '127.0.0.1', '0', '', '');
INSERT INTO `admin_activity_log` VALUES ('532', '2014-12-25 12:44:49', '0', 'login.php admin', 'camefrom=attributes_controller.php&', '127.0.0.1', '0', '', 0xAB564A4CC9CDCC8BCF4BCC4D55B2827094749412934B32F3F3800229F9C6468986494629296629464696A6C6C6E6964626892616A9C916069616E686A94AB500);
INSERT INTO `admin_activity_log` VALUES ('533', '2014-12-25 12:44:49', '1', 'attributes_controller.php', '', '127.0.0.1', '0', '', '');
INSERT INTO `admin_activity_log` VALUES ('534', '2014-12-25 12:44:55', '1', 'options_name_manager.php', '', '127.0.0.1', '0', '', '');
INSERT INTO `admin_activity_log` VALUES ('535', '2014-12-25 13:15:41', '0', 'login.php ', 'camefrom=product_types.php&', '127.0.0.1', '0', '', '');
INSERT INTO `admin_activity_log` VALUES ('536', '2014-12-25 16:20:17', '0', 'login.php ', 'camefrom=index.php&', '127.0.0.1', '0', '', '');
INSERT INTO `admin_activity_log` VALUES ('537', '2014-12-25 16:20:20', '0', 'login.php admin', 'camefrom=index.php&', '127.0.0.1', '0', '', 0xAB564A4CC9CDCC8BCF4BCC4D55B2827094749412934B32F3F3800229F9C6A6268626C9E606162946868946C9266949060616460696492946A9A98949C94AB500);
INSERT INTO `admin_activity_log` VALUES ('538', '2014-12-25 16:21:33', '1', 'attributes_controller.php', '', '127.0.0.1', '0', '', '');
INSERT INTO `admin_activity_log` VALUES ('539', '2014-12-25 16:21:38', '1', 'attributes_controller.php', 'current_category_id=74&products_filter=&action=new_cat&', '127.0.0.1', '0', '', '');
INSERT INTO `admin_activity_log` VALUES ('540', '2014-12-25 16:21:39', '1', 'attributes_controller.php', 'products_filter=184&current_category_id=74&', '127.0.0.1', '0', '', '');
INSERT INTO `admin_activity_log` VALUES ('541', '2014-12-25 16:21:45', '1', 'attributes_controller.php', 'action=set_products_filter&', '127.0.0.1', '0', '', 0xAB562A28CA4F294D2E298E4FCBCC29492D52B25232B43055D2514A2E2D2A4ACD2B894F4E2C494DCF2FAA8CCF4C01CA999B28D50200);
INSERT INTO `admin_activity_log` VALUES ('542', '2014-12-25 16:21:45', '1', 'attributes_controller.php', 'products_filter=185&current_category_id=74&', '127.0.0.1', '0', '', '');
INSERT INTO `admin_activity_log` VALUES ('543', '2014-12-25 16:22:10', '1', 'attributes_controller.php', 'action=add_product_attributes&attribute_page=1&products_filter=185&', '127.0.0.1', '0', '', 0x8D92D14EC3300C45FF25AF548221A601BF0228CA12A7584A93CE71D655887F276D2965A3ED784CEEB9D74EEC0F51533049739468C4B3D83C6E4521742202CF522B8632503B68BB872C859A31F891CE1747E5120CE71771FF24DE8A1C891A644D60F194A99B9192BD906F44319555CC84FBC439A3012CDFF9DCB8CC5DE48C8DC5402C0319A001F8E51BFA0A1E182B5850ADD21C685594C1DA087C85F94795115A0A3C703BF07145BA52A9C95F11D734690996CC0E9881E2BA3A1F6030D64EB5B93BD766F16E1AD53449893FE6CD851BAC4A8EBF8DE7B13A24CF60FE9A86AEF62AE660AF5D327310C12121F54A178D559933BB794FCCEB6DB7E747A08690C7E6E6F6D0A203AFAA958DAED4C9A8B6FBC0DD32D13F28235BF1F905);
INSERT INTO `admin_activity_log` VALUES ('544', '2014-12-25 16:22:10', '1', 'attributes_controller.php', 'attribute_page=1&products_filter=185&current_category_id=74&', '127.0.0.1', '0', '', '');
INSERT INTO `admin_activity_log` VALUES ('545', '2014-12-25 16:22:18', '1', 'attributes_controller.php', 'action=add_product_attributes&attribute_page=1&products_filter=185&', '127.0.0.1', '0', '', 0x8D92D16EC3200C45FF85D755DA3AB56AB55FD92644C1649608A4C6348DA6FDFB48D22C6B97A47B847BEEB5C1FE1415059334478946BC88F57E2B56422722F02CB562280235BDB6DB6429548CC15FE8E77C71522E417F7E159BBD785FE548D4202B028BE74C3D0C94EC847C23566359C54C78489C336AC0E283AF8DF3DC4DCED0580CC4329001EA815FBEBEAFE081B18419D52ACD81164519AC8DC077987F5419A0B9C023373D1F17A43B95EAFC157149939660CEEC8019282EABD3010663E55493BB734D169FC6518D9394F8635EDFB8C1AAE4F862BC8ED5217906F3D7D477755031077BED929982088E09A953DA682C8B9CD9CE7B64DE1EDB3D3F01D5843C3437B587161D78552E6C74A9CE4635ED07EEE689EE4119D98AAF6F);
INSERT INTO `admin_activity_log` VALUES ('546', '2014-12-25 16:22:18', '1', 'attributes_controller.php', 'attribute_page=1&products_filter=185&current_category_id=74&', '127.0.0.1', '0', '', '');
INSERT INTO `admin_activity_log` VALUES ('547', '2014-12-25 16:22:25', '1', 'attributes_controller.php', 'action=add_product_attributes&attribute_page=1&products_filter=185&', '127.0.0.1', '0', '', 0x8D92D14EC3300C45FF25AF548201D510BF025394254EB194369DE3ACAB10FF4EDAAE948DB6E331B9E75E3BB13F454DDE44CD41A211AF62F3928B4CE84804154BAD180A4FEDA06D9F93E46B465F9DE9A77471542EC2707E13F9A3D865291235C89AC0E229517723257B21DD886C2AAB9809F791534603587CF0A57199BBCA191B0B9E587A324003F0CB37F4E52B602C6141B54AB3A755517A6B03F00DE61F55466829F0C0EDC08715E946A5267D4558D3A42558323B60060AEBEA7C80C1503BD5A6EE5C9BC4876954D32425FE9837576EB02A3A3E1B2F63B58F1583F96B1ABADAAB90822BEDA29983080E11A957BA682C8B94D9CD7B62DEEFBB3D3F0235843C3637B787161D54AA5CD9E8529D8C6ABB0FDC2E13FD8312928BAF6F);
INSERT INTO `admin_activity_log` VALUES ('548', '2014-12-25 16:22:25', '1', 'attributes_controller.php', 'attribute_page=1&products_filter=185&current_category_id=74&', '127.0.0.1', '0', '', '');
INSERT INTO `admin_activity_log` VALUES ('549', '2014-12-25 16:22:32', '1', 'attributes_controller.php', 'action=set_products_filter&', '127.0.0.1', '0', '', 0xAB562A28CA4F294D2E298E4FCBCC29492D52B25232B43454D2514A2E2D2A4ACD2B894F4E2C494DCF2FAA8CCF4C01CA999B28D50200);
INSERT INTO `admin_activity_log` VALUES ('550', '2014-12-25 16:22:32', '1', 'attributes_controller.php', 'products_filter=191&current_category_id=74&', '127.0.0.1', '0', '', '');
INSERT INTO `admin_activity_log` VALUES ('551', '2014-12-25 16:22:36', '1', 'attributes_controller.php', 'action=add_product_attributes&attribute_page=1&products_filter=191&', '127.0.0.1', '0', '', 0x8D92DD4EC3300C85DF25B74C82F2A3095E05A6284B9C62296D3AC7595721DE9DB4A1948DB6E33239DF3976627F8886BC899A8344235E44F15C888DD091086A965A31949EBAAC6D1F93E41B465F8F74BA382A17219F5FC5C3BDD86D52246A900D81C553A26E464A0E42BA119BA9AC6226DC474E192D60F9CEE7C665EE22676C2C7862E9C90065E0972FF7E56B60AC6041B54AB3A755517A6B03F015E61F55466829F0C05DE6C38A74A5529BBE22AC69D2122C991D30038575753EC060689CEA5277AE4BE2DD34AA6992127FCCC5851BAC8A8EBF8DE7B1DAC79AC1FC35E5AEF62AA4E05ABB68E6208243441A943E1AAB3265F6F39E98B7DB7ECF8F402D218FCDCDEDA14507B5AA5636BA5227A3BAFE03B7CBC4F0A0843C89CF2F);
INSERT INTO `admin_activity_log` VALUES ('552', '2014-12-25 16:22:37', '1', 'attributes_controller.php', 'attribute_page=1&products_filter=191&current_category_id=74&', '127.0.0.1', '0', '', '');
INSERT INTO `admin_activity_log` VALUES ('553', '2014-12-25 16:22:42', '1', 'attributes_controller.php', 'action=add_product_attributes&attribute_page=1&products_filter=191&', '127.0.0.1', '0', '', 0x8D92D14EC3300C45FF25AF5482A2C104BF025394254EB194369DE3ACAB10FF4EDAAE948DB6E331B9E75E3BB13F454DDE44CD41A211AF227FC945267424828AA5560C85A776D0B69B24F99AD15767FA315D1C958B309CDFC4E659ECB214891A644D60F194A8BB9192BD906E44369555CC84FBC829A3012C3EF8D2B8CC5DE58C8D054F2C3D19A001F8E51BFAF2153096B0A05AA5D9D3AA28BDB501F806F38F2A23B41478E076E0C38A74A35293BE22AC69D2122C991D30038575753EC060A89D6A5377AE4DE2C334AA6992127FCCF9951BAC8A8ECFC6CB58ED63C560FE9A86AEF62AA4E04ABB68E620824344EA952E1ACB226576F39E98F7FB6ECF8F400D218FCDCDEDA14507952A5736BA5427A3DAEE03B7CB44FFA0843C89AF6F);
INSERT INTO `admin_activity_log` VALUES ('554', '2014-12-25 16:22:42', '1', 'attributes_controller.php', 'attribute_page=1&products_filter=191&current_category_id=74&', '127.0.0.1', '0', '', '');
INSERT INTO `admin_activity_log` VALUES ('555', '2014-12-25 16:22:48', '1', 'attributes_controller.php', 'action=add_product_attributes&attribute_page=1&products_filter=191&', '127.0.0.1', '0', '', 0x8D92D14EC3300C45FF25AF54820AA60A7E055094254EB194369DE3ACAB10FF4EDAAE948DB6E331B9E75E3BB13F4543DE44CD41A2112F227FCE45267424829AA5560CA5A76ED48AA724F986D1D767FA315D1C958B309E5FC5AE10EF598A440DB221B0784AD4DD44C9414837229BCB2A66C27DE494D102961F7C695CE7AE72A6C68227969E0CD008FCF28D7DF91A182B5851ADD2EC695394DEDA007C83F94795095A0B3C7037F26143BA51A94D5F11B6346909D6CC0E9881C2B6BA1C6030344E75A93BD725F1611ED53C49893FE6FCCA0D5645C767E365ACF6B166307F4D63577B155270AD5D344B10C121220D4A1F8D559932FB79CFCCDB7DBFE747A09690A7E696F6D0A2835A551B1B5DA993515DFF81C53A313C28213BF1F50D);
INSERT INTO `admin_activity_log` VALUES ('556', '2014-12-25 16:22:48', '1', 'attributes_controller.php', 'attribute_page=1&products_filter=191&current_category_id=74&', '127.0.0.1', '0', '', '');
INSERT INTO `admin_activity_log` VALUES ('557', '2014-12-25 16:23:11', '1', 'attributes_controller.php', 'action=set_products_filter&', '127.0.0.1', '0', '', 0xAB562A28CA4F294D2E298E4FCBCC29492D52B25232B43454D2514A2E2D2A4ACD2B894F4E2C494DCF2FAA8CCF4C01CA999B28D50200);
INSERT INTO `admin_activity_log` VALUES ('558', '2014-12-25 16:23:11', '1', 'attributes_controller.php', 'products_filter=191&current_category_id=74&', '127.0.0.1', '0', '', '');
INSERT INTO `admin_activity_log` VALUES ('559', '2014-12-25 16:23:17', '1', 'attributes_controller.php', 'action=set_products_filter&', '127.0.0.1', '0', '', 0xAB562A28CA4F294D2E298E4FCBCC29492D52B25232B43056D2514A2E2D2A4ACD2B894F4E2C494DCF2FAA8CCF4C01CA999B28D50200);
INSERT INTO `admin_activity_log` VALUES ('560', '2014-12-25 16:23:17', '1', 'attributes_controller.php', 'products_filter=183&current_category_id=74&', '127.0.0.1', '0', '', '');
INSERT INTO `admin_activity_log` VALUES ('561', '2014-12-25 16:23:21', '1', 'attributes_controller.php', 'action=add_product_attributes&attribute_page=1&products_filter=183&', '127.0.0.1', '0', '', 0x8D92D14EC3300C45FF25AF4C8209A6227E055094254EB194269DE3ACAB10FF4EDAAE948DB6E331B9E75E3BB13F454DC124CD51A2112F62FBFC2836422722F02CB5622803B583563C6529D48CC19FE98E3D2A976038BF8A5D21DE37391235C89AC0E229537723257B21DF88CD54563113EE13E78C06B0FCE04BE332779533361603B10C648006E0976FE82B7860AC6041B54A73A05551066B23F00DE61F55466829F0C0EDC0C715E946A5267F455CD3A42558323B60068AEBEA7C80C1583BD5E6EE5C9BC5876954D32425FE98B7576EB02A393E1B2F6375489EC1FC350D5DED55CCC15EBB64E620824342EA952E1AAB326776F39E98B7FB6ECF8F400D218FCDCDEDA145075E552B1B5DA993516DF781C532D13F28233BF1F50D);
INSERT INTO `admin_activity_log` VALUES ('562', '2014-12-25 16:23:21', '1', 'attributes_controller.php', 'attribute_page=1&products_filter=183&current_category_id=74&', '127.0.0.1', '0', '', '');
INSERT INTO `admin_activity_log` VALUES ('563', '2014-12-25 16:23:28', '1', 'attributes_controller.php', 'action=add_product_attributes&attribute_page=1&products_filter=183&', '127.0.0.1', '0', '', 0x8D92D14EC3300C45FF25AF4C82C1D0267E055094254EB194269DE3ACAB10FF4EDAAE948DB6E331B9E75E3BB13F4545C124CD51A2112F62BD7B122BA1131178965A3114819A5EDB6EB2142AC6E0CFF463BE382A97A03FBF8ACD4EBCAF72246A901581C553A6EE064A7642BE11ABB1AC6226DC27CE193560F1C197C679EE2A67682C066219C800F5C02F5FDF57F0C058C28C6A95E6408BA20CD646E01BCC3FAA0CD05CE0819B9E8F0BD28D4A75FE8AB8A4494B306776C00C1497D5E90083B172AAC9DDB9268B0FE3A8C6494AFC31AFAFDC6055727C365EC6EA903C83F96BEABBDAAB9883BD76C94C41048784D4296D349645CE6CE73D326FF7ED9E1F816A421E9A9BDA438B0EBC2A1736BA5427A39AF603B7F344F7A08C3C8BAF6F);
INSERT INTO `admin_activity_log` VALUES ('564', '2014-12-25 16:23:28', '1', 'attributes_controller.php', 'attribute_page=1&products_filter=183&current_category_id=74&', '127.0.0.1', '0', '', '');
INSERT INTO `admin_activity_log` VALUES ('565', '2014-12-25 16:23:32', '1', 'attributes_controller.php', 'action=add_product_attributes&attribute_page=1&products_filter=183&', '127.0.0.1', '0', '', 0x8D92DD4EC3300C85DF25B74C828A9F215E05A6284B9C62296D3AC7595721DE9DB4A1948DB6E33239DF3976627F8886BC899A8344235E44F17C2F36424722A8596AC5507AEAB2B67D48926F187D3DD2E9E2A85C847C7E15C593D86D52246A900D81C553A26E464A0E42BA119BA9AC6226DC474E192D60F9CEE7C665EE22676C2C7862E9C90065E0972FF7E56B60AC6041B54AB3A755517A6B03F015E61F55466829F0C05DE6C38A74A5529BBE22AC69D2122C991D30038575753EC060689CEA5277AE4BE2DD34AA6992127FCCC5851BAC8A8EBF8DE7B1DAC79AC1FC35E5AEF62AA4E05ABB68E6208243441A943E1AAB3265F6F39E98B7DB7ECF8F402D218FCDCDEDA14507B5AA5636BA5227A3BAFE03B7CBC4F0A0843C8ACF2F);
INSERT INTO `admin_activity_log` VALUES ('566', '2014-12-25 16:23:33', '1', 'attributes_controller.php', 'attribute_page=1&products_filter=183&current_category_id=74&', '127.0.0.1', '0', '', '');
INSERT INTO `admin_activity_log` VALUES ('567', '2014-12-25 17:49:13', '0', 'login.php ', 'camefrom=index.php&', '127.0.0.1', '0', '', '');
INSERT INTO `admin_activity_log` VALUES ('568', '2014-12-26 11:21:03', '0', 'login.php ', 'camefrom=index.php&', '127.0.0.1', '0', '', '');
INSERT INTO `admin_activity_log` VALUES ('569', '2014-12-26 11:21:08', '0', 'login.php admin', 'camefrom=index.php&', '127.0.0.1', '0', '', 0xAB564A4CC9CDCC8BCF4BCC4D55B282709474948A4B9372334B80023EF9E96081C4E492CCFC3CA0404A7E72524A9A858585B1B9A1B1B171A245AA89799271B289B161A2A9B9418AA581B1522D00);
INSERT INTO `admin_activity_log` VALUES ('570', '2014-12-26 11:21:22', '1', 'banner_manager.php', '', '127.0.0.1', '0', '', '');
INSERT INTO `admin_activity_log` VALUES ('571', '2014-12-26 11:21:25', '1', 'banner_manager.php', 'page=1&bID=9&action=delete&', '127.0.0.1', '0', '', '');
INSERT INTO `admin_activity_log` VALUES ('572', '2014-12-26 11:21:26', '1', 'banner_manager.php', 'page=1&action=deleteconfirm&', '127.0.0.1', '0', '', 0xAB564AF27451B252B254D2514A49CD492D498DCFCC4D4C4F050AE5E729D50200);
INSERT INTO `admin_activity_log` VALUES ('573', '2014-12-26 11:21:26', '1', 'banner_manager.php', 'page=1&', '127.0.0.1', '0', '', '');
INSERT INTO `admin_activity_log` VALUES ('574', '2014-12-26 11:21:29', '1', 'banner_manager.php', 'page=1&bID=8&action=delete&', '127.0.0.1', '0', '', '');
INSERT INTO `admin_activity_log` VALUES ('575', '2014-12-26 11:21:30', '1', 'banner_manager.php', 'page=1&action=deleteconfirm&', '127.0.0.1', '0', '', 0xAB564AF27451B252B250D2514A49CD492D498DCFCC4D4C4F050AE5E729D50200);
INSERT INTO `admin_activity_log` VALUES ('576', '2014-12-26 11:21:30', '1', 'banner_manager.php', 'page=1&', '127.0.0.1', '0', '', '');
INSERT INTO `admin_activity_log` VALUES ('577', '2014-12-26 11:21:31', '1', 'banner_manager.php', 'page=1&bID=7&action=delete&', '127.0.0.1', '0', '', '');
INSERT INTO `admin_activity_log` VALUES ('578', '2014-12-26 11:22:19', '1', 'banner_manager.php', 'page=1&action=deleteconfirm&', '127.0.0.1', '0', '', 0xAB564AF27451B2523257D2514A49CD492D498DCFCC4D4C4F050AE5E729D50200);
INSERT INTO `admin_activity_log` VALUES ('579', '2014-12-26 11:22:19', '1', 'banner_manager.php', 'page=1&', '127.0.0.1', '0', '', '');
INSERT INTO `admin_activity_log` VALUES ('580', '2014-12-26 11:22:20', '1', 'banner_manager.php', 'page=1&bID=4&action=delete&', '127.0.0.1', '0', '', '');
INSERT INTO `admin_activity_log` VALUES ('581', '2014-12-26 11:22:21', '1', 'banner_manager.php', 'page=1&action=deleteconfirm&', '127.0.0.1', '0', '', 0xAB564AF27451B2523251D2514A49CD492D498DCFCC4D4C4F050AE5E729D50200);
INSERT INTO `admin_activity_log` VALUES ('582', '2014-12-26 11:22:22', '1', 'banner_manager.php', 'page=1&', '127.0.0.1', '0', '', '');
INSERT INTO `admin_activity_log` VALUES ('583', '2014-12-26 11:22:22', '1', 'banner_manager.php', 'page=1&bID=6&action=delete&', '127.0.0.1', '0', '', '');
INSERT INTO `admin_activity_log` VALUES ('584', '2014-12-26 11:22:23', '1', 'banner_manager.php', 'page=1&action=deleteconfirm&', '127.0.0.1', '0', '', 0xAB564AF27451B2523253D2514A49CD492D498DCFCC4D4C4F050AE5E729D50200);
INSERT INTO `admin_activity_log` VALUES ('585', '2014-12-26 11:22:24', '1', 'banner_manager.php', 'page=1&', '127.0.0.1', '0', '', '');
INSERT INTO `admin_activity_log` VALUES ('586', '2014-12-26 11:22:24', '1', 'banner_manager.php', 'page=1&bID=1&action=delete&', '127.0.0.1', '0', '', '');
INSERT INTO `admin_activity_log` VALUES ('587', '2014-12-26 11:22:25', '1', 'banner_manager.php', 'page=1&action=deleteconfirm&', '127.0.0.1', '0', '', 0xAB564AF27451B2523254D2514A49CD492D498DCFCC4D4C4F050AE5E729D50200);
INSERT INTO `admin_activity_log` VALUES ('588', '2014-12-26 11:22:26', '1', 'banner_manager.php', 'page=1&', '127.0.0.1', '0', '', '');
INSERT INTO `admin_activity_log` VALUES ('589', '2014-12-26 11:22:27', '1', 'banner_manager.php', 'page=1&bID=5&action=delete&', '127.0.0.1', '0', '', '');
INSERT INTO `admin_activity_log` VALUES ('590', '2014-12-26 11:22:28', '1', 'banner_manager.php', 'page=1&action=deleteconfirm&', '127.0.0.1', '0', '', 0xAB564AF27451B2523255D2514A49CD492D498DCFCC4D4C4F050AE5E729D50200);
INSERT INTO `admin_activity_log` VALUES ('591', '2014-12-26 11:22:28', '1', 'banner_manager.php', 'page=1&', '127.0.0.1', '0', '', '');
INSERT INTO `admin_activity_log` VALUES ('592', '2014-12-26 11:22:30', '1', 'banner_manager.php', 'page=1&bID=2&action=delete&', '127.0.0.1', '0', '', '');
INSERT INTO `admin_activity_log` VALUES ('593', '2014-12-26 11:22:31', '1', 'banner_manager.php', 'page=1&action=deleteconfirm&', '127.0.0.1', '0', '', 0xAB564AF27451B2523252D2514A49CD492D498DCFCC4D4C4F050AE5E729D50200);
INSERT INTO `admin_activity_log` VALUES ('594', '2014-12-26 11:22:31', '1', 'banner_manager.php', 'page=1&', '127.0.0.1', '0', '', '');
INSERT INTO `admin_activity_log` VALUES ('595', '2014-12-26 11:22:34', '1', 'banner_manager.php', 'action=new&', '127.0.0.1', '0', '', '');
INSERT INTO `admin_activity_log` VALUES ('596', '2014-12-26 11:24:10', '1', 'banner_manager.php', 'action=insert&', '127.0.0.1', '0', '', 0x6590C10AC3200C40FFC5F3BAB26B8FFD85ED5808B68656B0464CC4C2D8BF4FE936BAED1478EF498277C5A225B1EAD4459DD4A8BDC7C840013D78CC90AD3794FFB40766F703C58AC3C26EC872E429D6721109DDD00E6DCEF93C6A6BD279A2F590CD915228E1D51AEC696BFA9D97A2DEF15B95B3706BC64FF3F676D53382A349D7A57F42749C518A79E1A13D248BAC0E0437F97EC91405281A8C3B375A10785AD024876667B8051B91A1BA6F62D750065BF2F513D5E309);
INSERT INTO `admin_activity_log` VALUES ('597', '2014-12-26 11:24:11', '1', 'banner_manager.php', 'bID=10&', '127.0.0.1', '0', '', '');
INSERT INTO `admin_activity_log` VALUES ('598', '2014-12-26 11:24:25', '1', 'banner_manager.php', 'page=1&bID=3&', '127.0.0.1', '0', '', '');
INSERT INTO `admin_activity_log` VALUES ('599', '2014-12-26 11:24:27', '1', 'banner_manager.php', 'page=1&bID=3&action=delete&', '127.0.0.1', '0', '', '');
INSERT INTO `admin_activity_log` VALUES ('600', '2014-12-26 11:24:29', '1', 'banner_manager.php', 'page=1&action=deleteconfirm&', '127.0.0.1', '0', '', 0xAB564AF27451B2523256D2514A49CD492D498DCFCC4D4C4F050AE5E729D50200);
INSERT INTO `admin_activity_log` VALUES ('601', '2014-12-26 11:24:29', '1', 'banner_manager.php', 'page=1&', '127.0.0.1', '0', '', '');
INSERT INTO `admin_activity_log` VALUES ('602', '2014-12-26 11:24:36', '1', 'banner_manager.php', 'action=new&', '127.0.0.1', '0', '', '');
INSERT INTO `admin_activity_log` VALUES ('603', '2014-12-26 11:24:49', '1', 'banner_manager.php', 'action=insert&', '127.0.0.1', '0', '', 0x6D90C10AC3200C40FFC5F3D6B2EBBE63C742B035B48235622216C6FE7D4A7BB0DD4EC27B2F44F2562C5A12ABA77AA89B1AB5F7181928A0078F19B2F586F28FF6C0EC2E50AC382CEC852C2D4FB1968B48780EFDD0E79CBB515B93BA89D6269B23A550C2B210B7FB418BAFBFB836CD985DF58CE068D2EE9F101D6794620E3CF44DB2C8EA407093F3245314A06830EEDC6841E06941931C9A9DE1166C4486EACEC4AEA13C6CC9D7ABA9CF17);
INSERT INTO `admin_activity_log` VALUES ('604', '2014-12-26 11:24:50', '1', 'banner_manager.php', 'bID=11&', '127.0.0.1', '0', '', '');
INSERT INTO `admin_activity_log` VALUES ('605', '2014-12-26 11:24:52', '1', 'banner_manager.php', 'action=new&', '127.0.0.1', '0', '', '');
INSERT INTO `admin_activity_log` VALUES ('606', '2014-12-26 11:25:02', '1', 'banner_manager.php', 'action=insert&', '127.0.0.1', '0', '', 0x6D904B0AC3201040EFE2BA4D28DDE51C5D0606138744F0873362A0F4EE55928549BB12DE7BC3C8BC05B1E44462100F711393740E23810FE8C06186AC9DF2F9473B203217C89A0D16F642E267C353ACE5CA1C86B11FFB9C733749AD52377BDB644BF42994B02CC4ED7ED0E2EB2FAE4D33A6AD5C108C9FA5F92758C605B998038F7D93AC6C0D306E7C9E241F197C541877AE2423D0BCA24A06D5CE700B3A22417567A26D280F69EFEAD5C4E70B);
INSERT INTO `admin_activity_log` VALUES ('607', '2014-12-26 11:25:02', '1', 'banner_manager.php', 'bID=12&', '127.0.0.1', '0', '', '');
INSERT INTO `admin_activity_log` VALUES ('608', '2014-12-26 11:25:04', '1', 'banner_manager.php', 'action=new&', '127.0.0.1', '0', '', '');
INSERT INTO `admin_activity_log` VALUES ('609', '2014-12-26 11:25:16', '1', 'banner_manager.php', 'action=insert&', '127.0.0.1', '0', '', 0x6D904B0AC3201040EFE2BA4D287495737419184C1C12C11FCE8881D2BB57491626ED4A78EF0D23F316C4921389413CC44D4CD2398C043EA0038719B276CAE71FED80C85C206B3658D80B899F0D4FB1962B7318C67EEC73CEDD24B54ADDEC6D932DD1A750C2B210B7FB418BAFBFB836CD98B67241307E96E69F601917E4620E3CF64DB2B235C0B8F179927C64F05161DCB9928C40F38A2A19543BC32DE88804D59D89B6A13CA4BDAB57139F2F);
INSERT INTO `admin_activity_log` VALUES ('610', '2014-12-26 11:25:16', '1', 'banner_manager.php', 'bID=13&', '127.0.0.1', '0', '', '');
INSERT INTO `admin_activity_log` VALUES ('611', '2014-12-26 11:25:18', '1', 'banner_manager.php', 'page=1&bID=11&', '127.0.0.1', '0', '', '');
INSERT INTO `admin_activity_log` VALUES ('612', '2014-12-26 11:25:20', '1', 'banner_manager.php', 'page=1&bID=11&action=new&', '127.0.0.1', '0', '', '');
INSERT INTO `admin_activity_log` VALUES ('613', '2014-12-26 11:25:25', '1', 'banner_manager.php', 'page=1&action=update&', '127.0.0.1', '0', '', 0x6590DD0AC3200C46DFC5EBADED7633E873ECB2106C0DADC3AA988885B1779FB20EFA732539DF8909798B5E5A8B81402BD18ADB4D5C04B1E448A5CAC53F761E2D584C90B4552E9D620B44E60059B3C1CC9E487CDFF0188A3931FBB6ABBB3AA554F552AB580D6EDE686370D167310FC4E5BAD29C972D8ECEA64DCF7244306E9065CA4ABBFAD1542F3F9E3C966144DEFF30F16C807139607281C1058521F326074A32020D13AA6850FD645CBC0E4850B23DD1B3CF0F6967CBF1C4E70B);
INSERT INTO `admin_activity_log` VALUES ('614', '2014-12-26 11:25:25', '1', 'banner_manager.php', 'page=1&bID=11&', '127.0.0.1', '0', '', '');
INSERT INTO `admin_activity_log` VALUES ('615', '2014-12-26 12:51:47', '0', 'login.php ', 'camefrom=index.php&', '127.0.0.1', '0', '', '');
INSERT INTO `admin_activity_log` VALUES ('616', '2014-12-26 12:51:51', '0', 'login.php admin', 'camefrom=index.php&', '127.0.0.1', '0', '', 0xAB564A4CC9CDCC8BCF4BCC4D55B282709474948A4B9372334B80023EF9E96081C4E492CCFC3CA0404A7E8AB1599261B2899985A58185A989A999B961526A9AA9B9699AB9A941526A8A85522D00);
INSERT INTO `admin_activity_log` VALUES ('617', '2014-12-26 12:52:08', '1', 'banner_manager.php', '', '127.0.0.1', '0', '', '');
INSERT INTO `admin_activity_log` VALUES ('618', '2014-12-27 19:16:16', '0', 'login.php ', 'camefrom=index.php&', '127.0.0.1', '0', '', '');
INSERT INTO `admin_activity_log` VALUES ('619', '2014-12-27 19:16:19', '0', 'login.php admin', 'camefrom=index.php&', '127.0.0.1', '0', '', 0xAB564A4CC9CDCC8BCF4BCC4D55B2827094749412934B32F3F3800229F9E626490626466606C6C9A646C6968669A6162946A9069689E6C926A6662996C94AB500);
INSERT INTO `admin_activity_log` VALUES ('620', '2014-12-27 19:16:22', '1', 'categories.php', '', '127.0.0.1', '0', '', '');
INSERT INTO `admin_activity_log` VALUES ('621', '2014-12-27 19:16:26', '1', 'categories.php', 'cPath=65&', '127.0.0.1', '0', '', '');
INSERT INTO `admin_activity_log` VALUES ('622', '2014-12-27 19:16:27', '1', 'categories.php', 'cPath=65_70&', '127.0.0.1', '0', '', '');
INSERT INTO `admin_activity_log` VALUES ('623', '2014-12-27 19:16:40', '1', 'categories.php', 'cPath=65_70_74&', '127.0.0.1', '0', '', '');
INSERT INTO `admin_activity_log` VALUES ('624', '2014-12-27 19:35:14', '0', 'login.php ', 'camefrom=orders.php&', '127.0.0.1', '0', '', '');
INSERT INTO `admin_activity_log` VALUES ('625', '2014-12-27 19:35:17', '0', 'login.php ', 'camefrom=categories.php&cPath=65_70_74&', '127.0.0.1', '0', '', '');
INSERT INTO `admin_activity_log` VALUES ('626', '2014-12-27 19:35:18', '0', 'login.php ', 'camefrom=categories.php&cPath=65_70_74&', '127.0.0.1', '0', '', '');
INSERT INTO `admin_activity_log` VALUES ('627', '2014-12-27 19:35:19', '0', 'login.php ', 'camefrom=categories.php&cPath=65_70_74&', '127.0.0.1', '0', '', '');
INSERT INTO `admin_activity_log` VALUES ('628', '2014-12-27 19:35:19', '0', 'login.php ', 'camefrom=categories.php&cPath=65_70_74&', '127.0.0.1', '0', '', '');
INSERT INTO `admin_activity_log` VALUES ('629', '2014-12-27 19:35:20', '0', 'login.php ', 'camefrom=categories.php&cPath=65_70_74&', '127.0.0.1', '0', '', '');
INSERT INTO `admin_activity_log` VALUES ('630', '2014-12-27 19:35:20', '0', 'login.php ', 'camefrom=categories.php&cPath=65_70_74&', '127.0.0.1', '0', '', '');
INSERT INTO `admin_activity_log` VALUES ('631', '2014-12-27 19:46:55', '0', 'login.php admin', 'camefrom=categories.php&cPath=65_70_74&', '127.0.0.1', '0', '', 0xAB564A4CC9CDCC8BCF4BCC4D55B2827094749412934B32F3F3800229F9A916694989C98966A92640D2C03CC522D9D038CDC4C428C922C5D4D824C958A91600);
INSERT INTO `admin_activity_log` VALUES ('632', '2014-12-27 19:46:55', '1', 'categories.php', 'cPath=65_70_74&', '127.0.0.1', '0', '', '');
INSERT INTO `admin_activity_log` VALUES ('633', '2014-12-27 19:58:37', '1', 'categories.php', '', '127.0.0.1', '0', '', '');
INSERT INTO `admin_activity_log` VALUES ('634', '2014-12-27 19:58:39', '1', 'categories.php', 'cPath=65&', '127.0.0.1', '0', '', '');
INSERT INTO `admin_activity_log` VALUES ('635', '2014-12-27 19:58:40', '1', 'categories.php', 'cPath=65_70&', '127.0.0.1', '0', '', '');
INSERT INTO `admin_activity_log` VALUES ('636', '2014-12-27 19:58:42', '1', 'categories.php', 'cPath=65_70_74&', '127.0.0.1', '0', '', '');
INSERT INTO `admin_activity_log` VALUES ('637', '2014-12-28 02:27:28', '0', 'login.php ', 'camefrom=index.php&', '127.0.0.1', '0', '', '');
INSERT INTO `admin_activity_log` VALUES ('638', '2014-12-28 02:27:34', '0', 'login.php admin', 'camefrom=index.php&', '127.0.0.1', '0', '', 0xAB564A4CC9CDCC8BCF4BCC4D55B2827094749412934B32F3F3800229F996E64996068929A61606C96686E6A6294629491606461696861606C6C626C6264AB500);
INSERT INTO `admin_activity_log` VALUES ('639', '2014-12-28 02:27:45', '1', 'ezpages.php', '', '127.0.0.1', '0', '', '');
INSERT INTO `admin_activity_log` VALUES ('640', '2014-12-28 02:27:56', '1', 'ezpages.php', 'page=1&ezID=12&action=new&', '127.0.0.1', '0', '', '');
INSERT INTO `admin_activity_log` VALUES ('641', '2014-12-28 02:31:35', '1', 'ezpages.php', 'page=1&ezID=12&', '127.0.0.1', '0', '', '');
INSERT INTO `admin_activity_log` VALUES ('642', '2014-12-28 02:31:40', '1', 'ezpages.php', 'page=1&ezID=13&', '127.0.0.1', '0', '', '');
INSERT INTO `admin_activity_log` VALUES ('643', '2014-12-28 02:31:40', '1', 'ezpages.php', 'ezID=13&action=new&', '127.0.0.1', '0', '', '');
INSERT INTO `admin_activity_log` VALUES ('644', '2014-12-28 02:31:45', '1', 'ezpages.php', 'ezID=13&', '127.0.0.1', '0', '', '');
INSERT INTO `admin_activity_log` VALUES ('645', '2014-12-28 02:31:59', '1', 'ezpages.php', 'page=1&ezID=14&', '127.0.0.1', '0', '', '');
INSERT INTO `admin_activity_log` VALUES ('646', '2014-12-28 02:32:09', '1', 'ezpages.php', 'page=1&ezID=14&action=new&', '127.0.0.1', '0', '', '');
INSERT INTO `admin_activity_log` VALUES ('647', '2014-12-28 02:32:49', '1', 'ezpages.php', '', '127.0.0.1', '0', '', '');
INSERT INTO `admin_activity_log` VALUES ('648', '2014-12-28 02:34:47', '1', 'define_pages_editor.php', '', '127.0.0.1', '0', '', '');
INSERT INTO `admin_activity_log` VALUES ('649', '2014-12-28 02:34:52', '1', 'define_pages_editor.php', 'define_it=2&action=new_page&', '127.0.0.1', '0', '', '');
INSERT INTO `admin_activity_log` VALUES ('650', '2014-12-28 02:35:08', '1', 'developers_tool_kit.php', '', '127.0.0.1', '0', '', '');
INSERT INTO `admin_activity_log` VALUES ('651', '2014-12-28 02:35:24', '1', 'store_manager.php', '', '127.0.0.1', '0', '', '');
INSERT INTO `admin_activity_log` VALUES ('652', '2014-12-28 02:35:34', '1', 'store_manager.php', 'action=update_all_products_price_sorter&', '127.0.0.1', '0', '', 0x8B8E0500);
INSERT INTO `admin_activity_log` VALUES ('653', '2014-12-28 02:35:34', '1', 'store_manager.php', '', '127.0.0.1', '0', '', '');
INSERT INTO `admin_activity_log` VALUES ('654', '2014-12-28 02:37:14', '1', 'store_manager.php', 'action=clean_debug_files&', '127.0.0.1', '0', '', 0x8B8E0500);
INSERT INTO `admin_activity_log` VALUES ('655', '2014-12-28 02:37:14', '1', 'store_manager.php', '', '127.0.0.1', '0', '', '');
INSERT INTO `admin_activity_log` VALUES ('656', '2014-12-28 02:37:30', '1', 'newsletters.php', '', '127.0.0.1', '0', '', '');
INSERT INTO `admin_activity_log` VALUES ('657', '2014-12-28 02:37:33', '1', 'newsletters.php', 'action=new&', '127.0.0.1', '0', '', '');
INSERT INTO `admin_activity_log` VALUES ('658', '2014-12-28 02:37:48', '1', 'mail.php', '', '127.0.0.1', '0', '', '');
INSERT INTO `admin_activity_log` VALUES ('659', '2014-12-28 02:38:13', '1', 'stats_products_viewed.php', '', '127.0.0.1', '0', '', '');
INSERT INTO `admin_activity_log` VALUES ('660', '2014-12-28 02:38:25', '1', 'orders_status.php', '', '127.0.0.1', '0', '', '');
INSERT INTO `admin_activity_log` VALUES ('661', '2014-12-28 15:07:35', '0', 'login.php ', 'camefrom=index.php&', '127.0.0.1', '0', '', '');
INSERT INTO `admin_activity_log` VALUES ('662', '2014-12-28 15:07:38', '0', 'login.php admin', 'camefrom=index.php&', '127.0.0.1', '0', '', 0xAB564A4CC9CDCC8BCF4BCC4D55B2827094749412934B32F3F3800229F9A9E68666699686A62666662689E66606A626261696C60606A946C629A669E6464AB500);
INSERT INTO `admin_activity_log` VALUES ('663', '2014-12-28 15:07:57', '1', 'configuration.php', 'gID=12&', '127.0.0.1', '0', '', '');
INSERT INTO `admin_activity_log` VALUES ('664', '2014-12-28 15:08:00', '1', 'configuration.php', 'gID=11&', '127.0.0.1', '0', '', '');
INSERT INTO `admin_activity_log` VALUES ('665', '2014-12-28 15:08:36', '1', 'configuration.php', 'gID=1&', '127.0.0.1', '0', '', '');
INSERT INTO `admin_activity_log` VALUES ('666', '2014-12-28 15:08:59', '1', 'configuration.php', 'gID=1&cID=11&action=edit&', '127.0.0.1', '0', '', '');
INSERT INTO `admin_activity_log` VALUES ('667', '2014-12-28 16:24:09', '0', 'login.php ', 'camefrom=categories.php&', '127.0.0.1', '0', '', '');
INSERT INTO `admin_activity_log` VALUES ('668', '2014-12-28 19:44:01', '0', 'login.php ', 'camefrom=categories.php&', '127.0.0.1', '0', '', '');
INSERT INTO `admin_activity_log` VALUES ('669', '2014-12-28 20:17:18', '0', 'login.php ', 'camefrom=categories.php&', '127.0.0.1', '0', '', '');
INSERT INTO `admin_activity_log` VALUES ('670', '2014-12-28 20:17:19', '0', 'login.php ', 'camefrom=categories.php&', '127.0.0.1', '0', '', '');
INSERT INTO `admin_activity_log` VALUES ('671', '2014-12-28 21:34:12', '0', 'login.php ', 'camefrom=index.php&', '127.0.0.1', '0', '', '');
INSERT INTO `admin_activity_log` VALUES ('672', '2014-12-28 21:34:17', '0', 'login.php admin', 'camefrom=index.php&', '127.0.0.1', '0', '', 0xAB564A4CC9CDCC8BCF4BCC4D55B2827094749412934B32F3F3800229F966491696C626268966A9294926C6E6E68969068929A66906A9C6E696161696A94AB500);
INSERT INTO `admin_activity_log` VALUES ('673', '2014-12-28 21:34:20', '1', 'configuration.php', 'gID=1&', '127.0.0.1', '0', '', '');
INSERT INTO `admin_activity_log` VALUES ('674', '2014-12-28 21:35:18', '1', 'configuration.php', 'gID=9&', '127.0.0.1', '0', '', '');
INSERT INTO `admin_activity_log` VALUES ('675', '2014-12-28 21:35:27', '1', 'configuration.php', 'gID=9&cID=234&action=edit&', '127.0.0.1', '0', '', '');
INSERT INTO `admin_activity_log` VALUES ('676', '2014-12-28 21:36:10', '1', 'configuration.php', 'gID=9&cID=234&action=save&', '127.0.0.1', '0', '', 0xAB564ACECF4BCB4C2F2D4A2CC9CCCF8B2F4BCC294D55B2523254D2512A2E4DCACD2C090C75F40BF10C898C777175F6F475F4098EAF00CA1B59E25150095460A1540B00);
INSERT INTO `admin_activity_log` VALUES ('677', '2014-12-28 21:36:10', '1', 'configuration.php', 'gID=9&cID=234&', '127.0.0.1', '0', '', '');
INSERT INTO `admin_activity_log` VALUES ('678', '2014-12-31 20:50:31', '0', 'login.php ', 'camefrom=index.php&', '127.0.0.1', '0', '', '');
INSERT INTO `admin_activity_log` VALUES ('679', '2014-12-31 20:50:40', '0', 'login.php admin', 'camefrom=index.php&', '127.0.0.1', '0', '', 0xAB564A4CC9CDCC8BCF4BCC4D55B2827094749412934B32F3F3800229F9C62696692946C9E64906E6296689C996C606A6C9E6896666A9A666C6696646C64AB500);
INSERT INTO `admin_activity_log` VALUES ('680', '2014-12-31 20:50:44', '1', 'featured.php', '', '127.0.0.1', '0', '', '');
INSERT INTO `admin_activity_log` VALUES ('681', '2014-12-31 20:50:46', '1', 'featured.php', 'action=new&', '127.0.0.1', '0', '', '');
INSERT INTO `admin_activity_log` VALUES ('682', '2014-12-31 20:50:48', '1', 'featured.php', 'action=insert&go_back=&', '127.0.0.1', '0', '', 0xAB562A28CA4F294D2E298ECF4C51B25232B43051D2418815146526A702858162C52589452510666A1E48A9522D00);
INSERT INTO `admin_activity_log` VALUES ('683', '2014-12-31 20:50:48', '1', 'featured.php', 'fID=11&', '127.0.0.1', '0', '', '');
INSERT INTO `admin_activity_log` VALUES ('684', '2014-12-31 20:50:49', '1', 'featured.php', 'page=1&action=new&', '127.0.0.1', '0', '', '');
INSERT INTO `admin_activity_log` VALUES ('685', '2014-12-31 20:50:51', '1', 'featured.php', 'page=1&action=insert&go_back=&', '127.0.0.1', '0', '', 0xAB562A28CA4F294D2E298ECF4C51B25232B43453D2418815146526A702858162C52589452510666A1E48A9522D00);
INSERT INTO `admin_activity_log` VALUES ('686', '2014-12-31 20:50:51', '1', 'featured.php', 'page=1&fID=12&', '127.0.0.1', '0', '', '');
INSERT INTO `admin_activity_log` VALUES ('687', '2014-12-31 20:50:52', '1', 'featured.php', 'page=1&action=new&', '127.0.0.1', '0', '', '');
INSERT INTO `admin_activity_log` VALUES ('688', '2014-12-31 20:50:54', '1', 'featured.php', 'page=1&action=insert&go_back=&', '127.0.0.1', '0', '', 0xAB562A28CA4F294D2E298ECF4C51B25232B43055D2418815146526A702858162C52589452510666A1E48A9522D00);
INSERT INTO `admin_activity_log` VALUES ('689', '2014-12-31 20:50:54', '1', 'featured.php', 'page=1&fID=13&', '127.0.0.1', '0', '', '');
INSERT INTO `admin_activity_log` VALUES ('690', '2014-12-31 20:50:55', '1', 'featured.php', 'page=1&action=new&', '127.0.0.1', '0', '', '');
INSERT INTO `admin_activity_log` VALUES ('691', '2014-12-31 20:50:57', '1', 'featured.php', 'page=1&action=insert&go_back=&', '127.0.0.1', '0', '', 0xAB562A28CA4F294D2E298ECF4C51B25232B43454D2418815146526A702858162C52589452510666A1E48A9522D00);
INSERT INTO `admin_activity_log` VALUES ('692', '2014-12-31 20:50:57', '1', 'featured.php', 'page=1&fID=14&', '127.0.0.1', '0', '', '');
INSERT INTO `admin_activity_log` VALUES ('693', '2014-12-31 20:50:58', '1', 'featured.php', 'page=1&action=new&', '127.0.0.1', '0', '', '');
INSERT INTO `admin_activity_log` VALUES ('694', '2014-12-31 20:51:01', '1', 'featured.php', 'page=1&action=insert&go_back=&', '127.0.0.1', '0', '', 0xAB562A28CA4F294D2E298ECF4C51B25232B43056D2418815146526A702858162C52589452510666A1E48A9522D00);
INSERT INTO `admin_activity_log` VALUES ('695', '2014-12-31 20:51:01', '1', 'featured.php', 'page=1&fID=15&', '127.0.0.1', '0', '', '');
INSERT INTO `admin_activity_log` VALUES ('696', '2014-12-31 20:51:02', '1', 'featured.php', 'page=1&action=new&', '127.0.0.1', '0', '', '');
INSERT INTO `admin_activity_log` VALUES ('697', '2014-12-31 20:51:04', '1', 'featured.php', 'page=1&action=insert&go_back=&', '127.0.0.1', '0', '', 0xAB562A28CA4F294D2E298ECF4C51B25232B4B054D2418815146526A702858162C52589452510666A1E48A9522D00);
INSERT INTO `admin_activity_log` VALUES ('698', '2014-12-31 20:51:04', '1', 'featured.php', 'page=1&fID=16&', '127.0.0.1', '0', '', '');
INSERT INTO `admin_activity_log` VALUES ('699', '2014-12-31 20:51:06', '1', 'featured.php', 'page=1&action=new&', '127.0.0.1', '0', '', '');
INSERT INTO `admin_activity_log` VALUES ('700', '2014-12-31 20:51:08', '1', 'featured.php', 'page=1&action=insert&go_back=&', '127.0.0.1', '0', '', 0xAB562A28CA4F294D2E298ECF4C51B25232B43450D2418815146526A702858162C52589452510666A1E48A9522D00);
INSERT INTO `admin_activity_log` VALUES ('701', '2014-12-31 20:51:08', '1', 'featured.php', 'page=1&fID=17&', '127.0.0.1', '0', '', '');
INSERT INTO `admin_activity_log` VALUES ('702', '2014-12-31 20:51:09', '1', 'featured.php', 'page=1&action=new&', '127.0.0.1', '0', '', '');
INSERT INTO `admin_activity_log` VALUES ('703', '2014-12-31 20:51:11', '1', 'featured.php', 'page=1&action=insert&go_back=&', '127.0.0.1', '0', '', 0xAB562A28CA4F294D2E298ECF4C51B25232B43455D2418815146526A702858162C52589452510666A1E48A9522D00);
INSERT INTO `admin_activity_log` VALUES ('704', '2014-12-31 20:51:11', '1', 'featured.php', 'page=1&fID=18&', '127.0.0.1', '0', '', '');
INSERT INTO `admin_activity_log` VALUES ('705', '2014-12-31 20:51:13', '1', 'featured.php', 'page=1&action=new&', '127.0.0.1', '0', '', '');
INSERT INTO `admin_activity_log` VALUES ('706', '2014-12-31 20:51:14', '1', 'featured.php', 'page=1&action=insert&go_back=&', '127.0.0.1', '0', '', 0xAB562A28CA4F294D2E298ECF4C51B25232B43452D2418815146526A702858162C52589452510666A1E48A9522D00);
INSERT INTO `admin_activity_log` VALUES ('707', '2014-12-31 20:51:15', '1', 'featured.php', 'page=1&fID=19&', '127.0.0.1', '0', '', '');
INSERT INTO `admin_activity_log` VALUES ('708', '2014-12-31 20:51:16', '1', 'featured.php', 'page=1&action=new&', '127.0.0.1', '0', '', '');
INSERT INTO `admin_activity_log` VALUES ('709', '2014-12-31 20:51:18', '1', 'featured.php', 'page=1&action=insert&go_back=&', '127.0.0.1', '0', '', 0xAB562A28CA4F294D2E298ECF4C51B25232B43451D2418815146526A702858162C52589452510666A1E48A9522D00);
INSERT INTO `admin_activity_log` VALUES ('710', '2014-12-31 20:51:18', '1', 'featured.php', 'page=1&fID=20&', '127.0.0.1', '0', '', '');
INSERT INTO `admin_activity_log` VALUES ('711', '2014-12-31 20:51:19', '1', 'featured.php', 'page=1&action=new&', '127.0.0.1', '0', '', '');
INSERT INTO `admin_activity_log` VALUES ('712', '2014-12-31 20:51:20', '1', 'featured.php', 'page=1&action=insert&go_back=&', '127.0.0.1', '0', '', 0xAB562A28CA4F294D2E298ECF4C51B25232B43456D2418815146526A702858162C52589452510666A1E48A9522D00);
INSERT INTO `admin_activity_log` VALUES ('713', '2014-12-31 20:51:21', '1', 'featured.php', 'page=1&fID=21&', '127.0.0.1', '0', '', '');
INSERT INTO `admin_activity_log` VALUES ('714', '2014-12-31 20:51:22', '1', 'featured.php', 'page=1&action=new&', '127.0.0.1', '0', '', '');
INSERT INTO `admin_activity_log` VALUES ('715', '2014-12-31 20:51:24', '1', 'featured.php', 'page=1&action=insert&go_back=&', '127.0.0.1', '0', '', 0xAB562A28CA4F294D2E298ECF4C51B25232B43054D2418815146526A702858162C52589452510666A1E48A9522D00);
INSERT INTO `admin_activity_log` VALUES ('716', '2014-12-31 20:51:24', '1', 'featured.php', 'page=1&fID=22&', '127.0.0.1', '0', '', '');
INSERT INTO `admin_activity_log` VALUES ('717', '2014-12-31 20:51:25', '1', 'featured.php', 'page=1&action=new&', '127.0.0.1', '0', '', '');
INSERT INTO `admin_activity_log` VALUES ('718', '2014-12-31 20:51:26', '1', 'featured.php', 'page=1&action=insert&go_back=&', '127.0.0.1', '0', '', 0xAB562A28CA4F294D2E298ECF4C51B25232B43057D2418815146526A702858162C52589452510666A1E48A9522D00);
INSERT INTO `admin_activity_log` VALUES ('719', '2014-12-31 20:51:27', '1', 'featured.php', 'page=1&fID=23&', '127.0.0.1', '0', '', '');
INSERT INTO `admin_activity_log` VALUES ('720', '2014-12-31 20:51:28', '1', 'featured.php', 'page=1&action=new&', '127.0.0.1', '0', '', '');
INSERT INTO `admin_activity_log` VALUES ('721', '2014-12-31 20:51:30', '1', 'featured.php', 'page=1&action=insert&go_back=&', '127.0.0.1', '0', '', 0xAB562A28CA4F294D2E298ECF4C51B25232B43053D2418815146526A702858162C52589452510666A1E48A9522D00);
INSERT INTO `admin_activity_log` VALUES ('722', '2014-12-31 20:51:30', '1', 'featured.php', 'page=1&fID=24&', '127.0.0.1', '0', '', '');
INSERT INTO `admin_activity_log` VALUES ('723', '2014-12-31 20:51:31', '1', 'featured.php', 'page=1&action=new&', '127.0.0.1', '0', '', '');
INSERT INTO `admin_activity_log` VALUES ('724', '2014-12-31 20:51:33', '1', 'featured.php', 'page=1&action=insert&go_back=&', '127.0.0.1', '0', '', 0xAB562A28CA4F294D2E298ECF4C51B25232B43052D2418815146526A702858162C52589452510666A1E48A9522D00);
INSERT INTO `admin_activity_log` VALUES ('725', '2014-12-31 20:51:33', '1', 'featured.php', 'page=1&fID=25&', '127.0.0.1', '0', '', '');
INSERT INTO `admin_activity_log` VALUES ('726', '2014-12-31 20:51:34', '1', 'featured.php', 'page=1&action=new&', '127.0.0.1', '0', '', '');
INSERT INTO `admin_activity_log` VALUES ('727', '2014-12-31 20:51:36', '1', 'featured.php', 'page=1&action=insert&go_back=&', '127.0.0.1', '0', '', 0xAB562A28CA4F294D2E298ECF4C51B25232B43050D2418815146526A702858162C52589452510666A1E48A9522D00);
INSERT INTO `admin_activity_log` VALUES ('728', '2014-12-31 20:51:36', '1', 'featured.php', 'page=1&fID=26&', '127.0.0.1', '0', '', '');
INSERT INTO `admin_activity_log` VALUES ('729', '2014-12-31 20:51:37', '1', 'featured.php', 'page=1&action=new&', '127.0.0.1', '0', '', '');
INSERT INTO `admin_activity_log` VALUES ('730', '2014-12-31 20:51:39', '1', 'featured.php', 'page=1&action=insert&go_back=&', '127.0.0.1', '0', '', 0xAB562A28CA4F294D2E298ECF4C51B25232B4B050D2418815146526A702858162C52589452510666A1E48A9522D00);
INSERT INTO `admin_activity_log` VALUES ('731', '2014-12-31 20:51:39', '1', 'featured.php', 'page=1&fID=27&', '127.0.0.1', '0', '', '');
INSERT INTO `admin_activity_log` VALUES ('732', '2015-01-01 14:24:14', '0', 'login.php ', 'camefrom=index.php&', '127.0.0.1', '0', '', '');
INSERT INTO `admin_activity_log` VALUES ('733', '2015-01-01 14:24:17', '0', 'login.php admin', 'camefrom=index.php&', '127.0.0.1', '0', '', 0xAB564A4CC9CDCC8BCF4BCC4D55B2827094749412934B32F3F3800229F94969E6C606A9C9A6060616C66906C6494649A61616A92966A92689C9490649664AB500);
INSERT INTO `admin_activity_log` VALUES ('734', '2015-01-01 14:24:20', '1', 'countries.php', '', '127.0.0.1', '0', '', '');
INSERT INTO `admin_activity_log` VALUES ('735', '2015-01-01 14:24:33', '1', 'countries.php', 'page=2&', '127.0.0.1', '0', '', '');
INSERT INTO `admin_activity_log` VALUES ('736', '2015-01-01 14:24:36', '1', 'countries.php', 'page=3&', '127.0.0.1', '0', '', '');
INSERT INTO `admin_activity_log` VALUES ('737', '2015-01-01 14:24:48', '1', 'countries.php', 'page=3&cID=44&', '127.0.0.1', '0', '', '');
INSERT INTO `admin_activity_log` VALUES ('738', '2015-01-01 14:24:56', '1', 'countries.php', 'page=3&cID=45&', '127.0.0.1', '0', '', '');
INSERT INTO `admin_activity_log` VALUES ('739', '2015-01-01 14:24:57', '1', 'countries.php', 'page=3&cID=44&', '127.0.0.1', '0', '', '');
INSERT INTO `admin_activity_log` VALUES ('740', '2015-01-01 14:26:32', '1', 'currencies.php', '', '127.0.0.1', '0', '', '');
INSERT INTO `admin_activity_log` VALUES ('741', '2015-01-01 14:27:04', '1', 'orders_status.php', '', '127.0.0.1', '0', '', '');
INSERT INTO `admin_activity_log` VALUES ('742', '2015-01-01 14:27:29', '1', 'countries.php', '', '127.0.0.1', '0', '', '');
INSERT INTO `admin_activity_log` VALUES ('743', '2015-01-01 14:28:05', '1', 'zones.php', '', '127.0.0.1', '0', '', '');
INSERT INTO `admin_activity_log` VALUES ('744', '2015-01-01 14:28:23', '1', 'zones.php', 'page=2&', '127.0.0.1', '0', '', '');
INSERT INTO `admin_activity_log` VALUES ('745', '2015-01-01 14:28:34', '1', 'zones.php', 'page=3&', '127.0.0.1', '0', '', '');
INSERT INTO `admin_activity_log` VALUES ('746', '2015-01-01 14:28:37', '1', 'zones.php', 'page=4&', '127.0.0.1', '0', '', '');
INSERT INTO `admin_activity_log` VALUES ('747', '2015-01-01 14:28:40', '1', 'zones.php', 'page=5&', '127.0.0.1', '0', '', '');
INSERT INTO `admin_activity_log` VALUES ('748', '2015-01-01 14:28:43', '1', 'zones.php', 'page=6&', '127.0.0.1', '0', '', '');
INSERT INTO `admin_activity_log` VALUES ('749', '2015-01-01 14:28:45', '1', 'zones.php', 'page=7&', '127.0.0.1', '0', '', '');
INSERT INTO `admin_activity_log` VALUES ('750', '2015-01-01 14:28:46', '1', 'zones.php', 'page=8&', '127.0.0.1', '0', '', '');
INSERT INTO `admin_activity_log` VALUES ('751', '2015-01-01 14:28:49', '1', 'zones.php', 'page=13&', '127.0.0.1', '0', '', '');
INSERT INTO `admin_activity_log` VALUES ('752', '2015-01-01 14:28:56', '1', 'zones.php', 'page=15&', '127.0.0.1', '0', '', '');
INSERT INTO `admin_activity_log` VALUES ('753', '2015-01-02 02:36:28', '0', 'login.php ', 'camefrom=zones.php&page=15&', '127.0.0.1', '0', '', '');
INSERT INTO `admin_activity_log` VALUES ('754', '2015-01-02 02:36:37', '0', 'login.php admin', 'camefrom=zones.php&page=15&', '127.0.0.1', '0', '', 0xAB564A4CC9CDCC8BCF4BCC4D55B2827094749412934B32F3F3800229F966C616C64929A689E64629A6A9168926862949C98906A996A9962986168669A64AB500);
INSERT INTO `admin_activity_log` VALUES ('755', '2015-01-02 02:36:50', '0', 'login.php admin', 'camefrom=zones.php&page=15&', '127.0.0.1', '0', '', 0xAB564A4CC9CDCC8BCF4BCC4D55B2827094749412934B32F3F3800229F966C616C64929A689E64629A6A9168926862949C98906A996A9962986168669A64AB500);
INSERT INTO `admin_activity_log` VALUES ('756', '2015-01-02 02:36:58', '0', 'login.php admin', 'camefrom=zones.php&page=15&', '127.0.0.1', '0', '', 0xAB564A4CC9CDCC8BCF4BCC4D55B2827094749412934B32F3F3800229F966C616C64929A689E64629A6A9168926862949C98906A996A9962986168669A64AB500);
INSERT INTO `admin_activity_log` VALUES ('757', '2015-01-02 02:36:58', '1', 'zones.php', 'page=15&', '127.0.0.1', '0', '', '');
INSERT INTO `admin_activity_log` VALUES ('758', '2015-01-02 02:37:03', '1', 'modules.php', 'set=payment&', '127.0.0.1', '0', '', '');
INSERT INTO `admin_activity_log` VALUES ('759', '2015-01-02 02:37:15', '1', 'modules.php', 'set=payment&module=paypal&', '127.0.0.1', '0', '', '');
INSERT INTO `admin_activity_log` VALUES ('760', '2015-01-02 02:37:54', '1', 'modules.php', 'set=payment&module=paypaldp&', '127.0.0.1', '0', '', '');
INSERT INTO `admin_activity_log` VALUES ('761', '2015-01-02 02:38:08', '1', 'modules.php', 'set=payment&module=paypalwpp&', '127.0.0.1', '0', '', '');
INSERT INTO `admin_activity_log` VALUES ('762', '2015-01-02 02:38:45', '1', 'modules.php', 'set=payment&action=install&', '127.0.0.1', '0', '', 0xAB56CACD4F29CD4955B2522A48AC2C48CC292F2850D251CACC2B2E49CCC9712A2D29C9CF8BAF00CA9A1863085702850D0D946A01);
INSERT INTO `admin_activity_log` VALUES ('763', '2015-01-02 02:38:46', '1', 'modules.php', 'set=payment&module=paypalwpp&action=edit&', '127.0.0.1', '0', '', '');
INSERT INTO `admin_activity_log` VALUES ('764', '2015-01-02 03:56:09', '0', 'login.php ', 'camefrom=index.php&', '127.0.0.1', '0', '', '');
INSERT INTO `admin_activity_log` VALUES ('765', '2015-01-02 03:56:13', '0', 'login.php admin', 'camefrom=index.php&', '127.0.0.1', '0', '', 0xAB564A4CC9CDCC8BCF4BCC4D55B2827094749412934B32F3F3800229F9A9162626C9A96966A6260629C929A98649C9466996969626E6E6A929899606964AB500);
INSERT INTO `admin_activity_log` VALUES ('766', '2015-01-02 03:56:16', '1', 'modules.php', 'set=payment&', '127.0.0.1', '0', '', '');
INSERT INTO `admin_activity_log` VALUES ('767', '2015-01-02 03:56:19', '1', 'modules.php', 'set=ordertotal&', '127.0.0.1', '0', '', '');
INSERT INTO `admin_activity_log` VALUES ('768', '2015-01-02 04:56:06', '0', 'login.php ', 'camefrom=index.php&', '127.0.0.1', '0', '', '');
INSERT INTO `admin_activity_log` VALUES ('769', '2015-01-02 04:56:12', '0', 'login.php admin', 'camefrom=index.php&', '127.0.0.1', '0', '', 0xAB564A4CC9CDCC8BCF4BCC4D55B2827094749412934B32F3F3800229F9694969068626291649E68669A989A6A629A6894066628AB181A1A5A9A18191522D00);
INSERT INTO `admin_activity_log` VALUES ('770', '2015-01-02 04:56:15', '1', 'modules.php', 'set=shipping&', '127.0.0.1', '0', '', '');
INSERT INTO `admin_activity_log` VALUES ('771', '2015-01-02 04:56:19', '1', 'modules.php', 'set=payment&', '127.0.0.1', '0', '', '');
INSERT INTO `admin_activity_log` VALUES ('772', '2015-01-02 04:56:23', '1', 'modules.php', 'set=ordertotal&', '127.0.0.1', '0', '', '');
INSERT INTO `admin_activity_log` VALUES ('773', '2015-01-02 04:56:56', '1', 'modules.php', 'set=ordertotal&module=ot_subtotal&', '127.0.0.1', '0', '', '');
INSERT INTO `admin_activity_log` VALUES ('774', '2015-01-02 04:57:04', '1', 'modules.php', 'set=ordertotal&module=ot_subtotal&action=edit&', '127.0.0.1', '0', '', '');
INSERT INTO `admin_activity_log` VALUES ('775', '2015-01-02 04:57:07', '1', 'modules.php', 'set=ordertotal&module=ot_tax&', '127.0.0.1', '0', '', '');
INSERT INTO `admin_activity_log` VALUES ('776', '2015-01-02 04:57:09', '1', 'modules.php', 'set=ordertotal&module=ot_shipping&', '127.0.0.1', '0', '', '');
INSERT INTO `admin_activity_log` VALUES ('777', '2015-01-02 04:57:31', '1', 'modules.php', 'set=ordertotal&module=ot_loworderfee&', '127.0.0.1', '0', '', '');
INSERT INTO `admin_activity_log` VALUES ('778', '2015-01-02 04:57:37', '1', 'modules.php', 'set=payment&', '127.0.0.1', '0', '', '');
INSERT INTO `admin_activity_log` VALUES ('779', '2015-01-02 04:57:39', '1', 'modules.php', 'set=shipping&', '127.0.0.1', '0', '', '');
INSERT INTO `admin_activity_log` VALUES ('780', '2015-01-02 04:57:41', '1', 'modules.php', 'set=ordertotal&', '127.0.0.1', '0', '', '');
INSERT INTO `admin_activity_log` VALUES ('781', '2015-01-02 19:11:11', '0', 'login.php ', 'camefrom=index.php&', '127.0.0.1', '0', '', '');
INSERT INTO `admin_activity_log` VALUES ('782', '2015-01-02 19:11:16', '0', 'login.php admin', 'camefrom=index.php&', '127.0.0.1', '0', '', 0xAB564A4CC9CDCC8BCF4BCC4D55B2827094749412934B32F3F3800229F9A9E6890649C646C686A686260640DA2CC5DC3C29C9D2282929252DD1D0D242A91600);
INSERT INTO `admin_activity_log` VALUES ('783', '2015-01-02 19:11:18', '1', 'modules.php', 'set=ordertotal&', '127.0.0.1', '0', '', '');
INSERT INTO `admin_activity_log` VALUES ('784', '2015-01-02 19:11:23', '1', 'modules.php', 'set=ordertotal&module=ot_shipping&', '127.0.0.1', '0', '', '');
INSERT INTO `admin_activity_log` VALUES ('785', '2015-01-02 19:11:26', '1', 'modules.php', 'set=ordertotal&module=ot_shipping&action=edit&', '127.0.0.1', '0', '', '');
INSERT INTO `admin_activity_log` VALUES ('786', '2015-01-02 19:56:22', '0', 'login.php ', 'camefrom=modules.php&set=shipping&', '127.0.0.1', '0', '', '');
INSERT INTO `admin_activity_log` VALUES ('787', '2015-01-02 22:52:18', '0', 'login.php ', 'camefrom=index.php&', '127.0.0.1', '0', '', '');
INSERT INTO `admin_activity_log` VALUES ('788', '2015-01-02 22:52:28', '0', 'login.php admin', 'camefrom=index.php&', '127.0.0.1', '0', '', 0xAB564A4CC9CDCC8BCF4BCC4D55B2827094749412934B32F3F3800229F906C6A969162926E686A9894986A6E616268606A626694949C6E68949A62649C64AB500);
INSERT INTO `admin_activity_log` VALUES ('789', '2015-01-02 22:52:45', '1', 'configuration.php', 'gID=17&', '127.0.0.1', '0', '', '');
INSERT INTO `admin_activity_log` VALUES ('790', '2015-01-02 22:53:44', '1', 'configuration.php', 'gID=17&cID=321&action=edit&', '127.0.0.1', '0', '', '');
INSERT INTO `admin_activity_log` VALUES ('791', '2015-01-02 22:53:49', '1', 'configuration.php', 'gID=17&cID=321&action=save&', '127.0.0.1', '0', '', 0xAB564ACECF4BCB4C2F2D4A2CC9CCCF8B2F4BCC294D55B2523252D2512A2E4DCACD2C09F6F00F8F777476760D08717589770E7275F10C8977760C72098EAF0029342446652550A5B9522D00);
INSERT INTO `admin_activity_log` VALUES ('792', '2015-01-02 22:53:49', '1', 'configuration.php', 'gID=17&cID=321&', '127.0.0.1', '0', '', '');
INSERT INTO `admin_activity_log` VALUES ('793', '2015-01-02 22:59:35', '1', 'modules.php', 'set=ordertotal&', '127.0.0.1', '0', '', '');
INSERT INTO `admin_activity_log` VALUES ('794', '2015-01-02 23:48:27', '0', 'login.php ', 'camefrom=modules.php&set=ordertotal&', '127.0.0.1', '0', '', '');
INSERT INTO `admin_activity_log` VALUES ('795', '2015-01-02 23:48:33', '0', 'login.php admin', 'camefrom=modules.php&set=ordertotal&', '127.0.0.1', '0', '', 0xAB564A4CC9CDCC8BCF4BCC4D55B2827094749412934B32F3F3800229F9066689268969864649A9E69666A9A916C9868966A9C94629C629C646C68926864AB500);
INSERT INTO `admin_activity_log` VALUES ('796', '2015-01-02 23:48:33', '1', 'modules.php', 'set=ordertotal&', '127.0.0.1', '0', '', '');
INSERT INTO `admin_activity_log` VALUES ('797', '2015-01-02 23:48:39', '1', 'modules.php', 'set=payment&', '127.0.0.1', '0', '', '');
INSERT INTO `admin_activity_log` VALUES ('798', '2015-01-02 23:48:42', '1', 'modules.php', 'set=payment&module=paypal&', '127.0.0.1', '0', '', '');
INSERT INTO `admin_activity_log` VALUES ('799', '2015-01-02 23:48:54', '1', 'modules.php', 'set=payment&module=paypalwpp&', '127.0.0.1', '0', '', '');
INSERT INTO `admin_activity_log` VALUES ('800', '2015-01-02 23:48:56', '1', 'modules.php', 'set=payment&module=paypalwpp&action=edit&', '127.0.0.1', '0', '', '');
INSERT INTO `admin_activity_log` VALUES ('801', '2015-01-02 23:54:40', '1', 'modules.php', 'set=payment&module=moneyorder&', '127.0.0.1', '0', '', '');
INSERT INTO `admin_activity_log` VALUES ('802', '2015-01-02 23:54:42', '1', 'modules.php', 'set=payment&module=paypal&', '127.0.0.1', '0', '', '');
INSERT INTO `admin_activity_log` VALUES ('803', '2015-01-02 23:55:54', '1', 'modules.php', 'set=payment&action=install&', '127.0.0.1', '0', '', 0xAB56CACD4F29CD4955B2522A48AC2C48CC51D251CACC2B2E49CCC9712A2D29C9CF8BAF004A195B60085702850D4D946A01);
INSERT INTO `admin_activity_log` VALUES ('804', '2015-01-02 23:55:55', '1', 'modules.php', 'set=payment&module=paypalwpp&', '127.0.0.1', '0', '', '');
INSERT INTO `admin_activity_log` VALUES ('805', '2015-01-03 20:18:48', '0', 'login.php ', 'camefrom=index.php&', '127.0.0.1', '0', '', '');
INSERT INTO `admin_activity_log` VALUES ('806', '2015-01-03 20:18:52', '0', 'login.php admin', 'camefrom=index.php&', '127.0.0.1', '0', '', 0xAB564A4CC9CDCC8BCF4BCC4D55B2827094749412934B32F3F3800229F98629461649468916A6C906498646E6266629C9294946A966868969A989E689C64AB500);
INSERT INTO `admin_activity_log` VALUES ('807', '2015-01-03 20:18:54', '1', 'categories.php', '', '127.0.0.1', '0', '', '');
INSERT INTO `admin_activity_log` VALUES ('808', '2015-01-03 20:18:56', '1', 'categories.php', 'cPath=65&', '127.0.0.1', '0', '', '');
INSERT INTO `admin_activity_log` VALUES ('809', '2015-01-03 20:18:57', '1', 'categories.php', 'cPath=65_70&', '127.0.0.1', '0', '', '');
INSERT INTO `admin_activity_log` VALUES ('810', '2015-01-03 20:18:58', '1', 'categories.php', 'cPath=65_70_75&', '127.0.0.1', '0', '', '');
INSERT INTO `admin_activity_log` VALUES ('811', '2015-01-03 20:19:02', '1', 'product.php', 'page=1&product_type=1&cPath=65_70_75&pID=192&action=new_product&', '127.0.0.1', '0', '', '');
INSERT INTO `admin_activity_log` VALUES ('812', '2015-01-03 20:19:02', '1', 'product.php', 'cPath=65_70_75&product_type=1&pID=192&action=new_product&', '127.0.0.1', '0', '', '');
INSERT INTO `admin_activity_log` VALUES ('813', '2015-01-03 20:19:43', '1', 'featured.php', '', '127.0.0.1', '0', '', '');
INSERT INTO `admin_activity_log` VALUES ('814', '2015-01-03 20:19:46', '1', 'featured.php', 'action=new&', '127.0.0.1', '0', '', '');
INSERT INTO `admin_activity_log` VALUES ('815', '2015-01-03 20:19:51', '1', 'specials.php', '', '127.0.0.1', '0', '', '');
INSERT INTO `admin_activity_log` VALUES ('816', '2015-01-03 20:19:53', '1', 'specials.php', 'action=new&', '127.0.0.1', '0', '', '');
INSERT INTO `admin_activity_log` VALUES ('817', '2015-01-03 20:20:13', '1', 'products_price_manager.php', '', '127.0.0.1', '0', '', '');
INSERT INTO `admin_activity_log` VALUES ('818', '2015-01-03 20:20:24', '1', 'products_price_manager.php', 'current_category_id=74&products_filter=&action=new_cat&', '127.0.0.1', '0', '', '');
INSERT INTO `admin_activity_log` VALUES ('819', '2015-01-03 20:20:24', '1', 'products_price_manager.php', 'products_filter=184&current_category_id=74&', '127.0.0.1', '0', '', '');
INSERT INTO `admin_activity_log` VALUES ('820', '2015-01-03 20:20:30', '1', 'products_price_manager.php', 'current_category_id=70&products_filter=184&action=new_cat&', '127.0.0.1', '0', '', '');
INSERT INTO `admin_activity_log` VALUES ('821', '2015-01-03 20:20:30', '1', 'products_price_manager.php', 'products_filter=&current_category_id=70&', '127.0.0.1', '0', '', '');
INSERT INTO `admin_activity_log` VALUES ('822', '2015-01-03 20:20:33', '1', 'products_price_manager.php', 'current_category_id=74&products_filter=&action=new_cat&', '127.0.0.1', '0', '', '');
INSERT INTO `admin_activity_log` VALUES ('823', '2015-01-03 20:20:34', '1', 'products_price_manager.php', 'products_filter=184&current_category_id=74&', '127.0.0.1', '0', '', '');
INSERT INTO `admin_activity_log` VALUES ('824', '2015-01-03 20:24:01', '1', 'categories.php', '', '127.0.0.1', '0', '', '');
INSERT INTO `admin_activity_log` VALUES ('825', '2015-01-03 20:24:02', '1', 'categories.php', 'cPath=65&', '127.0.0.1', '0', '', '');
INSERT INTO `admin_activity_log` VALUES ('826', '2015-01-03 20:24:03', '1', 'categories.php', 'cPath=65_70&', '127.0.0.1', '0', '', '');
INSERT INTO `admin_activity_log` VALUES ('827', '2015-01-03 20:24:05', '1', 'categories.php', 'cPath=65_70_74&', '127.0.0.1', '0', '', '');
INSERT INTO `admin_activity_log` VALUES ('828', '2015-01-03 20:24:06', '1', 'product.php', 'page=1&product_type=1&cPath=65_70_74&pID=184&action=new_product&', '127.0.0.1', '0', '', '');
INSERT INTO `admin_activity_log` VALUES ('829', '2015-01-03 20:25:45', '1', 'product.php', 'page=1&product_type=1&cPath=65_70_74&pID=184&action=new_product&', '127.0.0.1', '0', '', '');
INSERT INTO `admin_activity_log` VALUES ('830', '2015-01-03 21:23:55', '0', 'login.php ', 'camefrom=product.php&page=1&product_type=1&cPath=65_70_74&pID=184&action=new_product&', '127.0.0.1', '0', '', '');
INSERT INTO `admin_activity_log` VALUES ('831', '2015-01-03 21:24:01', '0', 'login.php admin', 'camefrom=product.php&page=1&product_type=1&cPath=65_70_74&pID=184&action=new_product&', '127.0.0.1', '0', '', 0xAB564A4CC9CDCC8BCF4BCC4D55B2827094749412934B32F3F3800229F9264696694929C626866649A92649C9A6E6C929E68669C946E6E66926698986864AB500);
INSERT INTO `admin_activity_log` VALUES ('832', '2015-01-03 21:24:09', '0', 'login.php admin', 'camefrom=product.php&page=1&product_type=1&cPath=65_70_74&pID=184&action=new_product&', '127.0.0.1', '0', '', 0xAB564A4CC9CDCC8BCF4BCC4D55B2827094749412934B32F3F3800229F9264696694929C626866649A92649C9A6E6C929E68669C946E6E66926698986864AB500);
INSERT INTO `admin_activity_log` VALUES ('833', '2015-01-03 21:24:09', '1', 'product.php', 'page=1&product_type=1&cPath=65_70_74&pID=184&action=new_product&', '127.0.0.1', '0', '', '');
INSERT INTO `admin_activity_log` VALUES ('834', '2015-01-03 21:24:17', '1', 'newsletters.php', '', '127.0.0.1', '0', '', '');
INSERT INTO `admin_activity_log` VALUES ('835', '2015-01-03 21:24:19', '1', 'newsletters.php', 'action=new&', '127.0.0.1', '0', '', '');
INSERT INTO `admin_activity_log` VALUES ('836', '2015-01-03 21:24:35', '1', 'mail.php', '', '127.0.0.1', '0', '', '');
INSERT INTO `admin_activity_log` VALUES ('837', '2015-01-03 21:24:48', '1', 'newsletters.php', '', '127.0.0.1', '0', '', '');
INSERT INTO `admin_activity_log` VALUES ('838', '2015-01-03 21:24:50', '1', 'newsletters.php', 'action=new&', '127.0.0.1', '0', '', '');
INSERT INTO `admin_activity_log` VALUES ('839', '2015-01-03 21:25:03', '1', 'newsletters.php', 'action=insert&', '127.0.0.1', '0', '', 0xAB56CACD4F29CD4955B252CA4B2D2FCE492D29492D52D2512AC92C010B86A4169700B9B9A9C5C589E9A9F11925B93908D1E4FCBC92D4BC1298402D00);
INSERT INTO `admin_activity_log` VALUES ('840', '2015-01-03 21:25:03', '1', 'newsletters.php', 'nID=1&', '127.0.0.1', '0', '', '');
INSERT INTO `admin_activity_log` VALUES ('841', '2015-01-03 21:25:09', '1', 'newsletters.php', 'page=1&nID=1&action=send&', '127.0.0.1', '0', '', '');
INSERT INTO `admin_activity_log` VALUES ('842', '2015-01-03 21:25:20', '1', 'newsletters.php', 'page=1&nID=1&action=confirm&', '127.0.0.1', '0', '', 0xAB564A2C4DC94CCD4B4E8D2F4ECD494D2E494D51B25272CCC951F04B2D2FCE492D29492D52082E4D2A4E2ECA4C4A2D2A56AA0500);
INSERT INTO `admin_activity_log` VALUES ('843', '2015-01-03 21:25:28', '1', 'newsletters.php', 'page=1&nID=1&action=confirm_send&', '127.0.0.1', '0', '', 0xAB564A2C4DC94CCD4B4E8D2F4ECD494D2E494D51B25272CCC951F04B2D2FCE492D29492D52082E4D2A4E2ECA4C4A2D2A56AA0500);
INSERT INTO `admin_activity_log` VALUES ('844', '2015-01-03 23:57:33', '0', 'login.php ', 'camefrom=index.php&', '127.0.0.1', '0', '', '');
INSERT INTO `admin_activity_log` VALUES ('845', '2015-01-03 23:57:39', '0', 'login.php admin', 'camefrom=index.php&', '127.0.0.1', '0', '', 0xAB564A4CC9CDCC8BCF4BCC4D55B2827094749412934B32F3F3800229F996862616A66929A949699626A926A99669160629E6C646A686C9C94649C646464AB500);
INSERT INTO `admin_activity_log` VALUES ('846', '2015-01-03 23:57:45', '1', 'ezpages.php', '', '127.0.0.1', '0', '', '');
INSERT INTO `admin_activity_log` VALUES ('847', '2015-01-03 23:57:50', '1', 'ezpages.php', 'action=new&', '127.0.0.1', '0', '', '');
INSERT INTO `admin_activity_log` VALUES ('848', '2015-01-04 00:36:10', '0', 'login.php ', 'camefrom=ezpages.php&', '127.0.0.1', '0', '', '');
INSERT INTO `admin_activity_log` VALUES ('849', '2015-01-04 00:36:15', '0', 'login.php admin', 'camefrom=ezpages.php&', '127.0.0.1', '0', '', 0xAB564A4CC9CDCC8BCF4BCC4D55B2827094749412934B32F3F3800229F9891626296916A606964666E6C669460669292629C966C906966629868606C6164AB500);
INSERT INTO `admin_activity_log` VALUES ('850', '2015-01-04 00:36:15', '1', 'ezpages.php', '', '127.0.0.1', '0', '', '');
INSERT INTO `admin_activity_log` VALUES ('851', '2015-01-04 00:36:23', '1', 'ezpages.php', 'page=1&ezID=13&', '127.0.0.1', '0', '', '');
INSERT INTO `admin_activity_log` VALUES ('852', '2015-01-04 00:36:28', '1', 'ezpages.php', 'page=1&ezID=8&', '127.0.0.1', '0', '', '');
INSERT INTO `admin_activity_log` VALUES ('853', '2015-01-04 00:39:48', '1', 'ezpages.php', 'page=1&ezID=7&', '127.0.0.1', '0', '', '');
INSERT INTO `admin_activity_log` VALUES ('854', '2015-01-04 00:39:52', '1', 'ezpages.php', 'page=1&ezID=7&', '127.0.0.1', '0', '', '');
INSERT INTO `admin_activity_log` VALUES ('855', '2015-01-04 00:39:52', '1', 'ezpages.php', 'ezID=7&action=new&', '127.0.0.1', '0', '', '');
INSERT INTO `admin_activity_log` VALUES ('856', '2015-01-04 00:41:54', '1', 'define_pages_editor.php', '', '127.0.0.1', '0', '', '');
INSERT INTO `admin_activity_log` VALUES ('857', '2015-01-04 00:41:58', '1', 'define_pages_editor.php', 'define_it=1&action=new_page&', '127.0.0.1', '0', '', '');
INSERT INTO `admin_activity_log` VALUES ('858', '2015-01-04 00:42:01', '1', 'define_pages_editor.php', 'define_it=3&action=new_page&', '127.0.0.1', '0', '', '');
INSERT INTO `admin_activity_log` VALUES ('859', '2015-01-04 00:43:52', '1', 'define_pages_editor.php', 'define_it=3&action=new_page&', '127.0.0.1', '0', '', '');
INSERT INTO `admin_activity_log` VALUES ('860', '2015-01-04 00:44:08', '1', 'define_pages_editor.php', '', '127.0.0.1', '0', '', '');
INSERT INTO `admin_activity_log` VALUES ('861', '2015-01-04 00:44:40', '1', 'define_pages_editor.php', 'define_it=9&action=new_page&', '127.0.0.1', '0', '', '');
INSERT INTO `admin_activity_log` VALUES ('862', '2015-01-04 00:45:07', '1', 'define_pages_editor.php', '', '127.0.0.1', '0', '', '');
INSERT INTO `admin_activity_log` VALUES ('863', '2015-01-04 00:45:14', '1', 'ezpages.php', '', '127.0.0.1', '0', '', '');
INSERT INTO `admin_activity_log` VALUES ('864', '2015-01-04 00:48:10', '1', 'define_pages_editor.php', '', '127.0.0.1', '0', '', '');
INSERT INTO `admin_activity_log` VALUES ('865', '2015-01-04 00:48:15', '1', 'define_pages_editor.php', 'define_it=4&action=new_page&', '127.0.0.1', '0', '', '');
INSERT INTO `admin_activity_log` VALUES ('866', '2015-01-04 00:48:20', '1', 'define_pages_editor.php', 'define_it=5&action=new_page&', '127.0.0.1', '0', '', '');
INSERT INTO `admin_activity_log` VALUES ('867', '2015-01-04 00:48:37', '1', 'define_pages_editor.php', 'define_it=5&action=new_page&', '127.0.0.1', '0', '', '');
INSERT INTO `admin_activity_log` VALUES ('868', '2015-01-04 00:48:52', '1', 'define_pages_editor.php', 'define_it=5&action=new_page&', '127.0.0.1', '0', '', '');
INSERT INTO `admin_activity_log` VALUES ('869', '2015-01-04 00:49:00', '1', 'define_pages_editor.php', 'define_it=1&action=new_page&', '127.0.0.1', '0', '', '');
INSERT INTO `admin_activity_log` VALUES ('870', '2015-01-04 00:49:04', '1', 'define_pages_editor.php', 'define_it=1&action=new_page&', '127.0.0.1', '0', '', '');
INSERT INTO `admin_activity_log` VALUES ('871', '2015-01-04 00:50:31', '1', 'define_pages_editor.php', 'define_it=1&action=new_page&', '127.0.0.1', '0', '', '');
INSERT INTO `admin_activity_log` VALUES ('872', '2015-01-04 00:50:40', '1', 'define_pages_editor.php', 'lngdir=english&filename=define__footer_location.php&action=save&', '127.0.0.1', '0', '', 0xED54516BDB3018FC2B1F7E5A216E6C3976969005B2945046D60EF2300A8221DBCA2C664B46525AC2D87FAF9DC4C5F1E42D6E0ADDA0F82592EEEEBB93E3FB69AD594ABF45826BCAB5B2C6D62466F710A544A90FD85A0BA1A9B4531111CD04C7D6144BCCB1C6FA08C6382F50A50861C5AF1AAC0026FE134E339DD2A353ACAFA4C821DCD6B726A13C82DC6E24ACB490F44FA0E5C1A3AA8DC6FDC4AF5BA97B8E44AA206661C34E13D3386E001E24C9F346E02A76F08452A577BB0A7F431FE04EC81F30677A5B5A0C7E27D767ECD98CAF85618C114BE25852A58C70AC11F2E12B78439D14970A9E8C61910A214DD0E61D574F15A1073777E03A8EFBDEE00BF70B67A719CE13C1699BDF4938FD528885C6C377C8451730F41CDB771CAF4B864276F11759845CDB1D79E8E4706DDB79236F2236B28CBBFB53C375B92AA8B98168BABF70FA59707B21D9B8C5FF886460C330CF00F78DFC15D16D5CD7D991FD3C33843BDDE16AC3DB26CC53A1687C96FAB548594CB6FB9B6B9B637EF1FBE963B8A211CD422A010D7A801C77F07C01BF9BC06D4E799D1E9C39DF739F27F089F00D915BD8D3FD6EF62B32EA4236BC63C31763DA6A9432C4346519D5BBE63D01FFF225BE140A66FC3B4DA97A850A0F063EAC2E6149E0A3A40466F7F4B24BF5D5CCF7603E8351519DC1AB35B887BC0B087CCF0E82E0051BBC2EEBFC6F0D7E68E1B32A3C78ABF0B70AFF472ABCB171B43C2CAC5F8F);
INSERT INTO `admin_activity_log` VALUES ('873', '2015-01-04 00:50:40', '1', 'define_pages_editor.php', '', '127.0.0.1', '0', '', '');
INSERT INTO `admin_activity_log` VALUES ('874', '2015-01-04 00:50:43', '1', 'define_pages_editor.php', 'define_it=1&action=new_page&', '127.0.0.1', '0', '', '');
INSERT INTO `admin_activity_log` VALUES ('875', '2015-01-04 00:54:13', '1', 'define_pages_editor.php', 'define_it=0&action=new_page&', '127.0.0.1', '0', '', '');
INSERT INTO `admin_activity_log` VALUES ('876', '2015-01-04 00:54:16', '1', 'define_pages_editor.php', 'lngdir=english&filename=define_checkout_success.php&action=save&', '127.0.0.1', '0', '', 0xC557516FD33010FE2B561E78CBB28136C11893D64D85490C011D42932C4D8EE33486C40EF6651D42FC77CE76D2A519429BC8D2B7DE77A77EDFD977E7CBAF2897A5B8E65A815060A3C3E82893378497CCDA3734CAB50661622BCC8DE48246C7D4504581C24694540A83DC7F3089BF7A611858ECAFE340422936BC14E65265E46BC1A00F1EA56623E84A37B479BEBBF7CA08F25EEBEF522DFF153ED7A6278026C57E5F505F39D7A525994C492E6F07C2867103B7CBECE07851E8DA111C0C7D4D3940102BE53D0C51460A2372E42800EA439AD064B55AED545A67394B8DE47687EB8A2639B385D42AEEC0022A27691E60320F306A61F78969F217EAFF9353E84A0CB5BC436C72216064B55670E98CC9A8D30640AB35F92C9893D12B0DB247FF219893D13B20B658FF9D800B0448DB10D34858CA1C62CE4C16BFDCDD7BB1DB09798B303945F8C142101B342C22D8FF8F1F08E7CAD6D230771563CD059AB8538EA1107189B30F4F23F2738720E2A7E188E7DD367626AC5CAAAEA583352A4B6DF437C121368D5AB19F3EA58F01229F3D342A9B2B9C5463412071939692BBFFB1E0697DD5CE9C73CCD671D5C35D113013B20B63919CADD12DD4E64273C9CA2779AE72C6458AA578371A76DA4EF5B907E753CC055849C00D25F0BABBBC9EAF792F83EF29686B89FB921116EE12EEF2F5B5DCB9476E1A616DCC5416572293ACED1AC4C83356D5AFC98543B75057B3522FA759825264A209672096DA35562A0A5C1FFD68B45C2881A703B17F98FAB731F3517E5C2E7C1461407CDF4FBDAC0CF567324C87B3F3ABAD69E8164B2B566EAD4E7A4BE5C2435B53D63E451CB7F9A47B8BCE9CB93545E18C629075A8AC7040E412ED2DF4DD49AA1B98A6F198A38A9B90B5E7255FC67D2F73D7C8ACDD3CFC37A4FF326478E30119978DFD700C279F262B25FF2228BF18B212F76659D75DBB9DF75DB84107D7A8F9FA6F730EEE553C0D3F1F737F0F28D901B061B646F4FB0F);
INSERT INTO `admin_activity_log` VALUES ('877', '2015-01-04 00:54:16', '1', 'define_pages_editor.php', '', '127.0.0.1', '0', '', '');
INSERT INTO `admin_activity_log` VALUES ('878', '2015-01-04 00:54:51', '1', 'define_pages_editor.php', '', '127.0.0.1', '0', '', '');
INSERT INTO `admin_activity_log` VALUES ('879', '2015-01-04 00:54:59', '1', 'define_pages_editor.php', 'define_it=4&action=new_page&', '127.0.0.1', '0', '', '');
INSERT INTO `admin_activity_log` VALUES ('880', '2015-01-04 00:55:08', '1', 'define_pages_editor.php', 'lngdir=english&filename=define_footer_links.php&action=save&', '127.0.0.1', '0', '', 0xC557516FD33010FE2B561E78CBB28136C11893D64D85490C011D42932C4D8EE33486C40EF6651D42FC77CE76D2A519429BC8D2B7DE77A77EDFD977E7CBAF2897A5B8E65A815060A3C3E82893378497CCDA3734CAB50661622BCC8DE48246C7D4504581C24694540A83DC7F3089BF7A611858ECAFE340422936BC14E65265E46BC1A00F1EA56623E84A37B479BEBBF7CA08F25EEBEF522DFF153ED7A6278026C57E5F505F39D7A525994C492E6F07C2867103B7CBECE07851E8DA111C0C7D4D3940102BE53D0C51460A2372E42800EA439AD064B55AED545A67394B8DE47687EB8A2639B385D42AEEC0022A27691E60320F306A61F78969F217EAFF9353E84A0CB5BC436C72216064B55670E98CC9A8D30640AB35F92C9893D12B0DB247FF219893D13B20B658FF9D800B0448DB10D34858CA1C62CE4C16BFDCDD7BB1DB09798B303945F8C142101B342C22D8FF8F1F08E7CAD6D230771563CD059AB8538EA1107189B30F4F23F2738720E2A7E188E7DD367626AC5CAAAEA583352A4B6DF437C121368D5AB19F3EA58F01229F3D342A9B2B9C5463412071939692BBFFB1E0697DD5CE9C73CCD671D5C35D113013B20B63919CADD12DD4E64273C9CA2779AE72C6458AA578371A76DA4EF5B907E753CC055849C00D25F0BABBBC9EAF792F83EF29686B89FB921116EE12EEF2F5B5DCB9476E1A616DCC5416572293ACED1AC4C83356D5AFC98543B75057B3522FA759825264A209672096DA35562A0A5C1FFD68B45C2881A703B17F98FAB731F3517E5C2E7C1461407CDF4FBDAC0CF567324C87B3F3ABAD69E8164B2B566EAD4E7A4BE5C2435B53D63E451CB7F9A47B8BCE9CB93545E18C629075A8AC7040E412ED2DF4DD49AA1B98A6F198A38A9B90B5E7255FC67D2F73D7C8ACDD3CFC37A4FF326478E30119978DFD700C279F262B25FF2228BF18B212F76659D75DBB9DF75DB84107D7A8F9FA6F730EEE553C0D3F1F737F0F28D901B061B646F4FB0F);
INSERT INTO `admin_activity_log` VALUES ('881', '2015-01-04 00:55:08', '1', 'define_pages_editor.php', '', '127.0.0.1', '0', '', '');
INSERT INTO `admin_activity_log` VALUES ('882', '2015-01-04 00:55:12', '1', 'define_pages_editor.php', 'define_it=4&action=new_page&', '127.0.0.1', '0', '', '');
INSERT INTO `admin_activity_log` VALUES ('883', '2015-01-08 00:19:34', '0', 'login.php ', 'camefrom=index.php&', '127.0.0.1', '0', '', '');
INSERT INTO `admin_activity_log` VALUES ('884', '2015-01-08 00:19:39', '0', 'login.php admin', 'camefrom=index.php&', '127.0.0.1', '0', '', 0xAB564A4CC9CDCC8BCF4BCC4D55B2827094749412934B32F3F3800229F9E60649162669A6660629A966690686266989060649C629A686C6E66996A629164AB500);
INSERT INTO `admin_activity_log` VALUES ('885', '2015-01-08 00:19:50', '1', 'reviews.php', 'status=1&', '127.0.0.1', '0', '', '');
INSERT INTO `admin_activity_log` VALUES ('886', '2015-01-08 00:19:58', '1', 'reviews.php', 'page=1&status=1&rID=3&action=edit&', '127.0.0.1', '0', '', '');
INSERT INTO `admin_activity_log` VALUES ('887', '2015-01-08 00:20:12', '1', 'reviews.php', 'page=1&status=1&rID=3&action=preview&', '127.0.0.1', '0', '', 0x55CDC10E82300C06E057597616DD440872E5C0C5173031210D6BE61436B2153031BEBB2321060FBD7CFFDFF6CD3D4E06E7D010BE8897BC764E2DC377BFC40319AB63966DD0A8086984C13B35B6B48A2C44B4760CE47AF4A1B1D063E48B19B6D555AFD8756E66D51DDB277A54AC7244CEB20AEC04E1EF760F7AD9E8C06BBC1D5271CAF3F3FE31E8585240D88052B8FC3F0A99254226A2604294B228D38C7FBE);
INSERT INTO `admin_activity_log` VALUES ('888', '2015-01-08 00:20:16', '1', 'reviews.php', 'page=1&status=1&rID=3&action=update&', '127.0.0.1', '0', '', 0x55CDC10E82300C06E057597616DD440872E5C0C5173031210D6BE61436B2153031BEBB2321060FBD7CFFDFF6CD3D4E06E7D010BE8897BC764E2DC377BFC40319AB63966DD0A8086984C13B35B6B48A2C44B4760CE47AF4A1B1D063E48B19B6D555AFD8756E66D51DDB277A54AC7244CEB20AEC04E1EF760F7AD9E8C06BBC1D5271CAF3F3FE31E8585240D88052B8FC3F0A99254226A2604294B228D38C7FBE);
INSERT INTO `admin_activity_log` VALUES ('889', '2015-01-08 00:20:17', '1', 'reviews.php', 'page=1&status=1&rID=3&', '127.0.0.1', '0', '', '');
INSERT INTO `admin_activity_log` VALUES ('890', '2015-01-08 00:20:22', '1', 'reviews.php', 'action=setflag&rID=3&page=1&', '127.0.0.1', '0', '', 0xAB564ACB494C57B2523254AA0500);
INSERT INTO `admin_activity_log` VALUES ('891', '2015-01-08 00:20:22', '1', 'reviews.php', 'page=1&rID=3&', '127.0.0.1', '0', '', '');
INSERT INTO `admin_activity_log` VALUES ('892', '2015-01-08 00:21:02', '1', 'reviews.php', 'page=1&rID=3&', '127.0.0.1', '0', '', '');
INSERT INTO `admin_activity_log` VALUES ('893', '2015-01-08 00:21:04', '1', 'reviews.php', 'page=1&rID=4&', '127.0.0.1', '0', '', '');
INSERT INTO `admin_activity_log` VALUES ('894', '2015-01-08 00:21:06', '1', 'reviews.php', 'action=setflag&rID=4&page=1&', '127.0.0.1', '0', '', 0xAB564ACB494C57B2523254AA0500);
INSERT INTO `admin_activity_log` VALUES ('895', '2015-01-08 00:21:06', '1', 'reviews.php', 'page=1&rID=4&', '127.0.0.1', '0', '', '');
INSERT INTO `admin_activity_log` VALUES ('896', '2015-01-08 00:24:04', '1', 'reviews.php', 'page=1&rID=4&', '127.0.0.1', '0', '', '');
INSERT INTO `admin_activity_log` VALUES ('897', '2015-01-08 00:24:05', '1', 'reviews.php', 'action=setflag&rID=5&page=1&', '127.0.0.1', '0', '', 0xAB564ACB494C57B2523254AA0500);
INSERT INTO `admin_activity_log` VALUES ('898', '2015-01-08 00:24:05', '1', 'reviews.php', 'page=1&rID=5&', '127.0.0.1', '0', '', '');
INSERT INTO `admin_activity_log` VALUES ('899', '2015-01-08 00:24:06', '1', 'reviews.php', 'action=setflag&rID=6&page=1&', '127.0.0.1', '0', '', 0xAB564ACB494C57B2523254AA0500);
INSERT INTO `admin_activity_log` VALUES ('900', '2015-01-08 00:24:06', '1', 'reviews.php', 'page=1&rID=6&', '127.0.0.1', '0', '', '');
INSERT INTO `admin_activity_log` VALUES ('901', '2015-01-08 00:38:29', '1', 'reviews.php', 'page=1&rID=6&', '127.0.0.1', '0', '', '');
INSERT INTO `admin_activity_log` VALUES ('902', '2015-01-08 00:47:18', '1', 'reviews.php', 'page=1&rID=6&', '127.0.0.1', '0', '', '');
INSERT INTO `admin_activity_log` VALUES ('903', '2015-01-08 00:47:19', '1', 'reviews.php', 'action=setflag&rID=7&page=1&', '127.0.0.1', '0', '', 0xAB564ACB494C57B2523254AA0500);
INSERT INTO `admin_activity_log` VALUES ('904', '2015-01-08 00:47:19', '1', 'reviews.php', 'page=1&rID=7&', '127.0.0.1', '0', '', '');
INSERT INTO `admin_activity_log` VALUES ('905', '2015-01-08 01:00:01', '1', 'reviews.php', 'page=1&rID=7&', '127.0.0.1', '0', '', '');
INSERT INTO `admin_activity_log` VALUES ('906', '2015-01-08 01:00:02', '1', 'reviews.php', 'action=setflag&rID=8&page=1&', '127.0.0.1', '0', '', 0xAB564ACB494C57B2523254AA0500);
INSERT INTO `admin_activity_log` VALUES ('907', '2015-01-08 01:00:02', '1', 'reviews.php', 'page=1&rID=8&', '127.0.0.1', '0', '', '');
INSERT INTO `admin_activity_log` VALUES ('908', '2015-01-08 01:32:29', '0', 'login.php ', 'camefrom=reviews.php&page=1&rID=8&', '127.0.0.1', '0', '', '');
INSERT INTO `admin_activity_log` VALUES ('909', '2015-01-08 01:32:33', '0', 'login.php admin', 'camefrom=reviews.php&page=1&rID=8&', '127.0.0.1', '0', '', 0xAB564A4CC9CDCC8BCF4BCC4D55B2827094749412934B32F3F3800229F9A99626E666C940C2D2CC22CD2CD93825D1CC20350948A6A65A9AA6A5252AD50200);
INSERT INTO `admin_activity_log` VALUES ('910', '2015-01-08 01:32:33', '1', 'reviews.php', 'page=1&rID=8&', '127.0.0.1', '0', '', '');
INSERT INTO `admin_activity_log` VALUES ('911', '2015-01-08 01:32:38', '1', 'reviews.php', 'page=1&rID=7&', '127.0.0.1', '0', '', '');
INSERT INTO `admin_activity_log` VALUES ('912', '2015-01-08 01:32:40', '1', 'categories.php', 'cPath=74&pID=180&', '127.0.0.1', '0', '', '');
INSERT INTO `admin_activity_log` VALUES ('913', '2015-01-08 01:32:42', '1', 'categories.php', 'cID=74&', '127.0.0.1', '0', '', '');
INSERT INTO `admin_activity_log` VALUES ('914', '2015-01-08 01:32:45', '1', 'categories.php', 'cPath=74&pID=180&', '127.0.0.1', '0', '', '');
INSERT INTO `admin_activity_log` VALUES ('915', '2015-01-08 01:32:45', '1', 'reviews.php', 'page=1&rID=7&', '127.0.0.1', '0', '', '');
INSERT INTO `admin_activity_log` VALUES ('916', '2015-01-08 01:32:48', '1', 'reviews.php', 'page=1&rID=7&action=delete&', '127.0.0.1', '0', '', '');
INSERT INTO `admin_activity_log` VALUES ('917', '2015-01-08 01:32:49', '1', 'reviews.php', 'page=1&action=deleteconfirm&', '127.0.0.1', '0', '', 0xAB562AF27451B2523257AA0500);
INSERT INTO `admin_activity_log` VALUES ('918', '2015-01-08 01:32:49', '1', 'reviews.php', 'page=1&', '127.0.0.1', '0', '', '');
INSERT INTO `admin_activity_log` VALUES ('919', '2015-01-08 01:32:52', '1', 'reviews.php', 'page=1&rID=4&', '127.0.0.1', '0', '', '');
INSERT INTO `admin_activity_log` VALUES ('920', '2015-01-08 01:32:53', '1', 'reviews.php', 'page=1&rID=4&action=delete&', '127.0.0.1', '0', '', '');
INSERT INTO `admin_activity_log` VALUES ('921', '2015-01-08 01:32:54', '1', 'reviews.php', 'page=1&action=deleteconfirm&', '127.0.0.1', '0', '', 0xAB562AF27451B2523251AA0500);
INSERT INTO `admin_activity_log` VALUES ('922', '2015-01-08 01:32:54', '1', 'reviews.php', 'page=1&', '127.0.0.1', '0', '', '');
INSERT INTO `admin_activity_log` VALUES ('923', '2015-01-08 01:32:56', '1', 'reviews.php', 'page=1&rID=6&', '127.0.0.1', '0', '', '');
INSERT INTO `admin_activity_log` VALUES ('924', '2015-01-08 01:32:57', '1', 'reviews.php', 'page=1&rID=6&action=delete&', '127.0.0.1', '0', '', '');
INSERT INTO `admin_activity_log` VALUES ('925', '2015-01-08 01:32:59', '1', 'reviews.php', 'page=1&action=deleteconfirm&', '127.0.0.1', '0', '', 0xAB562AF27451B2523253AA0500);
INSERT INTO `admin_activity_log` VALUES ('926', '2015-01-08 01:32:59', '1', 'reviews.php', 'page=1&', '127.0.0.1', '0', '', '');
INSERT INTO `admin_activity_log` VALUES ('927', '2015-01-08 01:45:42', '1', 'reviews.php', 'page=1&', '127.0.0.1', '0', '', '');
INSERT INTO `admin_activity_log` VALUES ('928', '2015-01-08 01:45:44', '1', 'reviews.php', 'action=setflag&rID=9&page=1&', '127.0.0.1', '0', '', 0xAB564ACB494C57B2523254AA0500);
INSERT INTO `admin_activity_log` VALUES ('929', '2015-01-08 01:45:44', '1', 'reviews.php', 'page=1&rID=9&', '127.0.0.1', '0', '', '');
INSERT INTO `admin_activity_log` VALUES ('930', '2015-01-08 08:59:42', '0', 'login.php ', 'camefrom=index.php&', '127.0.0.1', '0', '', '');
INSERT INTO `admin_activity_log` VALUES ('931', '2015-01-08 08:59:47', '0', 'login.php admin', 'camefrom=index.php&', '127.0.0.1', '0', '', 0xAB564A4CC9CDCC8BCF4BCC4D55B2827094749412934B32F3F3800229F926490646262929A9668949068696462686C6A6468989C9A66996E669E6C996264AB500);
INSERT INTO `admin_activity_log` VALUES ('932', '2015-01-08 08:59:52', '1', 'ezpages.php', '', '127.0.0.1', '0', '', '');
INSERT INTO `admin_activity_log` VALUES ('933', '2015-01-08 09:00:06', '1', 'ezpages.php', 'page=1&ezID=16&', '127.0.0.1', '0', '', '');
INSERT INTO `admin_activity_log` VALUES ('934', '2015-01-08 09:00:08', '1', 'ezpages.php', 'page=1&ezID=16&action=new&', '127.0.0.1', '0', '', '');
INSERT INTO `admin_activity_log` VALUES ('935', '2015-02-08 21:06:47', '0', 'login.php ', 'camefrom=index.php&', '127.0.0.1', '0', '', '');
INSERT INTO `admin_activity_log` VALUES ('936', '2015-02-08 21:06:52', '0', 'login.php admin', 'camefrom=index.php&', '127.0.0.1', '0', '', 0xAB564A4CC9CDCC8BCF4BCC4D55B2827094749412934B32F3F3800229F9894996A6C64616A6266986A696292606A616E646069646A606E646C9168646464AB500);
INSERT INTO `admin_activity_log` VALUES ('937', '2015-02-08 21:06:57', '1', 'reviews.php', 'status=1&', '127.0.0.1', '0', '', '');
INSERT INTO `admin_activity_log` VALUES ('938', '2015-02-08 21:07:01', '1', 'reviews.php', 'status=1&', '127.0.0.1', '0', '', '');
INSERT INTO `admin_activity_log` VALUES ('939', '2015-02-08 21:07:02', '1', 'reviews.php', 'status=1&', '127.0.0.1', '0', '', '');
INSERT INTO `admin_activity_log` VALUES ('940', '2015-02-08 21:07:20', '1', 'reviews.php', 'status=1&', '127.0.0.1', '0', '', '');
INSERT INTO `admin_activity_log` VALUES ('941', '2015-02-08 21:07:26', '1', 'reviews.php', 'status=&', '127.0.0.1', '0', '', '');
INSERT INTO `admin_activity_log` VALUES ('942', '2015-02-08 21:07:33', '1', 'reviews.php', 'status=2&', '127.0.0.1', '0', '', '');
INSERT INTO `admin_activity_log` VALUES ('943', '2015-02-08 21:07:35', '1', 'reviews.php', 'status=&', '127.0.0.1', '0', '', '');

-- ----------------------------
-- Table structure for `admin_menus`
-- ----------------------------
DROP TABLE IF EXISTS `admin_menus`;
CREATE TABLE `admin_menus` (
  `menu_key` varchar(32) NOT NULL DEFAULT '',
  `language_key` varchar(255) NOT NULL DEFAULT '',
  `sort_order` int(11) NOT NULL DEFAULT '0',
  UNIQUE KEY `menu_key` (`menu_key`)
) ENGINE=MyISAM DEFAULT CHARSET=utf8;

-- ----------------------------
-- Records of admin_menus
-- ----------------------------
INSERT INTO `admin_menus` VALUES ('configuration', 'BOX_HEADING_CONFIGURATION', '1');
INSERT INTO `admin_menus` VALUES ('catalog', 'BOX_HEADING_CATALOG', '2');
INSERT INTO `admin_menus` VALUES ('modules', 'BOX_HEADING_MODULES', '3');
INSERT INTO `admin_menus` VALUES ('customers', 'BOX_HEADING_CUSTOMERS', '4');
INSERT INTO `admin_menus` VALUES ('taxes', 'BOX_HEADING_LOCATION_AND_TAXES', '5');
INSERT INTO `admin_menus` VALUES ('localization', 'BOX_HEADING_LOCALIZATION', '6');
INSERT INTO `admin_menus` VALUES ('reports', 'BOX_HEADING_REPORTS', '7');
INSERT INTO `admin_menus` VALUES ('tools', 'BOX_HEADING_TOOLS', '8');
INSERT INTO `admin_menus` VALUES ('gv', 'BOX_HEADING_GV_ADMIN', '9');
INSERT INTO `admin_menus` VALUES ('access', 'BOX_HEADING_ADMIN_ACCESS', '10');
INSERT INTO `admin_menus` VALUES ('extras', 'BOX_HEADING_EXTRAS', '11');

-- ----------------------------
-- Table structure for `admin_pages`
-- ----------------------------
DROP TABLE IF EXISTS `admin_pages`;
CREATE TABLE `admin_pages` (
  `page_key` varchar(32) NOT NULL DEFAULT '',
  `language_key` varchar(255) NOT NULL DEFAULT '',
  `main_page` varchar(64) NOT NULL DEFAULT '',
  `page_params` varchar(64) NOT NULL DEFAULT '',
  `menu_key` varchar(32) NOT NULL DEFAULT '',
  `display_on_menu` char(1) NOT NULL DEFAULT 'N',
  `sort_order` int(11) NOT NULL DEFAULT '0',
  UNIQUE KEY `page_key` (`page_key`)
) ENGINE=MyISAM DEFAULT CHARSET=utf8;

-- ----------------------------
-- Records of admin_pages
-- ----------------------------
INSERT INTO `admin_pages` VALUES ('configMyStore', 'BOX_CONFIGURATION_MY_STORE', 'FILENAME_CONFIGURATION', 'gID=1', 'configuration', 'Y', '1');
INSERT INTO `admin_pages` VALUES ('configMinimumValues', 'BOX_CONFIGURATION_MINIMUM_VALUES', 'FILENAME_CONFIGURATION', 'gID=2', 'configuration', 'Y', '2');
INSERT INTO `admin_pages` VALUES ('configMaximumValues', 'BOX_CONFIGURATION_MAXIMUM_VALUES', 'FILENAME_CONFIGURATION', 'gID=3', 'configuration', 'Y', '3');
INSERT INTO `admin_pages` VALUES ('configImages', 'BOX_CONFIGURATION_IMAGES', 'FILENAME_CONFIGURATION', 'gID=4', 'configuration', 'Y', '4');
INSERT INTO `admin_pages` VALUES ('configCustomerDetails', 'BOX_CONFIGURATION_CUSTOMER_DETAILS', 'FILENAME_CONFIGURATION', 'gID=5', 'configuration', 'Y', '5');
INSERT INTO `admin_pages` VALUES ('configShipping', 'BOX_CONFIGURATION_SHIPPING_PACKAGING', 'FILENAME_CONFIGURATION', 'gID=7', 'configuration', 'Y', '6');
INSERT INTO `admin_pages` VALUES ('configProductListing', 'BOX_CONFIGURATION_PRODUCT_LISTING', 'FILENAME_CONFIGURATION', 'gID=8', 'configuration', 'Y', '7');
INSERT INTO `admin_pages` VALUES ('configStock', 'BOX_CONFIGURATION_STOCK', 'FILENAME_CONFIGURATION', 'gID=9', 'configuration', 'Y', '8');
INSERT INTO `admin_pages` VALUES ('configLogging', 'BOX_CONFIGURATION_LOGGING', 'FILENAME_CONFIGURATION', 'gID=10', 'configuration', 'Y', '9');
INSERT INTO `admin_pages` VALUES ('configEmail', 'BOX_CONFIGURATION_EMAIL_OPTIONS', 'FILENAME_CONFIGURATION', 'gID=12', 'configuration', 'Y', '10');
INSERT INTO `admin_pages` VALUES ('configAttributes', 'BOX_CONFIGURATION_ATTRIBUTE_OPTIONS', 'FILENAME_CONFIGURATION', 'gID=13', 'configuration', 'Y', '11');
INSERT INTO `admin_pages` VALUES ('configGzipCompression', 'BOX_CONFIGURATION_GZIP_COMPRESSION', 'FILENAME_CONFIGURATION', 'gID=14', 'configuration', 'Y', '12');
INSERT INTO `admin_pages` VALUES ('configSessions', 'BOX_CONFIGURATION_SESSIONS', 'FILENAME_CONFIGURATION', 'gID=15', 'configuration', 'Y', '13');
INSERT INTO `admin_pages` VALUES ('configRegulations', 'BOX_CONFIGURATION_REGULATIONS', 'FILENAME_CONFIGURATION', 'gID=11', 'configuration', 'Y', '14');
INSERT INTO `admin_pages` VALUES ('configGvCoupons', 'BOX_CONFIGURATION_GV_COUPONS', 'FILENAME_CONFIGURATION', 'gID=16', 'configuration', 'Y', '15');
INSERT INTO `admin_pages` VALUES ('configCreditCards', 'BOX_CONFIGURATION_CREDIT_CARDS', 'FILENAME_CONFIGURATION', 'gID=17', 'configuration', 'Y', '16');
INSERT INTO `admin_pages` VALUES ('configProductInfo', 'BOX_CONFIGURATION_PRODUCT_INFO', 'FILENAME_CONFIGURATION', 'gID=18', 'configuration', 'Y', '17');
INSERT INTO `admin_pages` VALUES ('configLayoutSettings', 'BOX_CONFIGURATION_LAYOUT_SETTINGS', 'FILENAME_CONFIGURATION', 'gID=19', 'configuration', 'Y', '18');
INSERT INTO `admin_pages` VALUES ('configWebsiteMaintenance', 'BOX_CONFIGURATION_WEBSITE_MAINTENANCE', 'FILENAME_CONFIGURATION', 'gID=20', 'configuration', 'Y', '19');
INSERT INTO `admin_pages` VALUES ('configNewListing', 'BOX_CONFIGURATION_NEW_LISTING', 'FILENAME_CONFIGURATION', 'gID=21', 'configuration', 'Y', '20');
INSERT INTO `admin_pages` VALUES ('configFeaturedListing', 'BOX_CONFIGURATION_FEATURED_LISTING', 'FILENAME_CONFIGURATION', 'gID=22', 'configuration', 'Y', '21');
INSERT INTO `admin_pages` VALUES ('configAllListing', 'BOX_CONFIGURATION_ALL_LISTING', 'FILENAME_CONFIGURATION', 'gID=23', 'configuration', 'Y', '22');
INSERT INTO `admin_pages` VALUES ('configIndexListing', 'BOX_CONFIGURATION_INDEX_LISTING', 'FILENAME_CONFIGURATION', 'gID=24', 'configuration', 'Y', '23');
INSERT INTO `admin_pages` VALUES ('configDefinePageStatus', 'BOX_CONFIGURATION_DEFINE_PAGE_STATUS', 'FILENAME_CONFIGURATION', 'gID=25', 'configuration', 'Y', '24');
INSERT INTO `admin_pages` VALUES ('configEzPagesSettings', 'BOX_CONFIGURATION_EZPAGES_SETTINGS', 'FILENAME_CONFIGURATION', 'gID=30', 'configuration', 'Y', '25');
INSERT INTO `admin_pages` VALUES ('categories', 'BOX_CATALOG_CATEGORIES_PRODUCTS', 'FILENAME_CATEGORIES', '', 'catalog', 'Y', '1');
INSERT INTO `admin_pages` VALUES ('productTypes', 'BOX_CATALOG_PRODUCT_TYPES', 'FILENAME_PRODUCT_TYPES', '', 'catalog', 'Y', '2');
INSERT INTO `admin_pages` VALUES ('priceManager', 'BOX_CATALOG_PRODUCTS_PRICE_MANAGER', 'FILENAME_PRODUCTS_PRICE_MANAGER', '', 'catalog', 'Y', '3');
INSERT INTO `admin_pages` VALUES ('optionNames', 'BOX_CATALOG_CATEGORIES_OPTIONS_NAME_MANAGER', 'FILENAME_OPTIONS_NAME_MANAGER', '', 'catalog', 'Y', '4');
INSERT INTO `admin_pages` VALUES ('optionValues', 'BOX_CATALOG_CATEGORIES_OPTIONS_VALUES_MANAGER', 'FILENAME_OPTIONS_VALUES_MANAGER', '', 'catalog', 'Y', '5');
INSERT INTO `admin_pages` VALUES ('attributes', 'BOX_CATALOG_CATEGORIES_ATTRIBUTES_CONTROLLER', 'FILENAME_ATTRIBUTES_CONTROLLER', '', 'catalog', 'Y', '6');
INSERT INTO `admin_pages` VALUES ('downloads', 'BOX_CATALOG_CATEGORIES_ATTRIBUTES_DOWNLOADS_MANAGER', 'FILENAME_DOWNLOADS_MANAGER', '', 'catalog', 'Y', '7');
INSERT INTO `admin_pages` VALUES ('optionNameSorter', 'BOX_CATALOG_PRODUCT_OPTIONS_NAME', 'FILENAME_PRODUCTS_OPTIONS_NAME', '', 'catalog', 'Y', '8');
INSERT INTO `admin_pages` VALUES ('optionValueSorter', 'BOX_CATALOG_PRODUCT_OPTIONS_VALUES', 'FILENAME_PRODUCTS_OPTIONS_VALUES', '', 'catalog', 'Y', '9');
INSERT INTO `admin_pages` VALUES ('manufacturers', 'BOX_CATALOG_MANUFACTURERS', 'FILENAME_MANUFACTURERS', '', 'catalog', 'Y', '10');
INSERT INTO `admin_pages` VALUES ('reviews', 'BOX_CATALOG_REVIEWS', 'FILENAME_REVIEWS', '', 'catalog', 'Y', '11');
INSERT INTO `admin_pages` VALUES ('specials', 'BOX_CATALOG_SPECIALS', 'FILENAME_SPECIALS', '', 'catalog', 'Y', '12');
INSERT INTO `admin_pages` VALUES ('featured', 'BOX_CATALOG_FEATURED', 'FILENAME_FEATURED', '', 'catalog', 'Y', '13');
INSERT INTO `admin_pages` VALUES ('salemaker', 'BOX_CATALOG_SALEMAKER', 'FILENAME_SALEMAKER', '', 'catalog', 'Y', '14');
INSERT INTO `admin_pages` VALUES ('productsExpected', 'BOX_CATALOG_PRODUCTS_EXPECTED', 'FILENAME_PRODUCTS_EXPECTED', '', 'catalog', 'Y', '15');
INSERT INTO `admin_pages` VALUES ('product', 'BOX_CATALOG_PRODUCT', 'FILENAME_PRODUCT', '', 'catalog', 'N', '16');
INSERT INTO `admin_pages` VALUES ('productsToCategories', 'BOX_CATALOG_PRODUCTS_TO_CATEGORIES', 'FILENAME_PRODUCTS_TO_CATEGORIES', '', 'catalog', 'N', '17');
INSERT INTO `admin_pages` VALUES ('payment', 'BOX_MODULES_PAYMENT', 'FILENAME_MODULES', 'set=payment', 'modules', 'Y', '1');
INSERT INTO `admin_pages` VALUES ('shipping', 'BOX_MODULES_SHIPPING', 'FILENAME_MODULES', 'set=shipping', 'modules', 'Y', '2');
INSERT INTO `admin_pages` VALUES ('orderTotal', 'BOX_MODULES_ORDER_TOTAL', 'FILENAME_MODULES', 'set=ordertotal', 'modules', 'Y', '3');
INSERT INTO `admin_pages` VALUES ('customers', 'BOX_CUSTOMERS_CUSTOMERS', 'FILENAME_CUSTOMERS', '', 'customers', 'Y', '1');
INSERT INTO `admin_pages` VALUES ('orders', 'BOX_CUSTOMERS_ORDERS', 'FILENAME_ORDERS', '', 'customers', 'Y', '2');
INSERT INTO `admin_pages` VALUES ('groupPricing', 'BOX_CUSTOMERS_GROUP_PRICING', 'FILENAME_GROUP_PRICING', '', 'customers', 'Y', '3');
INSERT INTO `admin_pages` VALUES ('paypal', 'BOX_CUSTOMERS_PAYPAL', 'FILENAME_PAYPAL', '', 'customers', 'Y', '4');
INSERT INTO `admin_pages` VALUES ('invoice', 'BOX_CUSTOMERS_INVOICE', 'FILENAME_ORDERS_INVOICE', '', 'customers', 'N', '5');
INSERT INTO `admin_pages` VALUES ('packingslip', 'BOX_CUSTOMERS_PACKING_SLIP', 'FILENAME_ORDERS_PACKINGSLIP', '', 'customers', 'N', '6');
INSERT INTO `admin_pages` VALUES ('linkpointReview', 'BOX_CUSTOMERS_LINKPOINT_REVIEW', 'FILENAME_LINKPOINT_REVIEW', '', 'customers', 'Y', '7');
INSERT INTO `admin_pages` VALUES ('countries', 'BOX_TAXES_COUNTRIES', 'FILENAME_COUNTRIES', '', 'taxes', 'Y', '1');
INSERT INTO `admin_pages` VALUES ('zones', 'BOX_TAXES_ZONES', 'FILENAME_ZONES', '', 'taxes', 'Y', '2');
INSERT INTO `admin_pages` VALUES ('geoZones', 'BOX_TAXES_GEO_ZONES', 'FILENAME_GEO_ZONES', '', 'taxes', 'Y', '3');
INSERT INTO `admin_pages` VALUES ('taxClasses', 'BOX_TAXES_TAX_CLASSES', 'FILENAME_TAX_CLASSES', '', 'taxes', 'Y', '4');
INSERT INTO `admin_pages` VALUES ('taxRates', 'BOX_TAXES_TAX_RATES', 'FILENAME_TAX_RATES', '', 'taxes', 'Y', '5');
INSERT INTO `admin_pages` VALUES ('currencies', 'BOX_LOCALIZATION_CURRENCIES', 'FILENAME_CURRENCIES', '', 'localization', 'Y', '1');
INSERT INTO `admin_pages` VALUES ('languages', 'BOX_LOCALIZATION_LANGUAGES', 'FILENAME_LANGUAGES', '', 'localization', 'Y', '2');
INSERT INTO `admin_pages` VALUES ('ordersStatus', 'BOX_LOCALIZATION_ORDERS_STATUS', 'FILENAME_ORDERS_STATUS', '', 'localization', 'Y', '3');
INSERT INTO `admin_pages` VALUES ('reportCustomers', 'BOX_REPORTS_ORDERS_TOTAL', 'FILENAME_STATS_CUSTOMERS', '', 'reports', 'Y', '1');
INSERT INTO `admin_pages` VALUES ('reportReferrals', 'BOX_REPORTS_CUSTOMERS_REFERRALS', 'FILENAME_STATS_CUSTOMERS_REFERRALS', '', 'reports', 'Y', '2');
INSERT INTO `admin_pages` VALUES ('reportLowStock', 'BOX_REPORTS_PRODUCTS_LOWSTOCK', 'FILENAME_STATS_PRODUCTS_LOWSTOCK', '', 'reports', 'Y', '3');
INSERT INTO `admin_pages` VALUES ('reportProductsSold', 'BOX_REPORTS_PRODUCTS_PURCHASED', 'FILENAME_STATS_PRODUCTS_PURCHASED', '', 'reports', 'Y', '4');
INSERT INTO `admin_pages` VALUES ('reportProductsViewed', 'BOX_REPORTS_PRODUCTS_VIEWED', 'FILENAME_STATS_PRODUCTS_VIEWED', '', 'reports', 'Y', '5');
INSERT INTO `admin_pages` VALUES ('templateSelect', 'BOX_TOOLS_TEMPLATE_SELECT', 'FILENAME_TEMPLATE_SELECT', '', 'tools', 'Y', '1');
INSERT INTO `admin_pages` VALUES ('layoutController', 'BOX_TOOLS_LAYOUT_CONTROLLER', 'FILENAME_LAYOUT_CONTROLLER', '', 'tools', 'Y', '2');
INSERT INTO `admin_pages` VALUES ('banners', 'BOX_TOOLS_BANNER_MANAGER', 'FILENAME_BANNER_MANAGER', '', 'tools', 'Y', '3');
INSERT INTO `admin_pages` VALUES ('mail', 'BOX_TOOLS_MAIL', 'FILENAME_MAIL', '', 'tools', 'Y', '4');
INSERT INTO `admin_pages` VALUES ('newsletters', 'BOX_TOOLS_NEWSLETTER_MANAGER', 'FILENAME_NEWSLETTERS', '', 'tools', 'Y', '5');
INSERT INTO `admin_pages` VALUES ('server', 'BOX_TOOLS_SERVER_INFO', 'FILENAME_SERVER_INFO', '', 'tools', 'Y', '6');
INSERT INTO `admin_pages` VALUES ('whosOnline', 'BOX_TOOLS_WHOS_ONLINE', 'FILENAME_WHOS_ONLINE', '', 'tools', 'Y', '7');
INSERT INTO `admin_pages` VALUES ('storeManager', 'BOX_TOOLS_STORE_MANAGER', 'FILENAME_STORE_MANAGER', '', 'tools', 'Y', '9');
INSERT INTO `admin_pages` VALUES ('developersToolKit', 'BOX_TOOLS_DEVELOPERS_TOOL_KIT', 'FILENAME_DEVELOPERS_TOOL_KIT', '', 'tools', 'Y', '10');
INSERT INTO `admin_pages` VALUES ('ezpages', 'BOX_TOOLS_EZPAGES', 'FILENAME_EZPAGES_ADMIN', '', 'tools', 'Y', '11');
INSERT INTO `admin_pages` VALUES ('definePagesEditor', 'BOX_TOOLS_DEFINE_PAGES_EDITOR', 'FILENAME_DEFINE_PAGES_EDITOR', '', 'tools', 'Y', '12');
INSERT INTO `admin_pages` VALUES ('sqlPatch', 'BOX_TOOLS_SQLPATCH', 'FILENAME_SQLPATCH', '', 'tools', 'Y', '13');
INSERT INTO `admin_pages` VALUES ('couponAdmin', 'BOX_COUPON_ADMIN', 'FILENAME_COUPON_ADMIN', '', 'gv', 'Y', '1');
INSERT INTO `admin_pages` VALUES ('couponRestrict', 'BOX_COUPON_RESTRICT', 'FILENAME_COUPON_RESTRICT', '', 'gv', 'N', '1');
INSERT INTO `admin_pages` VALUES ('gvQueue', 'BOX_GV_ADMIN_QUEUE', 'FILENAME_GV_QUEUE', '', 'gv', 'Y', '2');
INSERT INTO `admin_pages` VALUES ('gvMail', 'BOX_GV_ADMIN_MAIL', 'FILENAME_GV_MAIL', '', 'gv', 'Y', '3');
INSERT INTO `admin_pages` VALUES ('gvSent', 'BOX_GV_ADMIN_SENT', 'FILENAME_GV_SENT', '', 'gv', 'Y', '4');
INSERT INTO `admin_pages` VALUES ('profiles', 'BOX_ADMIN_ACCESS_PROFILES', 'FILENAME_PROFILES', '', 'access', 'Y', '1');
INSERT INTO `admin_pages` VALUES ('users', 'BOX_ADMIN_ACCESS_USERS', 'FILENAME_USERS', '', 'access', 'Y', '2');
INSERT INTO `admin_pages` VALUES ('pageRegistration', 'BOX_ADMIN_ACCESS_PAGE_REGISTRATION', 'FILENAME_ADMIN_PAGE_REGISTRATION', '', 'access', 'Y', '3');
INSERT INTO `admin_pages` VALUES ('adminlogs', 'BOX_ADMIN_ACCESS_LOGS', 'FILENAME_ADMIN_ACTIVITY', '', 'access', 'Y', '4');
INSERT INTO `admin_pages` VALUES ('recordArtists', 'BOX_CATALOG_RECORD_ARTISTS', 'FILENAME_RECORD_ARTISTS', '', 'extras', 'Y', '1');
INSERT INTO `admin_pages` VALUES ('recordCompanies', 'BOX_CATALOG_RECORD_COMPANY', 'FILENAME_RECORD_COMPANY', '', 'extras', 'Y', '2');
INSERT INTO `admin_pages` VALUES ('musicGenre', 'BOX_CATALOG_MUSIC_GENRE', 'FILENAME_MUSIC_GENRE', '', 'extras', 'Y', '3');
INSERT INTO `admin_pages` VALUES ('mediaManager', 'BOX_CATALOG_MEDIA_MANAGER', 'FILENAME_MEDIA_MANAGER', '', 'extras', 'Y', '4');
INSERT INTO `admin_pages` VALUES ('mediaTypes', 'BOX_CATALOG_MEDIA_TYPES', 'FILENAME_MEDIA_TYPES', '', 'extras', 'Y', '5');

-- ----------------------------
-- Table structure for `admin_pages_to_profiles`
-- ----------------------------
DROP TABLE IF EXISTS `admin_pages_to_profiles`;
CREATE TABLE `admin_pages_to_profiles` (
  `profile_id` int(11) NOT NULL DEFAULT '0',
  `page_key` varchar(32) NOT NULL DEFAULT '',
  UNIQUE KEY `profile_page` (`profile_id`,`page_key`),
  UNIQUE KEY `page_profile` (`page_key`,`profile_id`)
) ENGINE=MyISAM DEFAULT CHARSET=utf8;

-- ----------------------------
-- Records of admin_pages_to_profiles
-- ----------------------------

-- ----------------------------
-- Table structure for `admin_profiles`
-- ----------------------------
DROP TABLE IF EXISTS `admin_profiles`;
CREATE TABLE `admin_profiles` (
  `profile_id` int(11) NOT NULL AUTO_INCREMENT,
  `profile_name` varchar(64) NOT NULL DEFAULT '',
  PRIMARY KEY (`profile_id`)
) ENGINE=MyISAM AUTO_INCREMENT=2 DEFAULT CHARSET=utf8;

-- ----------------------------
-- Records of admin_profiles
-- ----------------------------
INSERT INTO `admin_profiles` VALUES ('1', 'Superuser');

-- ----------------------------
-- Table structure for `authorizenet`
-- ----------------------------
DROP TABLE IF EXISTS `authorizenet`;
CREATE TABLE `authorizenet` (
  `id` int(11) unsigned NOT NULL AUTO_INCREMENT,
  `customer_id` int(11) NOT NULL DEFAULT '0',
  `order_id` int(11) NOT NULL DEFAULT '0',
  `response_code` int(1) NOT NULL DEFAULT '0',
  `response_text` varchar(255) NOT NULL DEFAULT '',
  `authorization_type` varchar(50) NOT NULL DEFAULT '',
  `transaction_id` bigint(20) DEFAULT NULL,
  `sent` longtext NOT NULL,
  `received` longtext NOT NULL,
  `time` varchar(50) NOT NULL DEFAULT '',
  `session_id` varchar(255) NOT NULL DEFAULT '',
  PRIMARY KEY (`id`)
) ENGINE=MyISAM DEFAULT CHARSET=utf8;

-- ----------------------------
-- Records of authorizenet
-- ----------------------------

-- ----------------------------
-- Table structure for `banners`
-- ----------------------------
DROP TABLE IF EXISTS `banners`;
CREATE TABLE `banners` (
  `banners_id` int(11) NOT NULL AUTO_INCREMENT,
  `banners_title` varchar(64) NOT NULL DEFAULT '',
  `banners_url` varchar(255) NOT NULL DEFAULT '',
  `banners_image` varchar(64) NOT NULL DEFAULT '',
  `banners_group` varchar(15) NOT NULL DEFAULT '',
  `banners_html_text` text,
  `expires_impressions` int(7) DEFAULT '0',
  `expires_date` datetime DEFAULT NULL,
  `date_scheduled` datetime DEFAULT NULL,
  `date_added` datetime NOT NULL DEFAULT '0001-01-01 00:00:00',
  `date_status_change` datetime DEFAULT NULL,
  `status` int(1) NOT NULL DEFAULT '1',
  `banners_open_new_windows` int(1) NOT NULL DEFAULT '1',
  `banners_on_ssl` int(1) NOT NULL DEFAULT '1',
  `banners_sort_order` int(11) NOT NULL DEFAULT '0',
  PRIMARY KEY (`banners_id`),
  KEY `idx_status_group_zen` (`status`,`banners_group`),
  KEY `idx_expires_date_zen` (`expires_date`),
  KEY `idx_date_scheduled_zen` (`date_scheduled`)
) ENGINE=MyISAM AUTO_INCREMENT=14 DEFAULT CHARSET=utf8;

-- ----------------------------
-- Records of banners
-- ----------------------------
INSERT INTO `banners` VALUES ('10', 'Test1', 'http://www.baidu.com', 'banners/02.jpg', 'index-banners', '', null, null, null, '2014-12-26 11:24:10', '2014-12-26 11:24:11', '1', '1', '1', '0');
INSERT INTO `banners` VALUES ('11', 'Test2', 'http://www.baidu.com', 'banners/70.jpg', 'index-banners', '', null, null, null, '2014-12-26 11:24:49', '2014-12-26 11:25:25', '1', '1', '1', '0');
INSERT INTO `banners` VALUES ('12', 'Test3', 'http://www.baidu.com', 'banners/74.jpg', 'index-banners', '', null, null, null, '2014-12-26 11:25:02', '2014-12-26 11:25:02', '1', '1', '1', '0');
INSERT INTO `banners` VALUES ('13', 'Test4', 'http://www.baidu.com', 'banners/index_banner_1.jpg', 'index-banners', '', null, null, null, '2014-12-26 11:25:16', '2014-12-26 11:25:16', '1', '1', '1', '0');

-- ----------------------------
-- Table structure for `banners_history`
-- ----------------------------
DROP TABLE IF EXISTS `banners_history`;
CREATE TABLE `banners_history` (
  `banners_history_id` int(11) NOT NULL AUTO_INCREMENT,
  `banners_id` int(11) NOT NULL DEFAULT '0',
  `banners_shown` int(5) NOT NULL DEFAULT '0',
  `banners_clicked` int(5) NOT NULL DEFAULT '0',
  `banners_history_date` datetime NOT NULL DEFAULT '0001-01-01 00:00:00',
  PRIMARY KEY (`banners_history_id`),
  KEY `idx_banners_id_zen` (`banners_id`)
) ENGINE=MyISAM AUTO_INCREMENT=163 DEFAULT CHARSET=utf8;

-- ----------------------------
-- Records of banners_history
-- ----------------------------

-- ----------------------------
-- Table structure for `boards`
-- ----------------------------
DROP TABLE IF EXISTS `boards`;
CREATE TABLE `boards` (
  `bid` int(10) unsigned NOT NULL AUTO_INCREMENT,
  `name` varchar(50) NOT NULL,
  `uid` int(10) unsigned NOT NULL COMMENT 'ID',
  `private` tinyint(2) unsigned NOT NULL DEFAULT '0' COMMENT '010',
  `description` text,
  `timeline` int(10) unsigned NOT NULL DEFAULT '0' COMMENT '',
  `status` tinyint(2) unsigned NOT NULL DEFAULT '1' COMMENT 'item011',
  PRIMARY KEY (`bid`)
) ENGINE=InnoDB AUTO_INCREMENT=14 DEFAULT CHARSET=utf8;

-- ----------------------------
-- Records of boards
-- ----------------------------
INSERT INTO `boards` VALUES ('11', 'My New Board', '3', '0', null, '1423390685', '1');
INSERT INTO `boards` VALUES ('12', 'Test', '3', '0', 'Default Description', '1423393491', '1');

-- ----------------------------
-- Table structure for `board_works`
-- ----------------------------
DROP TABLE IF EXISTS `board_works`;
CREATE TABLE `board_works` (
  `wid` int(10) unsigned NOT NULL AUTO_INCREMENT,
  `name` varchar(50) DEFAULT NULL,
  `bid` int(10) unsigned NOT NULL COMMENT 'boards ID',
  `uid` int(10) unsigned NOT NULL COMMENT 'ID',
  `images` varchar(255) NOT NULL,
  `timeline` int(10) unsigned NOT NULL,
  `status` tinyint(2) unsigned NOT NULL DEFAULT '1' COMMENT 'item011',
  PRIMARY KEY (`wid`)
) ENGINE=InnoDB AUTO_INCREMENT=7 DEFAULT CHARSET=utf8;

-- ----------------------------
-- Records of board_works
-- ----------------------------
INSERT INTO `board_works` VALUES ('1', '', '0', '3', 'ae53d5d77209cd1872693548bcdb4af2.jpg', '1423392772', '1');
INSERT INTO `board_works` VALUES ('2', '', '11', '3', '946e62cf46237eb843f41edd142ac5f3.jpg', '1423392862', '1');
INSERT INTO `board_works` VALUES ('3', '', '11', '3', '90e0cc8a10da355a153f2334becf6ab1.jpg', '1423393355', '1');
INSERT INTO `board_works` VALUES ('4', '', '11', '3', '5dfe8be7d5b3dac0a8fd40c5c9a2cb4e.jpg', '1423393467', '1');
INSERT INTO `board_works` VALUES ('5', '', '12', '3', '0fdc231454bb149249e4c43541b16896.jpg', '1423393861', '1');
INSERT INTO `board_works` VALUES ('6', '', '11', '3', 'f60a2992f84591bc79dfba7e7ca0c657.jpg', '1423396527', '1');

-- ----------------------------
-- Table structure for `categories`
-- ----------------------------
DROP TABLE IF EXISTS `categories`;
CREATE TABLE `categories` (
  `categories_id` int(11) NOT NULL AUTO_INCREMENT,
  `categories_image` varchar(64) DEFAULT NULL,
  `parent_id` int(11) NOT NULL DEFAULT '0',
  `sort_order` int(3) DEFAULT NULL,
  `date_added` datetime DEFAULT NULL,
  `last_modified` datetime DEFAULT NULL,
  `categories_status` tinyint(1) NOT NULL DEFAULT '1',
  PRIMARY KEY (`categories_id`),
  KEY `idx_parent_id_cat_id_zen` (`parent_id`,`categories_id`),
  KEY `idx_status_zen` (`categories_status`),
  KEY `idx_sort_order_zen` (`sort_order`)
) ENGINE=MyISAM AUTO_INCREMENT=88 DEFAULT CHARSET=utf8;

-- ----------------------------
-- Records of categories
-- ----------------------------
INSERT INTO `categories` VALUES ('65', 'categories/Fashion_2.jpg', '0', '0', '2014-12-25 00:01:21', '2014-12-25 00:12:39', '1');
INSERT INTO `categories` VALUES ('66', 'categories/Home_2.jpg', '0', '1', '2014-12-25 00:01:50', '2014-12-25 00:12:46', '1');
INSERT INTO `categories` VALUES ('67', 'categories/Trims_2.jpg', '0', '2', '2014-12-25 00:02:39', '2014-12-25 00:12:59', '1');
INSERT INTO `categories` VALUES ('68', 'categories/Buttons_2.jpg', '0', '3', '2014-12-25 00:03:07', '2014-12-25 00:13:11', '1');
INSERT INTO `categories` VALUES ('69', 'categories/notions-banner.jpg', '0', '4', '2014-12-25 00:03:49', '2014-12-25 00:13:22', '1');
INSERT INTO `categories` VALUES ('70', null, '65', '0', '2014-12-25 00:14:01', null, '1');
INSERT INTO `categories` VALUES ('71', null, '65', '1', '2014-12-25 00:14:14', null, '1');
INSERT INTO `categories` VALUES ('72', null, '65', '2', '2014-12-25 00:14:29', null, '1');
INSERT INTO `categories` VALUES ('73', null, '65', '3', '2014-12-25 00:14:45', null, '1');
INSERT INTO `categories` VALUES ('74', null, '70', '0', '2014-12-25 00:15:27', null, '1');
INSERT INTO `categories` VALUES ('75', null, '70', '1', '2014-12-25 00:15:49', null, '1');
INSERT INTO `categories` VALUES ('76', null, '70', '2', '2014-12-25 00:16:05', null, '1');
INSERT INTO `categories` VALUES ('77', null, '70', '3', '2014-12-25 00:16:16', null, '1');
INSERT INTO `categories` VALUES ('78', null, '70', '4', '2014-12-25 00:16:27', null, '1');
INSERT INTO `categories` VALUES ('79', null, '71', '0', '2014-12-25 00:16:55', null, '1');
INSERT INTO `categories` VALUES ('80', null, '71', '1', '2014-12-25 00:17:03', null, '1');
INSERT INTO `categories` VALUES ('81', null, '71', '2', '2014-12-25 00:17:11', null, '1');
INSERT INTO `categories` VALUES ('82', null, '71', '3', '2014-12-25 00:17:21', null, '1');
INSERT INTO `categories` VALUES ('83', null, '71', '4', '2014-12-25 00:17:31', null, '1');
INSERT INTO `categories` VALUES ('84', null, '72', '0', '2014-12-25 00:18:04', null, '1');
INSERT INTO `categories` VALUES ('85', null, '72', '1', '2014-12-25 00:18:13', null, '1');
INSERT INTO `categories` VALUES ('86', null, '73', '0', '2014-12-25 00:18:34', null, '1');
INSERT INTO `categories` VALUES ('87', null, '73', '1', '2014-12-25 00:18:43', null, '1');

-- ----------------------------
-- Table structure for `categories_description`
-- ----------------------------
DROP TABLE IF EXISTS `categories_description`;
CREATE TABLE `categories_description` (
  `categories_id` int(11) NOT NULL DEFAULT '0',
  `language_id` int(11) NOT NULL DEFAULT '1',
  `categories_name` varchar(32) NOT NULL DEFAULT '',
  `categories_description` text NOT NULL,
  PRIMARY KEY (`categories_id`,`language_id`),
  KEY `idx_categories_name_zen` (`categories_name`)
) ENGINE=MyISAM DEFAULT CHARSET=utf8;

-- ----------------------------
-- Records of categories_description
-- ----------------------------
INSERT INTO `categories_description` VALUES ('65', '1', 'Fashion Fabrics', 'Fashion Fabrics');
INSERT INTO `categories_description` VALUES ('66', '1', 'Home Fabrics', 'Home Fabrics');
INSERT INTO `categories_description` VALUES ('67', '1', 'Trims', 'Trims');
INSERT INTO `categories_description` VALUES ('68', '1', 'Buttons', 'Buttons');
INSERT INTO `categories_description` VALUES ('69', '1', 'Notions', 'Notions');
INSERT INTO `categories_description` VALUES ('70', '1', 'Cotton', 'Cotton');
INSERT INTO `categories_description` VALUES ('71', '1', 'Silk', 'Silk');
INSERT INTO `categories_description` VALUES ('72', '1', 'Wool', 'Wool');
INSERT INTO `categories_description` VALUES ('73', '1', 'Jersey/Knits', 'Jersey/Knits');
INSERT INTO `categories_description` VALUES ('74', '1', 'Canvas', 'Canvas');
INSERT INTO `categories_description` VALUES ('75', '1', 'Lawn', 'Lawn');
INSERT INTO `categories_description` VALUES ('76', '1', 'Voile', 'Voile');
INSERT INTO `categories_description` VALUES ('77', '1', 'Gauze', 'Gauze');
INSERT INTO `categories_description` VALUES ('78', '1', 'Prints', 'Prints');
INSERT INTO `categories_description` VALUES ('79', '1', 'Crepe De Chine', 'Crepe De Chine');
INSERT INTO `categories_description` VALUES ('80', '1', 'Faille', 'Faille');
INSERT INTO `categories_description` VALUES ('81', '1', 'Charmeuse', 'Charmeuse');
INSERT INTO `categories_description` VALUES ('82', '1', 'Satin', 'Satin');
INSERT INTO `categories_description` VALUES ('83', '1', 'Washed', 'Washed');
INSERT INTO `categories_description` VALUES ('84', '1', 'Flannel', 'Flannel');
INSERT INTO `categories_description` VALUES ('85', '1', 'Quilted', 'Quilted');
INSERT INTO `categories_description` VALUES ('86', '1', 'Wool Knits', 'Wool Knits');
INSERT INTO `categories_description` VALUES ('87', '1', 'Matte Jersey', 'Matte Jersey');

-- ----------------------------
-- Table structure for `configuration`
-- ----------------------------
DROP TABLE IF EXISTS `configuration`;
CREATE TABLE `configuration` (
  `configuration_id` int(11) NOT NULL AUTO_INCREMENT,
  `configuration_title` text NOT NULL,
  `configuration_key` varchar(255) NOT NULL DEFAULT '',
  `configuration_value` text NOT NULL,
  `configuration_description` text NOT NULL,
  `configuration_group_id` int(11) NOT NULL DEFAULT '0',
  `sort_order` int(5) DEFAULT NULL,
  `last_modified` datetime DEFAULT NULL,
  `date_added` datetime NOT NULL DEFAULT '0001-01-01 00:00:00',
  `use_function` text,
  `set_function` text,
  PRIMARY KEY (`configuration_id`),
  UNIQUE KEY `unq_config_key_zen` (`configuration_key`),
  KEY `idx_key_value_zen` (`configuration_key`,`configuration_value`(10)),
  KEY `idx_cfg_grp_id_zen` (`configuration_group_id`)
) ENGINE=MyISAM AUTO_INCREMENT=566 DEFAULT CHARSET=utf8;

-- ----------------------------
-- Records of configuration
-- ----------------------------
INSERT INTO `configuration` VALUES ('1', 'Store Name', 'STORE_NAME', 'Demo', 'The name of my store', '1', '1', null, '2014-06-18 23:20:53', null, null);
INSERT INTO `configuration` VALUES ('2', 'Store Owner', 'STORE_OWNER', 'Lip', 'The name of my store owner', '1', '2', null, '2014-06-18 23:20:53', null, null);
INSERT INTO `configuration` VALUES ('3', 'Telephone - Customer Service', 'STORE_TELEPHONE_CUSTSERVICE', '', 'Enter a telephone number for customers to reach your Customer Service department. This number may be sent as part of payment transaction details.', '1', '3', null, '2014-06-18 23:20:53', null, null);
INSERT INTO `configuration` VALUES ('4', 'Country', 'STORE_COUNTRY', '223', 'The country my store is located in <br /><br /><strong>Note: Please remember to update the store zone.</strong>', '1', '6', null, '2014-06-18 23:20:53', 'zen_get_country_name', 'zen_cfg_pull_down_country_list(');
INSERT INTO `configuration` VALUES ('5', 'Zone', 'STORE_ZONE', '4', 'The zone my store is located in', '1', '7', null, '2014-06-18 23:20:53', 'zen_cfg_get_zone_name', 'zen_cfg_pull_down_zone_list(');
INSERT INTO `configuration` VALUES ('6', 'Expected Sort Order', 'EXPECTED_PRODUCTS_SORT', 'desc', 'This is the sort order used in the expected products box.', '1', '8', null, '2014-06-18 23:20:53', null, 'zen_cfg_select_option(array(\'asc\', \'desc\'), ');
INSERT INTO `configuration` VALUES ('7', 'Expected Sort Field', 'EXPECTED_PRODUCTS_FIELD', 'date_expected', 'The column to sort by in the expected products box.', '1', '9', null, '2014-06-18 23:20:53', null, 'zen_cfg_select_option(array(\'products_name\', \'date_expected\'), ');
INSERT INTO `configuration` VALUES ('8', 'Switch To Default Language Currency', 'USE_DEFAULT_LANGUAGE_CURRENCY', 'false', 'Automatically switch to the language\'s currency when it is changed', '1', '10', null, '2014-06-18 23:20:53', null, 'zen_cfg_select_option(array(\'true\', \'false\'), ');
INSERT INTO `configuration` VALUES ('9', 'Language Selector', 'LANGUAGE_DEFAULT_SELECTOR', 'Default', 'Should the default language be based on the Store preferences, or the customer\'s browser settings?<br /><br />Default: Store\'s default settings', '1', '11', null, '2014-06-18 23:20:53', null, 'zen_cfg_select_option(array(\'Default\', \'Browser\'), ');
INSERT INTO `configuration` VALUES ('10', 'Use Search-Engine Safe URLs (still in development)', 'SEARCH_ENGINE_FRIENDLY_URLS', 'false', 'Use search-engine safe urls for all site links', '6', '12', null, '2014-06-18 23:20:53', null, 'zen_cfg_select_option(array(\'true\', \'false\'), ');
INSERT INTO `configuration` VALUES ('11', 'Display Cart After Adding Product', 'DISPLAY_CART', 'true', 'Display the shopping cart after adding a product (or return back to their origin)', '1', '14', null, '2014-06-18 23:20:53', null, 'zen_cfg_select_option(array(\'true\', \'false\'), ');
INSERT INTO `configuration` VALUES ('12', 'Default Search Operator', 'ADVANCED_SEARCH_DEFAULT_OPERATOR', 'and', 'Default search operators', '1', '17', null, '2014-06-18 23:20:53', null, 'zen_cfg_select_option(array(\'and\', \'or\'), ');
INSERT INTO `configuration` VALUES ('13', 'Store Address and Phone', 'STORE_NAME_ADDRESS', 'Store Name\r\n Address\r\n Country\r\n Phone', 'This is the Store Name, Address and Phone used on printable documents and displayed online', '1', '7', null, '2014-06-18 23:20:53', null, 'zen_cfg_textarea(');
INSERT INTO `configuration` VALUES ('14', 'Show Category Counts', 'SHOW_COUNTS', 'true', 'Count recursively how many products are in each category', '1', '19', null, '2014-06-18 23:20:53', null, 'zen_cfg_select_option(array(\'true\', \'false\'), ');
INSERT INTO `configuration` VALUES ('15', 'Tax Decimal Places', 'TAX_DECIMAL_PLACES', '0', 'Pad the tax value this amount of decimal places', '1', '20', null, '2014-06-18 23:20:53', null, null);
INSERT INTO `configuration` VALUES ('16', 'Display Prices with Tax', 'DISPLAY_PRICE_WITH_TAX', 'false', 'Display prices with tax included (true) or add the tax at the end (false)', '1', '21', null, '2014-06-18 23:20:53', null, 'zen_cfg_select_option(array(\'true\', \'false\'), ');
INSERT INTO `configuration` VALUES ('17', 'Display Prices with Tax in Admin', 'DISPLAY_PRICE_WITH_TAX_ADMIN', 'false', 'Display prices with tax included (true) or add the tax at the end (false) in Admin(Invoices)', '1', '21', null, '2014-06-18 23:20:53', null, 'zen_cfg_select_option(array(\'true\', \'false\'), ');
INSERT INTO `configuration` VALUES ('18', 'Basis of Product Tax', 'STORE_PRODUCT_TAX_BASIS', 'Shipping', 'On what basis is Product Tax calculated. Options are<br />Shipping - Based on customers Shipping Address<br />Billing Based on customers Billing address<br />Store - Based on Store address if Billing/Shipping Zone equals Store zone', '1', '21', null, '2014-06-18 23:20:53', null, 'zen_cfg_select_option(array(\'Shipping\', \'Billing\', \'Store\'), ');
INSERT INTO `configuration` VALUES ('19', 'Basis of Shipping Tax', 'STORE_SHIPPING_TAX_BASIS', 'Shipping', 'On what basis is Shipping Tax calculated. Options are<br />Shipping - Based on customers Shipping Address<br />Billing Based on customers Billing address<br />Store - Based on Store address if Billing/Shipping Zone equals Store zone - Can be overriden by correctly written Shipping Module', '1', '21', null, '2014-06-18 23:20:53', null, 'zen_cfg_select_option(array(\'Shipping\', \'Billing\', \'Store\'), ');
INSERT INTO `configuration` VALUES ('20', 'Sales Tax Display Status', 'STORE_TAX_DISPLAY_STATUS', '0', 'Always show Sales Tax even when amount is $0.00?<br />0= Off<br />1= On', '1', '21', null, '2014-06-18 23:20:53', null, 'zen_cfg_select_option(array(\'0\', \'1\'), ');
INSERT INTO `configuration` VALUES ('21', 'Show Split Tax Lines', 'SHOW_SPLIT_TAX_CHECKOUT', 'false', 'If multiple tax rates apply, show each rate as a separate line at checkout', '1', '22', null, '2014-06-18 23:20:53', null, 'zen_cfg_select_option(array(\'true\', \'false\'), ');
INSERT INTO `configuration` VALUES ('22', 'Admin Session Time Out in Seconds', 'SESSION_TIMEOUT_ADMIN', '900', 'Enter the time in seconds.<br />Max allowed is 900 for PCI Compliance Reasons.<br /> Default=900<br />Example: 900= 15 min <br /><br />Note: Too few seconds can result in timeout issues when adding/editing products', '1', '40', null, '2014-06-18 23:20:53', null, 'zen_cfg_select_option(array(\'900\', \'600\', \'300\'), ');
INSERT INTO `configuration` VALUES ('23', 'Admin Set max_execution_time for processes', 'GLOBAL_SET_TIME_LIMIT', '60', 'Enter the time in seconds for how long the max_execution_time of processes should be. Default=60<br />Example: 60= 1 minute<br /><br />Note: Changing the time limit is only needed if you are having problems with the execution time of a process', '1', '42', null, '2014-06-18 23:20:53', null, null);
INSERT INTO `configuration` VALUES ('24', 'Show if version update available', 'SHOW_VERSION_UPDATE_IN_HEADER', 'false', 'Automatically check to see if a new version of Zen Cart is available. Enabling this can sometimes slow down the loading of Admin pages. (Displayed on main Index page after login, and Server Info page.)', '1', '44', null, '2014-06-18 23:20:53', null, 'zen_cfg_select_option(array(\'true\', \'false\'), ');
INSERT INTO `configuration` VALUES ('25', 'Store Status', 'STORE_STATUS', '0', 'What is your Store Status<br />0= Normal Store<br />1= Showcase no prices<br />2= Showcase with prices', '1', '25', null, '2014-06-18 23:20:53', null, 'zen_cfg_select_option(array(\'0\', \'1\', \'2\'), ');
INSERT INTO `configuration` VALUES ('26', 'Server Uptime', 'DISPLAY_SERVER_UPTIME', 'true', 'Displaying Server uptime can cause entries in error logs on some servers. (true = Display, false = don\'t display)', '1', '46', '2003-11-08 20:24:47', '0001-01-01 00:00:00', '', 'zen_cfg_select_option(array(\'true\', \'false\'),');
INSERT INTO `configuration` VALUES ('27', 'Missing Page Check', 'MISSING_PAGE_CHECK', 'Page Not Found', 'Zen Cart can check for missing pages in the URL and redirect to Index page. For debugging you may want to turn this off. <br /><br /><strong>Default=On</strong><br />On = Send missing pages to \'index\'<br />Off = Don\'t check for missing pages<br />Page Not Found = display the Page-Not-Found page', '1', '48', '2003-11-08 20:24:47', '0001-01-01 00:00:00', '', 'zen_cfg_select_option(array(\'On\', \'Off\', \'Page Not Found\'),');
INSERT INTO `configuration` VALUES ('28', 'cURL Proxy Status', 'CURL_PROXY_REQUIRED', 'False', 'Does your host require that you use a proxy for cURL communication?', '6', '50', null, '2014-06-18 23:20:53', null, 'zen_cfg_select_option(array(\'True\', \'False\'), ');
INSERT INTO `configuration` VALUES ('29', 'cURL Proxy Address', 'CURL_PROXY_SERVER_DETAILS', '', 'If you have a hosting service that requires use of a proxy to talk to external sites via cURL, enter their proxy address here.<br />format: address:port<br />ie: 127.0.0.1:3128', '6', '51', null, '2014-06-18 23:20:53', null, null);
INSERT INTO `configuration` VALUES ('30', 'HTML Editor', 'HTML_EDITOR_PREFERENCE', 'NONE', 'Please select the HTML/Rich-Text editor you wish to use for composing Admin-related emails, newsletters, and product descriptions', '1', '110', null, '2014-06-18 23:20:53', null, 'zen_cfg_pull_down_htmleditors(');
INSERT INTO `configuration` VALUES ('31', 'Enable phpBB linkage?', 'PHPBB_LINKS_ENABLED', 'false', 'Should Zen Cart synchronize new account information to your (already-installed) phpBB forum?', '1', '120', null, '2014-06-18 23:20:53', null, 'zen_cfg_select_option(array(\'true\', \'false\'),');
INSERT INTO `configuration` VALUES ('32', 'Show Category Counts - Admin', 'SHOW_COUNTS_ADMIN', 'true', 'Show Category Counts in Admin?', '1', '19', null, '2014-06-18 23:20:53', null, 'zen_cfg_select_option(array(\'true\', \'false\'), ');
INSERT INTO `configuration` VALUES ('33', 'Currency Conversion Ratio', 'CURRENCY_UPLIFT_RATIO', '1.05', 'When auto-updating currencies, what \"uplift\" ratio should be used to calculate the exchange rate used by your store?<br />ie: the bank rate is obtained from the currency-exchange servers; how much extra do you want to charge in order to make up the difference between the bank rate and the consumer rate?<br /><br /><strong>Default: 1.05 </strong><br />This will cause the published bank rate to be multiplied by 1.05 to set the currency rates in your store.', '1', '55', null, '2014-06-18 23:20:53', null, null);
INSERT INTO `configuration` VALUES ('34', 'First Name', 'ENTRY_FIRST_NAME_MIN_LENGTH', '2', 'Minimum length of first name', '2', '1', null, '2014-06-18 23:20:53', null, null);
INSERT INTO `configuration` VALUES ('35', 'Last Name', 'ENTRY_LAST_NAME_MIN_LENGTH', '2', 'Minimum length of last name', '2', '2', null, '2014-06-18 23:20:53', null, null);
INSERT INTO `configuration` VALUES ('36', 'Date of Birth', 'ENTRY_DOB_MIN_LENGTH', '10', 'Minimum length of date of birth', '2', '3', null, '2014-06-18 23:20:53', null, null);
INSERT INTO `configuration` VALUES ('37', 'E-Mail Address', 'ENTRY_EMAIL_ADDRESS_MIN_LENGTH', '6', 'Minimum length of e-mail address', '2', '4', null, '2014-06-18 23:20:53', null, null);
INSERT INTO `configuration` VALUES ('38', 'Street Address', 'ENTRY_STREET_ADDRESS_MIN_LENGTH', '5', 'Minimum length of street address', '2', '5', null, '2014-06-18 23:20:53', null, null);
INSERT INTO `configuration` VALUES ('39', 'Company', 'ENTRY_COMPANY_MIN_LENGTH', '0', 'Minimum length of company name', '2', '6', null, '2014-06-18 23:20:53', null, null);
INSERT INTO `configuration` VALUES ('40', 'Post Code', 'ENTRY_POSTCODE_MIN_LENGTH', '4', 'Minimum length of post code', '2', '7', null, '2014-06-18 23:20:53', null, null);
INSERT INTO `configuration` VALUES ('41', 'City', 'ENTRY_CITY_MIN_LENGTH', '2', 'Minimum length of city', '2', '8', null, '2014-06-18 23:20:53', null, null);
INSERT INTO `configuration` VALUES ('42', 'State', 'ENTRY_STATE_MIN_LENGTH', '2', 'Minimum length of state', '2', '9', null, '2014-06-18 23:20:53', null, null);
INSERT INTO `configuration` VALUES ('43', 'Telephone Number', 'ENTRY_TELEPHONE_MIN_LENGTH', '3', 'Minimum length of telephone number', '2', '10', null, '2014-06-18 23:20:53', null, null);
INSERT INTO `configuration` VALUES ('44', 'Password', 'ENTRY_PASSWORD_MIN_LENGTH', '7', 'Minimum length of password', '2', '11', null, '2014-06-18 23:20:53', null, null);
INSERT INTO `configuration` VALUES ('45', 'Credit Card Owner Name', 'CC_OWNER_MIN_LENGTH', '3', 'Minimum length of credit card owner name', '2', '12', null, '2014-06-18 23:20:53', null, null);
INSERT INTO `configuration` VALUES ('46', 'Credit Card Number', 'CC_NUMBER_MIN_LENGTH', '10', 'Minimum length of credit card number', '2', '13', null, '2014-06-18 23:20:53', null, null);
INSERT INTO `configuration` VALUES ('47', 'Credit Card CVV Number', 'CC_CVV_MIN_LENGTH', '3', 'Minimum length of credit card CVV number', '2', '13', null, '2014-06-18 23:20:53', null, null);
INSERT INTO `configuration` VALUES ('48', 'Product Review Text', 'REVIEW_TEXT_MIN_LENGTH', '50', 'Minimum length of product review text', '2', '14', null, '2014-06-18 23:20:53', null, null);
INSERT INTO `configuration` VALUES ('49', 'Best Sellers', 'MIN_DISPLAY_BESTSELLERS', '1', 'Minimum number of best sellers to display', '2', '15', null, '2014-06-18 23:20:53', null, null);
INSERT INTO `configuration` VALUES ('50', 'Also Purchased Products', 'MIN_DISPLAY_ALSO_PURCHASED', '1', 'Minimum number of products to display in the \'This Customer Also Purchased\' box', '2', '16', null, '2014-06-18 23:20:53', null, null);
INSERT INTO `configuration` VALUES ('51', 'Nick Name', 'ENTRY_NICK_MIN_LENGTH', '3', 'Minimum length of Nick Name', '2', '1', null, '2014-06-18 23:20:53', null, null);
INSERT INTO `configuration` VALUES ('52', 'Address Book Entries', 'MAX_ADDRESS_BOOK_ENTRIES', '5', 'Maximum address book entries a customer is allowed to have', '3', '1', null, '2014-06-18 23:20:53', null, null);
INSERT INTO `configuration` VALUES ('53', 'Admin Search Results Per Page', 'MAX_DISPLAY_SEARCH_RESULTS', '20', 'Number of products to list on an Admin search result page', '3', '2', null, '2014-06-18 23:20:53', null, null);
INSERT INTO `configuration` VALUES ('54', 'Prev/Next Navigation Page Links', 'MAX_DISPLAY_PAGE_LINKS', '5', 'Number of \'number\' links use for page-sets', '3', '3', null, '2014-06-18 23:20:53', null, null);
INSERT INTO `configuration` VALUES ('55', 'Products on Special ', 'MAX_DISPLAY_SPECIAL_PRODUCTS', '9', 'Number of products on special to display', '3', '4', null, '2014-06-18 23:20:53', null, null);
INSERT INTO `configuration` VALUES ('56', 'New Products Module', 'MAX_DISPLAY_NEW_PRODUCTS', '9', 'Number of new products to display in a category', '3', '5', null, '2014-06-18 23:20:53', null, null);
INSERT INTO `configuration` VALUES ('57', 'Upcoming Products ', 'MAX_DISPLAY_UPCOMING_PRODUCTS', '10', 'Number of \'upcoming\' products to display', '3', '6', null, '2014-06-18 23:20:53', null, null);
INSERT INTO `configuration` VALUES ('58', 'Manufacturers List - Scroll Box Size/Style', 'MAX_MANUFACTURERS_LIST', '3', 'Number of manufacturers names to be displayed in the scroll box window. Setting this to 1 or 0 will display a dropdown list.', '3', '7', null, '2014-06-18 23:20:53', null, null);
INSERT INTO `configuration` VALUES ('59', 'Manufacturers List - Verify Product Exist', 'PRODUCTS_MANUFACTURERS_STATUS', '1', 'Verify that at least 1 product exists and is active for the manufacturer name to show<br /><br />Note: When this feature is ON it can produce slower results on sites with a large number of products and/or manufacturers<br />0= off 1= on', '3', '7', null, '2014-06-18 23:20:53', null, 'zen_cfg_select_option(array(\'0\', \'1\'), ');
INSERT INTO `configuration` VALUES ('60', 'Music Genre List - Scroll Box Size/Style', 'MAX_MUSIC_GENRES_LIST', '3', 'Number of music genre names to be displayed in the scroll box window. Setting this to 1 or 0 will display a dropdown list.', '3', '7', null, '2014-06-18 23:20:53', null, null);
INSERT INTO `configuration` VALUES ('61', 'Record Company List - Scroll Box Size/Style', 'MAX_RECORD_COMPANY_LIST', '3', 'Number of record company names to be displayed in the scroll box window. Setting this to 1 or 0 will display a dropdown list.', '3', '7', null, '2014-06-18 23:20:53', null, null);
INSERT INTO `configuration` VALUES ('62', 'Length of Record Company Name', 'MAX_DISPLAY_RECORD_COMPANY_NAME_LEN', '15', 'Used in record companies box; maximum length of record company name to display. Longer names will be truncated.', '3', '8', null, '2014-06-18 23:20:53', null, null);
INSERT INTO `configuration` VALUES ('63', 'Length of Music Genre Name', 'MAX_DISPLAY_MUSIC_GENRES_NAME_LEN', '15', 'Used in music genres box; maximum length of music genre name to display. Longer names will be truncated.', '3', '8', null, '2014-06-18 23:20:53', null, null);
INSERT INTO `configuration` VALUES ('64', 'Length of Manufacturers Name', 'MAX_DISPLAY_MANUFACTURER_NAME_LEN', '15', 'Used in manufacturers box; maximum length of manufacturers name to display. Longer names will be truncated.', '3', '8', null, '2014-06-18 23:20:53', null, null);
INSERT INTO `configuration` VALUES ('65', 'New Product Reviews Per Page', 'MAX_DISPLAY_NEW_REVIEWS', '6', 'Number of new reviews to display on each page', '3', '9', null, '2014-06-18 23:20:53', null, null);
INSERT INTO `configuration` VALUES ('66', 'Random Product Reviews for SideBox', 'MAX_RANDOM_SELECT_REVIEWS', '1', 'Number of random product REVIEWS to rotate in the sidebox<br />Enter the number of products to display in this sidebox at one time.<br /><br />How many products do you want to display in this sidebox?', '3', '10', null, '2014-06-18 23:20:53', null, null);
INSERT INTO `configuration` VALUES ('67', 'Random New Products for SideBox', 'MAX_RANDOM_SELECT_NEW', '3', 'Number of random NEW products to rotate in the sidebox<br />Enter the number of products to display in this sidebox at one time.<br /><br />How many products do you want to display in this sidebox?', '3', '11', null, '2014-06-18 23:20:53', null, null);
INSERT INTO `configuration` VALUES ('68', 'Random Products On Special for SideBox', 'MAX_RANDOM_SELECT_SPECIALS', '2', 'Number of random products on SPECIAL to rotate in the sidebox<br />Enter the number of products to display in this sidebox at one time.<br /><br />How many products do you want to display in this sidebox?', '3', '12', null, '2014-06-18 23:20:53', null, null);
INSERT INTO `configuration` VALUES ('69', 'Categories To List Per Row', 'MAX_DISPLAY_CATEGORIES_PER_ROW', '3', 'How many categories to list per row', '3', '13', null, '2014-06-18 23:20:53', null, null);
INSERT INTO `configuration` VALUES ('70', 'New Products Listing- Number Per Page', 'MAX_DISPLAY_PRODUCTS_NEW', '10', 'Number of new products listed per page', '3', '14', null, '2014-06-18 23:20:53', null, null);
INSERT INTO `configuration` VALUES ('71', 'Best Sellers For Box', 'MAX_DISPLAY_BESTSELLERS', '10', 'Number of best sellers to display in box', '3', '15', null, '2014-06-18 23:20:53', null, null);
INSERT INTO `configuration` VALUES ('72', 'Also Purchased Products', 'MAX_DISPLAY_ALSO_PURCHASED', '6', 'Number of products to display in the \'This Customer Also Purchased\' box', '3', '16', null, '2014-06-18 23:20:53', null, null);
INSERT INTO `configuration` VALUES ('73', 'Recent Purchases Box- NOTE: box is disabled ', 'MAX_DISPLAY_PRODUCTS_IN_ORDER_HISTORY_BOX', '6', 'Number of products to display in the recent purchases box', '3', '17', null, '2014-06-18 23:20:53', null, null);
INSERT INTO `configuration` VALUES ('74', 'Customer Order History List Per Page', 'MAX_DISPLAY_ORDER_HISTORY', '10', 'Number of orders to display in the order history list in \'My Account\'', '3', '18', null, '2014-06-18 23:20:53', null, null);
INSERT INTO `configuration` VALUES ('75', 'Maximum Display of Customers on Customers Page', 'MAX_DISPLAY_SEARCH_RESULTS_CUSTOMER', '20', '', '3', '19', null, '2014-06-18 23:20:53', null, null);
INSERT INTO `configuration` VALUES ('76', 'Maximum Display of Orders on Orders Page', 'MAX_DISPLAY_SEARCH_RESULTS_ORDERS', '20', '', '3', '20', null, '2014-06-18 23:20:53', null, null);
INSERT INTO `configuration` VALUES ('77', 'Maximum Display of Products on Reports', 'MAX_DISPLAY_SEARCH_RESULTS_REPORTS', '20', '', '3', '21', null, '2014-06-18 23:20:53', null, null);
INSERT INTO `configuration` VALUES ('78', 'Maximum Categories Products Display List', 'MAX_DISPLAY_RESULTS_CATEGORIES', '10', 'Number of products to list per screen', '3', '22', null, '2014-06-18 23:20:53', null, null);
INSERT INTO `configuration` VALUES ('79', 'Products Listing- Number Per Page', 'MAX_DISPLAY_PRODUCTS_LISTING', '10', 'Maximum Number of Products to list per page on main page', '3', '30', null, '2014-06-18 23:20:53', null, null);
INSERT INTO `configuration` VALUES ('80', 'Products Attributes - Option Names and Values Display', 'MAX_ROW_LISTS_OPTIONS', '10', 'Maximum number of option names and values to display in the products attributes page', '3', '24', null, '2014-06-18 23:20:53', null, null);
INSERT INTO `configuration` VALUES ('81', 'Products Attributes - Attributes Controller Display', 'MAX_ROW_LISTS_ATTRIBUTES_CONTROLLER', '30', 'Maximum number of attributes to display in the Attributes Controller page', '3', '25', null, '2014-06-18 23:20:53', null, null);
INSERT INTO `configuration` VALUES ('82', 'Products Attributes - Downloads Manager Display', 'MAX_DISPLAY_SEARCH_RESULTS_DOWNLOADS_MANAGER', '30', 'Maximum number of attributes downloads to display in the Downloads Manager page', '3', '26', null, '2014-06-18 23:20:53', null, null);
INSERT INTO `configuration` VALUES ('83', 'Featured Products - Number to Display Admin', 'MAX_DISPLAY_SEARCH_RESULTS_FEATURED_ADMIN', '10', 'Number of featured products to list per screen - Admin', '3', '27', null, '2014-06-18 23:20:53', null, null);
INSERT INTO `configuration` VALUES ('84', 'Maximum Display of Featured Products - Main Page', 'MAX_DISPLAY_SEARCH_RESULTS_FEATURED', '9', 'Number of featured products to list on main page', '3', '28', null, '2014-06-18 23:20:53', null, null);
INSERT INTO `configuration` VALUES ('85', 'Maximum Display of Featured Products Page', 'MAX_DISPLAY_PRODUCTS_FEATURED_PRODUCTS', '10', 'Number of featured products to list per screen', '3', '29', null, '2014-06-18 23:20:53', null, null);
INSERT INTO `configuration` VALUES ('86', 'Random Featured Products for SideBox', 'MAX_RANDOM_SELECT_FEATURED_PRODUCTS', '2', 'Number of random FEATURED products to rotate in the sidebox<br />Enter the number of products to display in this sidebox at one time.<br /><br />How many products do you want to display in this sidebox?', '3', '30', null, '2014-06-18 23:20:53', null, null);
INSERT INTO `configuration` VALUES ('87', 'Maximum Display of Specials Products - Main Page', 'MAX_DISPLAY_SPECIAL_PRODUCTS_INDEX', '9', 'Number of special products to list on main page', '3', '31', null, '2014-06-18 23:20:53', null, null);
INSERT INTO `configuration` VALUES ('88', 'New Product Listing - Limited to ...', 'SHOW_NEW_PRODUCTS_LIMIT', '0', 'Limit the New Product Listing to<br />0= All Products<br />1= Current Month<br />7= 7 Days<br />14= 14 Days<br />30= 30 Days<br />60= 60 Days<br />90= 90 Days<br />120= 120 Days', '3', '40', null, '2014-06-18 23:20:53', null, 'zen_cfg_select_option(array(\'0\', \'1\', \'7\', \'14\', \'30\', \'60\', \'90\', \'120\'), ');
INSERT INTO `configuration` VALUES ('89', 'Maximum Display of Products All Page', 'MAX_DISPLAY_PRODUCTS_ALL', '10', 'Number of products to list per screen', '3', '45', null, '2014-06-18 23:20:53', null, null);
INSERT INTO `configuration` VALUES ('90', 'Maximum Display of Language Flags in Language Side Box', 'MAX_LANGUAGE_FLAGS_COLUMNS', '3', 'Number of Language Flags per Row', '3', '50', null, '2014-06-18 23:20:53', null, null);
INSERT INTO `configuration` VALUES ('91', 'Maximum File Upload Size', 'MAX_FILE_UPLOAD_SIZE', '2048000', 'What is the Maximum file size for uploads?<br />Default= 2048000', '3', '60', null, '2014-06-18 23:20:53', null, null);
INSERT INTO `configuration` VALUES ('92', 'Allowed Filename Extensions for uploading', 'UPLOAD_FILENAME_EXTENSIONS', 'jpg,jpeg,gif,png,eps,cdr,ai,pdf,tif,tiff,bmp,zip', 'List the permissible filetypes (filename extensions) to be allowed when files are uploaded to your site by customers. Separate multiple values with commas(,). Do not include the dot(.).<br /><br />Suggested setting: \"jpg,jpeg,gif,png,eps,cdr,ai,pdf,tif,tiff,bmp,zip\"', '3', '61', null, '2014-06-18 23:20:53', null, 'zen_cfg_textarea(');
INSERT INTO `configuration` VALUES ('93', 'Maximum Orders Detail Display on Admin Orders Listing', 'MAX_DISPLAY_RESULTS_ORDERS_DETAILS_LISTING', '0', 'Maximum number of Order Details<br />0 = Unlimited', '3', '65', null, '2014-06-18 23:20:53', null, null);
INSERT INTO `configuration` VALUES ('94', 'Maximum PayPal IPN Display on Admin Listing', 'MAX_DISPLAY_SEARCH_RESULTS_PAYPAL_IPN', '20', 'Maximum number of PayPal IPN Lisings in Admin<br />Default is 20', '3', '66', null, '2014-06-18 23:20:53', null, null);
INSERT INTO `configuration` VALUES ('95', 'Maximum Display Columns Products to Multiple Categories Manager', 'MAX_DISPLAY_PRODUCTS_TO_CATEGORIES_COLUMNS', '3', 'Maximum Display Columns Products to Multiple Categories Manager<br />3 = Default', '3', '70', null, '2014-06-18 23:20:53', null, null);
INSERT INTO `configuration` VALUES ('96', 'Maximum Display EZ-Pages', 'MAX_DISPLAY_SEARCH_RESULTS_EZPAGE', '20', 'Maximum Display EZ-Pages<br />20 = Default', '3', '71', null, '2014-06-18 23:20:53', null, null);
INSERT INTO `configuration` VALUES ('97', 'Small Image Width', 'SMALL_IMAGE_WIDTH', '100', 'The pixel width of small images', '4', '1', null, '2014-06-18 23:20:53', null, null);
INSERT INTO `configuration` VALUES ('98', 'Small Image Height', 'SMALL_IMAGE_HEIGHT', '80', 'The pixel height of small images', '4', '2', null, '2014-06-18 23:20:53', null, null);
INSERT INTO `configuration` VALUES ('99', 'Heading Image Width - Admin', 'HEADING_IMAGE_WIDTH', '57', 'The pixel width of heading images in the Admin<br />NOTE: Presently, this adjusts the spacing on the pages in the Admin Pages or could be used to add images to the heading in the Admin', '4', '3', null, '2014-06-18 23:20:53', null, null);
INSERT INTO `configuration` VALUES ('100', 'Heading Image Height - Admin', 'HEADING_IMAGE_HEIGHT', '40', 'The pixel height of heading images in the Admin<br />NOTE: Presently, this adjusts the spacing on the pages in the Admin Pages or could be used to add images to the heading in the Admin', '4', '4', null, '2014-06-18 23:20:53', null, null);
INSERT INTO `configuration` VALUES ('101', 'Subcategory Image Width', 'SUBCATEGORY_IMAGE_WIDTH', '100', 'The pixel width of subcategory images', '4', '5', null, '2014-06-18 23:20:53', null, null);
INSERT INTO `configuration` VALUES ('102', 'Subcategory Image Height', 'SUBCATEGORY_IMAGE_HEIGHT', '57', 'The pixel height of subcategory images', '4', '6', null, '2014-06-18 23:20:53', null, null);
INSERT INTO `configuration` VALUES ('103', 'Calculate Image Size', 'CONFIG_CALCULATE_IMAGE_SIZE', 'true', 'Calculate the size of images?', '4', '7', null, '2014-06-18 23:20:53', null, 'zen_cfg_select_option(array(\'true\', \'false\'), ');
INSERT INTO `configuration` VALUES ('104', 'Image Required', 'IMAGE_REQUIRED', 'true', 'Enable to display broken images. Good for development.', '4', '8', null, '2014-06-18 23:20:53', null, 'zen_cfg_select_option(array(\'true\', \'false\'), ');
INSERT INTO `configuration` VALUES ('105', 'Image - Shopping Cart Status', 'IMAGE_SHOPPING_CART_STATUS', '1', 'Show product image in the shopping cart?<br />0= off 1= on', '4', '9', null, '2014-06-18 23:20:53', null, 'zen_cfg_select_option(array(\'0\', \'1\'), ');
INSERT INTO `configuration` VALUES ('106', 'Image - Shopping Cart Width', 'IMAGE_SHOPPING_CART_WIDTH', '50', 'Default = 50', '4', '10', null, '2014-06-18 23:20:53', null, null);
INSERT INTO `configuration` VALUES ('107', 'Image - Shopping Cart Height', 'IMAGE_SHOPPING_CART_HEIGHT', '40', 'Default = 40', '4', '11', null, '2014-06-18 23:20:53', null, null);
INSERT INTO `configuration` VALUES ('108', 'Category Icon Image Width - Product Info Pages', 'CATEGORY_ICON_IMAGE_WIDTH', '57', 'The pixel width of Category Icon heading images for Product Info Pages', '4', '13', null, '2014-06-18 23:20:53', null, null);
INSERT INTO `configuration` VALUES ('109', 'Category Icon Image Height - Product Info Pages', 'CATEGORY_ICON_IMAGE_HEIGHT', '40', 'The pixel height of Category Icon heading images for Product Info Pages', '4', '14', null, '2014-06-18 23:20:53', null, null);
INSERT INTO `configuration` VALUES ('110', 'Top Subcategory Image Width', 'SUBCATEGORY_IMAGE_TOP_WIDTH', '150', 'The pixel width of Top subcategory images<br />Top subcategory is when the Category contains subcategories', '4', '15', null, '2014-06-18 23:20:53', null, null);
INSERT INTO `configuration` VALUES ('111', 'Top Subcategory Image Height', 'SUBCATEGORY_IMAGE_TOP_HEIGHT', '85', 'The pixel height of Top subcategory images<br />Top subcategory is when the Category contains subcategories', '4', '16', null, '2014-06-18 23:20:53', null, null);
INSERT INTO `configuration` VALUES ('112', 'Product Info - Image Width', 'MEDIUM_IMAGE_WIDTH', '150', 'The pixel width of Product Info images', '4', '20', null, '2014-06-18 23:20:53', null, null);
INSERT INTO `configuration` VALUES ('113', 'Product Info - Image Height', 'MEDIUM_IMAGE_HEIGHT', '120', 'The pixel height of Product Info images', '4', '21', null, '2014-06-18 23:20:53', null, null);
INSERT INTO `configuration` VALUES ('114', 'Product Info - Image Medium Suffix', 'IMAGE_SUFFIX_MEDIUM', '_MED', 'Product Info Medium Image Suffix<br />Default = _MED', '4', '22', null, '2014-06-18 23:20:53', null, null);
INSERT INTO `configuration` VALUES ('115', 'Product Info - Image Large Suffix', 'IMAGE_SUFFIX_LARGE', '_LRG', 'Product Info Large Image Suffix<br />Default = _LRG', '4', '23', null, '2014-06-18 23:20:53', null, null);
INSERT INTO `configuration` VALUES ('116', 'Product Info - Number of Additional Images per Row', 'IMAGES_AUTO_ADDED', '3', 'Product Info - Enter the number of additional images to display per row<br />Default = 3', '4', '30', null, '2014-06-18 23:20:53', null, null);
INSERT INTO `configuration` VALUES ('117', 'Image - Product Listing Width', 'IMAGE_PRODUCT_LISTING_WIDTH', '100', 'Default = 100', '4', '40', null, '2014-06-18 23:20:53', null, null);
INSERT INTO `configuration` VALUES ('118', 'Image - Product Listing Height', 'IMAGE_PRODUCT_LISTING_HEIGHT', '80', 'Default = 80', '4', '41', null, '2014-06-18 23:20:53', null, null);
INSERT INTO `configuration` VALUES ('119', 'Image - Product New Listing Width', 'IMAGE_PRODUCT_NEW_LISTING_WIDTH', '100', 'Default = 100', '4', '42', null, '2014-06-18 23:20:53', null, null);
INSERT INTO `configuration` VALUES ('120', 'Image - Product New Listing Height', 'IMAGE_PRODUCT_NEW_LISTING_HEIGHT', '80', 'Default = 80', '4', '43', null, '2014-06-18 23:20:53', null, null);
INSERT INTO `configuration` VALUES ('121', 'Image - New Products Width', 'IMAGE_PRODUCT_NEW_WIDTH', '100', 'Default = 100', '4', '44', null, '2014-06-18 23:20:53', null, null);
INSERT INTO `configuration` VALUES ('122', 'Image - New Products Height', 'IMAGE_PRODUCT_NEW_HEIGHT', '80', 'Default = 80', '4', '45', null, '2014-06-18 23:20:53', null, null);
INSERT INTO `configuration` VALUES ('123', 'Image - Featured Products Width', 'IMAGE_FEATURED_PRODUCTS_LISTING_WIDTH', '100', 'Default = 100', '4', '46', null, '2014-06-18 23:20:53', null, null);
INSERT INTO `configuration` VALUES ('124', 'Image - Featured Products Height', 'IMAGE_FEATURED_PRODUCTS_LISTING_HEIGHT', '80', 'Default = 80', '4', '47', null, '2014-06-18 23:20:53', null, null);
INSERT INTO `configuration` VALUES ('125', 'Image - Product All Listing Width', 'IMAGE_PRODUCT_ALL_LISTING_WIDTH', '100', 'Default = 100', '4', '48', null, '2014-06-18 23:20:53', null, null);
INSERT INTO `configuration` VALUES ('126', 'Image - Product All Listing Height', 'IMAGE_PRODUCT_ALL_LISTING_HEIGHT', '80', 'Default = 80', '4', '49', null, '2014-06-18 23:20:53', null, null);
INSERT INTO `configuration` VALUES ('127', 'Product Image - No Image Status', 'PRODUCTS_IMAGE_NO_IMAGE_STATUS', '1', 'Use automatic No Image when none is added to product<br />0= off<br />1= On', '4', '60', null, '2014-06-18 23:20:53', null, 'zen_cfg_select_option(array(\'0\', \'1\'), ');
INSERT INTO `configuration` VALUES ('128', 'Product Image - No Image picture', 'PRODUCTS_IMAGE_NO_IMAGE', 'no_picture.gif', 'Use automatic No Image when none is added to product<br />Default = no_picture.gif', '4', '61', null, '2014-06-18 23:20:53', null, null);
INSERT INTO `configuration` VALUES ('129', 'Image - Use Proportional Images on Products and Categories', 'PROPORTIONAL_IMAGES_STATUS', '1', 'Use Proportional Images on Products and Categories?<br /><br />NOTE: Do not use 0 height or width settings for Proportion Images<br />0= off 1= on', '4', '75', null, '2014-06-18 23:20:53', null, 'zen_cfg_select_option(array(\'0\', \'1\'), ');
INSERT INTO `configuration` VALUES ('130', 'Email Salutation', 'ACCOUNT_GENDER', 'true', 'Display salutation choice during account creation and with account information', '5', '1', null, '2014-06-18 23:20:53', null, 'zen_cfg_select_option(array(\'true\', \'false\'), ');
INSERT INTO `configuration` VALUES ('131', 'Date of Birth', 'ACCOUNT_DOB', 'true', 'Display date of birth field during account creation and with account information<br />NOTE: Set Minimum Value Date of Birth to blank for not required<br />Set Minimum Value Date of Birth > 0 to require', '5', '2', null, '2014-06-18 23:20:53', null, 'zen_cfg_select_option(array(\'true\', \'false\'), ');
INSERT INTO `configuration` VALUES ('132', 'Company', 'ACCOUNT_COMPANY', 'true', 'Display company field during account creation and with account information', '5', '3', null, '2014-06-18 23:20:53', null, 'zen_cfg_select_option(array(\'true\', \'false\'), ');
INSERT INTO `configuration` VALUES ('133', 'Address Line 2', 'ACCOUNT_SUBURB', 'true', 'Display address line 2 field during account creation and with account information', '5', '4', null, '2014-06-18 23:20:53', null, 'zen_cfg_select_option(array(\'true\', \'false\'), ');
INSERT INTO `configuration` VALUES ('134', 'State', 'ACCOUNT_STATE', 'true', 'Display state field during account creation and with account information', '5', '5', null, '2014-06-18 23:20:53', null, 'zen_cfg_select_option(array(\'true\', \'false\'), ');
INSERT INTO `configuration` VALUES ('135', 'State - Always display as pulldown?', 'ACCOUNT_STATE_DRAW_INITIAL_DROPDOWN', 'false', 'When state field is displayed, should it always be a pulldown menu?', '5', '5', null, '2014-06-18 23:20:53', null, 'zen_cfg_select_option(array(\'true\', \'false\'), ');
INSERT INTO `configuration` VALUES ('136', 'Create Account Default Country ID', 'SHOW_CREATE_ACCOUNT_DEFAULT_COUNTRY', '223', 'Set Create Account Default Country ID to:<br />Default is 223', '5', '6', null, '2014-06-18 23:20:53', 'zen_get_country_name', 'zen_cfg_pull_down_country_list_none(');
INSERT INTO `configuration` VALUES ('137', 'Fax Number', 'ACCOUNT_FAX_NUMBER', 'true', 'Display fax number field during account creation and with account information', '5', '10', null, '2014-06-18 23:20:53', null, 'zen_cfg_select_option(array(\'true\', \'false\'), ');
INSERT INTO `configuration` VALUES ('138', 'Show Newsletter Checkbox', 'ACCOUNT_NEWSLETTER_STATUS', '1', 'Show Newsletter Checkbox<br />0= off<br />1= Display Unchecked<br />2= Display Checked<br /><strong>Note: Defaulting this to accepted may be in violation of certain regulations for your state or country</strong>', '5', '45', null, '2014-06-18 23:20:53', null, 'zen_cfg_select_option(array(\'0\', \'1\', \'2\'), ');
INSERT INTO `configuration` VALUES ('139', 'Customer Default Email Preference', 'ACCOUNT_EMAIL_PREFERENCE', '0', 'Set the Default Customer Default Email Preference<br />0= Text<br />1= HTML<br />', '5', '46', null, '2014-06-18 23:20:53', null, 'zen_cfg_select_option(array(\'0\', \'1\'), ');
INSERT INTO `configuration` VALUES ('140', 'Customer Product Notification Status', 'CUSTOMERS_PRODUCTS_NOTIFICATION_STATUS', '1', 'Customer should be asked about product notifications after checkout success and in account preferences<br />0= Never ask<br />1= Ask (ignored on checkout if has already selected global notifications)<br /><br />Note: Sidebox must be turned off separately', '5', '50', null, '2014-06-18 23:20:53', null, 'zen_cfg_select_option(array(\'0\', \'1\'), ');
INSERT INTO `configuration` VALUES ('141', 'Customer Shop Status - View Shop and Prices', 'CUSTOMERS_APPROVAL', '0', 'Customer must be approved to shop<br />0= Not required<br />1= Must login to browse<br />2= May browse but no prices unless logged in<br />3= Showroom Only<br /><br />It is recommended that Option 2 be used for the purposes of Spiders if you wish customers to login to see prices.', '5', '55', null, '2014-06-18 23:20:53', null, 'zen_cfg_select_option(array(\'0\', \'1\', \'2\', \'3\'), ');
INSERT INTO `configuration` VALUES ('142', 'Customer Approval Status - Authorization Pending', 'CUSTOMERS_APPROVAL_AUTHORIZATION', '0', 'Customer must be Authorized to shop<br />0= Not required<br />1= Must be Authorized to Browse<br />2= May browse but no prices unless Authorized<br />3= Customer May Browse and May see Prices but Must be Authorized to Buy<br /><br />It is recommended that Option 2 or 3 be used for the purposes of Spiders', '5', '65', null, '2014-06-18 23:20:53', null, 'zen_cfg_select_option(array(\'0\', \'1\', \'2\', \'3\'), ');
INSERT INTO `configuration` VALUES ('143', 'Customer Authorization: filename', 'CUSTOMERS_AUTHORIZATION_FILENAME', 'customers_authorization', 'Customer Authorization filename<br />Note: Do not include the extension<br />Default=customers_authorization', '5', '66', null, '2014-06-18 23:20:53', null, '');
INSERT INTO `configuration` VALUES ('144', 'Customer Authorization: Hide Header', 'CUSTOMERS_AUTHORIZATION_HEADER_OFF', 'false', 'Customer Authorization: Hide Header <br />(true=hide false=show)', '5', '67', null, '2014-06-18 23:20:53', null, 'zen_cfg_select_option(array(\'true\', \'false\'), ');
INSERT INTO `configuration` VALUES ('145', 'Customer Authorization: Hide Column Left', 'CUSTOMERS_AUTHORIZATION_COLUMN_LEFT_OFF', 'false', 'Customer Authorization: Hide Column Left <br />(true=hide false=show)', '5', '68', null, '2014-06-18 23:20:53', null, 'zen_cfg_select_option(array(\'true\', \'false\'), ');
INSERT INTO `configuration` VALUES ('146', 'Customer Authorization: Hide Column Right', 'CUSTOMERS_AUTHORIZATION_COLUMN_RIGHT_OFF', 'false', 'Customer Authorization: Hide Column Right <br />(true=hide false=show)', '5', '69', null, '2014-06-18 23:20:53', null, 'zen_cfg_select_option(array(\'true\', \'false\'), ');
INSERT INTO `configuration` VALUES ('147', 'Customer Authorization: Hide Footer', 'CUSTOMERS_AUTHORIZATION_FOOTER_OFF', 'false', 'Customer Authorization: Hide Footer <br />(true=hide false=show)', '5', '70', null, '2014-06-18 23:20:53', null, 'zen_cfg_select_option(array(\'true\', \'false\'), ');
INSERT INTO `configuration` VALUES ('148', 'Customer Authorization: Hide Prices', 'CUSTOMERS_AUTHORIZATION_PRICES_OFF', 'false', 'Customer Authorization: Hide Prices <br />(true=hide false=show)', '5', '71', null, '2014-06-18 23:20:53', null, 'zen_cfg_select_option(array(\'true\', \'false\'), ');
INSERT INTO `configuration` VALUES ('149', 'Customers Referral Status', 'CUSTOMERS_REFERRAL_STATUS', '0', 'Customers Referral Code is created from<br />0= Off<br />1= 1st Discount Coupon Code used<br />2= Customer can add during create account or edit if blank<br /><br />NOTE: Once the Customers Referral Code has been set it can only be changed in the Admin Customer', '5', '80', null, '2014-06-18 23:20:53', null, 'zen_cfg_select_option(array(\'0\', \'1\', \'2\'), ');
INSERT INTO `configuration` VALUES ('150', 'Installed Modules', 'MODULE_PAYMENT_INSTALLED', 'freecharger.php;moneyorder.php;paypalwpp.php', 'List of payment module filenames separated by a semi-colon. This is automatically updated. No need to edit. (Example: freecharger.php;cod.php;paypal.php)', '6', '0', '2015-01-02 02:38:46', '2014-06-18 23:20:53', null, null);
INSERT INTO `configuration` VALUES ('151', 'Installed Modules', 'MODULE_ORDER_TOTAL_INSTALLED', 'ot_subtotal.php;ot_shipping.php;ot_coupon.php;ot_group_pricing.php;ot_tax.php;ot_loworderfee.php;ot_gv.php;ot_total.php', 'List of order_total module filenames separated by a semi-colon. This is automatically updated. No need to edit. (Example: ot_subtotal.php;ot_tax.php;ot_shipping.php;ot_total.php)', '6', '0', null, '2014-06-18 23:20:53', null, null);
INSERT INTO `configuration` VALUES ('152', 'Installed Modules', 'MODULE_SHIPPING_INSTALLED', 'flat.php;freeshipper.php;item.php;storepickup.php', 'List of shipping module filenames separated by a semi-colon. This is automatically updated. No need to edit. (Example: ups.php;flat.php;item.php)', '6', '0', null, '2014-06-18 23:20:53', null, null);
INSERT INTO `configuration` VALUES ('153', 'Enable Free Shipping', 'MODULE_SHIPPING_FREESHIPPER_STATUS', 'True', 'Do you want to offer Free shipping?', '6', '0', null, '2014-06-18 23:20:53', null, 'zen_cfg_select_option(array(\'True\', \'False\'), ');
INSERT INTO `configuration` VALUES ('154', 'Free Shipping Cost', 'MODULE_SHIPPING_FREESHIPPER_COST', '0.00', 'What is the Shipping cost?', '6', '6', null, '2014-06-18 23:20:53', null, null);
INSERT INTO `configuration` VALUES ('155', 'Handling Fee', 'MODULE_SHIPPING_FREESHIPPER_HANDLING', '0', 'Handling fee for this shipping method.', '6', '0', null, '2014-06-18 23:20:53', null, null);
INSERT INTO `configuration` VALUES ('156', 'Tax Class', 'MODULE_SHIPPING_FREESHIPPER_TAX_CLASS', '0', 'Use the following tax class on the shipping fee.', '6', '0', null, '2014-06-18 23:20:53', 'zen_get_tax_class_title', 'zen_cfg_pull_down_tax_classes(');
INSERT INTO `configuration` VALUES ('157', 'Shipping Zone', 'MODULE_SHIPPING_FREESHIPPER_ZONE', '0', 'If a zone is selected, only enable this shipping method for that zone.', '6', '0', null, '2014-06-18 23:20:53', 'zen_get_zone_class_title', 'zen_cfg_pull_down_zone_classes(');
INSERT INTO `configuration` VALUES ('158', 'Sort Order', 'MODULE_SHIPPING_FREESHIPPER_SORT_ORDER', '0', 'Sort order of display.', '6', '0', null, '2014-06-18 23:20:53', null, null);
INSERT INTO `configuration` VALUES ('159', 'Enable Store Pickup Shipping', 'MODULE_SHIPPING_STOREPICKUP_STATUS', 'True', 'Do you want to offer In Store rate shipping?', '6', '0', null, '2014-06-18 23:20:53', null, 'zen_cfg_select_option(array(\'True\', \'False\'), ');
INSERT INTO `configuration` VALUES ('160', 'Shipping Cost', 'MODULE_SHIPPING_STOREPICKUP_COST', '0.00', 'The shipping cost for all orders using this shipping method.', '6', '0', null, '2014-06-18 23:20:53', null, null);
INSERT INTO `configuration` VALUES ('161', 'Tax Class', 'MODULE_SHIPPING_STOREPICKUP_TAX_CLASS', '0', 'Use the following tax class on the shipping fee.', '6', '0', null, '2014-06-18 23:20:53', 'zen_get_tax_class_title', 'zen_cfg_pull_down_tax_classes(');
INSERT INTO `configuration` VALUES ('162', 'Tax Basis', 'MODULE_SHIPPING_STOREPICKUP_TAX_BASIS', 'Shipping', 'On what basis is Shipping Tax calculated. Options are<br />Shipping - Based on customers Shipping Address<br />Billing Based on customers Billing address<br />Store - Based on Store address if Billing/Shipping Zone equals Store zone', '6', '0', null, '2014-06-18 23:20:53', null, 'zen_cfg_select_option(array(\'Shipping\', \'Billing\'), ');
INSERT INTO `configuration` VALUES ('163', 'Shipping Zone', 'MODULE_SHIPPING_STOREPICKUP_ZONE', '0', 'If a zone is selected, only enable this shipping method for that zone.', '6', '0', null, '2014-06-18 23:20:53', 'zen_get_zone_class_title', 'zen_cfg_pull_down_zone_classes(');
INSERT INTO `configuration` VALUES ('164', 'Sort Order', 'MODULE_SHIPPING_STOREPICKUP_SORT_ORDER', '0', 'Sort order of display.', '6', '0', null, '2014-06-18 23:20:53', null, null);
INSERT INTO `configuration` VALUES ('165', 'Enable Item Shipping', 'MODULE_SHIPPING_ITEM_STATUS', 'True', 'Do you want to offer per item rate shipping?', '6', '0', null, '2014-06-18 23:20:53', null, 'zen_cfg_select_option(array(\'True\', \'False\'), ');
INSERT INTO `configuration` VALUES ('166', 'Shipping Cost', 'MODULE_SHIPPING_ITEM_COST', '2.50', 'The shipping cost will be multiplied by the number of items in an order that uses this shipping method.', '6', '0', null, '2014-06-18 23:20:53', null, null);
INSERT INTO `configuration` VALUES ('167', 'Handling Fee', 'MODULE_SHIPPING_ITEM_HANDLING', '0', 'Handling fee for this shipping method.', '6', '0', null, '2014-06-18 23:20:53', null, null);
INSERT INTO `configuration` VALUES ('168', 'Tax Class', 'MODULE_SHIPPING_ITEM_TAX_CLASS', '0', 'Use the following tax class on the shipping fee.', '6', '0', null, '2014-06-18 23:20:53', 'zen_get_tax_class_title', 'zen_cfg_pull_down_tax_classes(');
INSERT INTO `configuration` VALUES ('169', 'Tax Basis', 'MODULE_SHIPPING_ITEM_TAX_BASIS', 'Shipping', 'On what basis is Shipping Tax calculated. Options are<br />Shipping - Based on customers Shipping Address<br />Billing Based on customers Billing address<br />Store - Based on Store address if Billing/Shipping Zone equals Store zone', '6', '0', null, '2014-06-18 23:20:53', null, 'zen_cfg_select_option(array(\'Shipping\', \'Billing\', \'Store\'), ');
INSERT INTO `configuration` VALUES ('170', 'Shipping Zone', 'MODULE_SHIPPING_ITEM_ZONE', '0', 'If a zone is selected, only enable this shipping method for that zone.', '6', '0', null, '2014-06-18 23:20:53', 'zen_get_zone_class_title', 'zen_cfg_pull_down_zone_classes(');
INSERT INTO `configuration` VALUES ('171', 'Sort Order', 'MODULE_SHIPPING_ITEM_SORT_ORDER', '0', 'Sort order of display.', '6', '0', null, '2014-06-18 23:20:53', null, null);
INSERT INTO `configuration` VALUES ('172', 'Enable Free Charge Module', 'MODULE_PAYMENT_FREECHARGER_STATUS', 'True', 'Do you want to accept Free Charge payments?', '6', '1', null, '2014-06-18 23:20:53', null, 'zen_cfg_select_option(array(\'True\', \'False\'), ');
INSERT INTO `configuration` VALUES ('173', 'Sort order of display.', 'MODULE_PAYMENT_FREECHARGER_SORT_ORDER', '0', 'Sort order of display. Lowest is displayed first.', '6', '0', null, '2014-06-18 23:20:53', null, null);
INSERT INTO `configuration` VALUES ('174', 'Payment Zone', 'MODULE_PAYMENT_FREECHARGER_ZONE', '0', 'If a zone is selected, only enable this payment method for that zone.', '6', '2', null, '2014-06-18 23:20:53', 'zen_get_zone_class_title', 'zen_cfg_pull_down_zone_classes(');
INSERT INTO `configuration` VALUES ('175', 'Set Order Status', 'MODULE_PAYMENT_FREECHARGER_ORDER_STATUS_ID', '0', 'Set the status of orders made with this payment module to this value', '6', '0', null, '2014-06-18 23:20:53', 'zen_get_order_status_name', 'zen_cfg_pull_down_order_statuses(');
INSERT INTO `configuration` VALUES ('176', 'Enable Check/Money Order Module', 'MODULE_PAYMENT_MONEYORDER_STATUS', 'True', 'Do you want to accept Check/Money Order payments?', '6', '1', null, '2014-06-18 23:20:53', null, 'zen_cfg_select_option(array(\'True\', \'False\'), ');
INSERT INTO `configuration` VALUES ('177', 'Make Payable to:', 'MODULE_PAYMENT_MONEYORDER_PAYTO', 'the Store Owner/Website Name', 'Who should payments be made payable to?', '6', '1', null, '2014-06-18 23:20:53', null, null);
INSERT INTO `configuration` VALUES ('178', 'Sort order of display.', 'MODULE_PAYMENT_MONEYORDER_SORT_ORDER', '0', 'Sort order of display. Lowest is displayed first.', '6', '0', null, '2014-06-18 23:20:53', null, null);
INSERT INTO `configuration` VALUES ('179', 'Payment Zone', 'MODULE_PAYMENT_MONEYORDER_ZONE', '0', 'If a zone is selected, only enable this payment method for that zone.', '6', '2', null, '2014-06-18 23:20:53', 'zen_get_zone_class_title', 'zen_cfg_pull_down_zone_classes(');
INSERT INTO `configuration` VALUES ('180', 'Set Order Status', 'MODULE_PAYMENT_MONEYORDER_ORDER_STATUS_ID', '0', 'Set the status of orders made with this payment module to this value', '6', '0', null, '2014-06-18 23:20:53', 'zen_get_order_status_name', 'zen_cfg_pull_down_order_statuses(');
INSERT INTO `configuration` VALUES ('181', 'Include Tax', 'MODULE_ORDER_TOTAL_GROUP_PRICING_INC_TAX', 'false', 'Include Tax value in amount before discount calculation?', '6', '6', null, '2014-06-18 23:20:53', null, 'zen_cfg_select_option(array(\'true\', \'false\'), ');
INSERT INTO `configuration` VALUES ('182', 'This module is installed', 'MODULE_ORDER_TOTAL_GROUP_PRICING_STATUS', 'true', '', '6', '1', null, '2014-06-18 23:20:53', null, 'zen_cfg_select_option(array(\'true\'), ');
INSERT INTO `configuration` VALUES ('183', 'Sort Order', 'MODULE_ORDER_TOTAL_GROUP_PRICING_SORT_ORDER', '290', 'Sort order of display.', '6', '2', null, '2014-06-18 23:20:53', null, null);
INSERT INTO `configuration` VALUES ('184', 'Include Shipping', 'MODULE_ORDER_TOTAL_GROUP_PRICING_INC_SHIPPING', 'false', 'Include Shipping value in amount before discount calculation?', '6', '5', null, '2014-06-18 23:20:53', null, 'zen_cfg_select_option(array(\'true\', \'false\'), ');
INSERT INTO `configuration` VALUES ('185', 'Re-calculate Tax', 'MODULE_ORDER_TOTAL_GROUP_PRICING_CALC_TAX', 'Standard', 'Re-Calculate Tax', '6', '7', null, '2014-06-18 23:20:53', null, 'zen_cfg_select_option(array(\'None\', \'Standard\', \'Credit Note\'), ');
INSERT INTO `configuration` VALUES ('186', 'Tax Class', 'MODULE_ORDER_TOTAL_GROUP_PRICING_TAX_CLASS', '0', 'Use the following tax class when treating Group Discount as Credit Note.', '6', '0', null, '2014-06-18 23:20:53', 'zen_get_tax_class_title', 'zen_cfg_pull_down_tax_classes(');
INSERT INTO `configuration` VALUES ('187', 'Enable Flat Shipping', 'MODULE_SHIPPING_FLAT_STATUS', 'True', 'Do you want to offer flat rate shipping?', '6', '0', null, '2014-06-18 23:20:53', null, 'zen_cfg_select_option(array(\'True\', \'False\'), ');
INSERT INTO `configuration` VALUES ('188', 'Shipping Cost', 'MODULE_SHIPPING_FLAT_COST', '5.00', 'The shipping cost for all orders using this shipping method.', '6', '0', null, '2014-06-18 23:20:53', null, null);
INSERT INTO `configuration` VALUES ('189', 'Tax Class', 'MODULE_SHIPPING_FLAT_TAX_CLASS', '0', 'Use the following tax class on the shipping fee.', '6', '0', null, '2014-06-18 23:20:53', 'zen_get_tax_class_title', 'zen_cfg_pull_down_tax_classes(');
INSERT INTO `configuration` VALUES ('190', 'Tax Basis', 'MODULE_SHIPPING_FLAT_TAX_BASIS', 'Shipping', 'On what basis is Shipping Tax calculated. Options are<br />Shipping - Based on customers Shipping Address<br />Billing Based on customers Billing address<br />Store - Based on Store address if Billing/Shipping Zone equals Store zone', '6', '0', null, '2014-06-18 23:20:53', null, 'zen_cfg_select_option(array(\'Shipping\', \'Billing\', \'Store\'), ');
INSERT INTO `configuration` VALUES ('191', 'Shipping Zone', 'MODULE_SHIPPING_FLAT_ZONE', '0', 'If a zone is selected, only enable this shipping method for that zone.', '6', '0', null, '2014-06-18 23:20:53', 'zen_get_zone_class_title', 'zen_cfg_pull_down_zone_classes(');
INSERT INTO `configuration` VALUES ('192', 'Sort Order', 'MODULE_SHIPPING_FLAT_SORT_ORDER', '0', 'Sort order of display.', '6', '0', null, '2014-06-18 23:20:53', null, null);
INSERT INTO `configuration` VALUES ('193', 'Default Currency', 'DEFAULT_CURRENCY', 'USD', 'Default Currency', '6', '0', null, '2014-06-18 23:20:53', null, null);
INSERT INTO `configuration` VALUES ('194', 'Default Language', 'DEFAULT_LANGUAGE', 'en', 'Default Language', '6', '0', null, '2014-06-18 23:20:53', null, null);
INSERT INTO `configuration` VALUES ('195', 'Default Order Status For New Orders', 'DEFAULT_ORDERS_STATUS_ID', '1', 'When a new order is created, this order status will be assigned to it.', '6', '0', null, '2014-06-18 23:20:53', null, null);
INSERT INTO `configuration` VALUES ('196', 'Admin configuration_key shows', 'ADMIN_CONFIGURATION_KEY_ON', '0', 'Manually switch to value of 1 to see the configuration_key name in configuration displays', '6', '0', null, '2014-06-18 23:20:53', null, null);
INSERT INTO `configuration` VALUES ('197', 'Country of Origin', 'SHIPPING_ORIGIN_COUNTRY', '223', 'Select the country of origin to be used in shipping quotes.', '7', '1', null, '2014-06-18 23:20:53', 'zen_get_country_name', 'zen_cfg_pull_down_country_list(');
INSERT INTO `configuration` VALUES ('198', 'Postal Code', 'SHIPPING_ORIGIN_ZIP', 'NONE', 'Enter the Postal Code (ZIP) of the Store to be used in shipping quotes. NOTE: For USA zip codes, only use your 5 digit zip code.', '7', '2', null, '2014-06-18 23:20:53', null, null);
INSERT INTO `configuration` VALUES ('199', 'Enter the Maximum Package Weight you will ship', 'SHIPPING_MAX_WEIGHT', '50', 'Carriers have a max weight limit for a single package. This is a common one for all.', '7', '3', null, '2014-06-18 23:20:53', null, null);
INSERT INTO `configuration` VALUES ('200', 'Package Tare Small to Medium - added percentage:weight', 'SHIPPING_BOX_WEIGHT', '0:3', 'What is the weight of typical packaging of small to medium packages?<br />Example: 10% + 1lb 10:1<br />10% + 0lbs 10:0<br />0% + 5lbs 0:5<br />0% + 0lbs 0:0', '7', '4', null, '2014-06-18 23:20:53', null, null);
INSERT INTO `configuration` VALUES ('201', 'Larger packages - added packaging percentage:weight', 'SHIPPING_BOX_PADDING', '10:0', 'What is the weight of typical packaging for Large packages?<br />Example: 10% + 1lb 10:1<br />10% + 0lbs 10:0<br />0% + 5lbs 0:5<br />0% + 0lbs 0:0', '7', '5', null, '2014-06-18 23:20:53', null, null);
INSERT INTO `configuration` VALUES ('202', 'Display Number of Boxes and Weight Status', 'SHIPPING_BOX_WEIGHT_DISPLAY', '3', 'Display Shipping Weight and Number of Boxes?<br /><br />0= off<br />1= Boxes Only<br />2= Weight Only<br />3= Both Boxes and Weight', '7', '15', null, '2014-06-18 23:20:53', null, 'zen_cfg_select_option(array(\'0\', \'1\', \'2\', \'3\'), ');
INSERT INTO `configuration` VALUES ('203', 'Shipping Estimator Display Settings for Shopping Cart', 'SHOW_SHIPPING_ESTIMATOR_BUTTON', '1', '<br />0= Off<br />1= Display as Button on Shopping Cart<br />2= Display as Listing on Shopping Cart Page', '7', '20', null, '2014-06-18 23:20:53', null, 'zen_cfg_select_option(array(\'0\', \'1\', \'2\'), ');
INSERT INTO `configuration` VALUES ('204', 'Display Order Comments on Admin Invoice', 'ORDER_COMMENTS_INVOICE', '1', 'Do you want to display the Order Comments on the Admin Invoice?<br />0= OFF<br />1= First Comment by Customer only<br />2= All Comments for the Order', '7', '25', null, '2014-06-18 23:20:53', null, 'zen_cfg_select_option(array(\'0\', \'1\', \'2\'), ');
INSERT INTO `configuration` VALUES ('205', 'Display Order Comments on Admin Packing Slip', 'ORDER_COMMENTS_PACKING_SLIP', '1', 'Do you want to display the Order Comments on the Admin Packing Slip?<br />0= OFF<br />1= First Comment by Customer only<br />2= All Comments for the Order', '7', '26', null, '2014-06-18 23:20:53', null, 'zen_cfg_select_option(array(\'0\', \'1\', \'2\'), ');
INSERT INTO `configuration` VALUES ('206', 'Order Free Shipping 0 Weight Status', 'ORDER_WEIGHT_ZERO_STATUS', '0', 'If there is no weight to the order, does the order have Free Shipping?<br />0= no<br />1= yes<br /><br />Note: When using Free Shipping, Enable the Free Shipping Module this will only show when shipping is free.', '7', '15', null, '2014-06-18 23:20:53', null, 'zen_cfg_select_option(array(\'0\', \'1\'), ');
INSERT INTO `configuration` VALUES ('207', 'Display Product Image', 'PRODUCT_LIST_IMAGE', '1', 'Do you want to display the Product Image?', '8', '1', null, '2014-06-18 23:20:53', null, null);
INSERT INTO `configuration` VALUES ('208', 'Display Product Manufacturer Name', 'PRODUCT_LIST_MANUFACTURER', '0', 'Do you want to display the Product Manufacturer Name?', '8', '2', null, '2014-06-18 23:20:53', null, null);
INSERT INTO `configuration` VALUES ('209', 'Display Product Model', 'PRODUCT_LIST_MODEL', '0', 'Do you want to display the Product Model?', '8', '3', null, '2014-06-18 23:20:53', null, null);
INSERT INTO `configuration` VALUES ('210', 'Display Product Name', 'PRODUCT_LIST_NAME', '2', 'Do you want to display the Product Name?', '8', '4', null, '2014-06-18 23:20:53', null, null);
INSERT INTO `configuration` VALUES ('211', 'Display Product Price/Add to Cart', 'PRODUCT_LIST_PRICE', '3', 'Do you want to display the Product Price/Add to Cart', '8', '5', null, '2014-06-18 23:20:53', null, null);
INSERT INTO `configuration` VALUES ('212', 'Display Product Quantity', 'PRODUCT_LIST_QUANTITY', '0', 'Do you want to display the Product Quantity?', '8', '6', null, '2014-06-18 23:20:53', null, null);
INSERT INTO `configuration` VALUES ('213', 'Display Product Weight', 'PRODUCT_LIST_WEIGHT', '0', 'Do you want to display the Product Weight?', '8', '7', null, '2014-06-18 23:20:53', null, null);
INSERT INTO `configuration` VALUES ('214', 'Display Product Price/Add to Cart Column Width', 'PRODUCTS_LIST_PRICE_WIDTH', '125', 'Define the width of the Price/Add to Cart column<br />Default= 125', '8', '8', null, '2014-06-18 23:20:53', null, null);
INSERT INTO `configuration` VALUES ('215', 'Display Category/Manufacturer Filter (0=off; 1=on)', 'PRODUCT_LIST_FILTER', '1', 'Do you want to display the Category/Manufacturer Filter?', '8', '9', null, '2014-06-18 23:20:53', null, 'zen_cfg_select_option(array(\'0\', \'1\'), ');
INSERT INTO `configuration` VALUES ('216', 'Prev/Next Split Page Navigation (1-top, 2-bottom, 3-both)', 'PREV_NEXT_BAR_LOCATION', '3', 'Sets the location of the Prev/Next Split Page Navigation', '8', '10', null, '2014-06-18 23:20:53', null, 'zen_cfg_select_option(array(\'1\', \'2\', \'3\'), ');
INSERT INTO `configuration` VALUES ('217', 'Display Product Listing Default Sort Order', 'PRODUCT_LISTING_DEFAULT_SORT_ORDER', '', 'Product Listing Default sort order?<br />NOTE: Leave Blank for Product Sort Order. Sort the Product Listing in the order you wish for the default display to start in to get the sort order setting. Example: 2a', '8', '15', null, '2014-06-18 23:20:53', null, null);
INSERT INTO `configuration` VALUES ('218', 'Display Product Add to Cart Button (0=off; 1=on; 2=on with Qty Box per Product)', 'PRODUCT_LIST_PRICE_BUY_NOW', '1', 'Do you want to display the Add to Cart Button?<br /><br /><strong>NOTE:</strong> Turn OFF Display Multiple Products Qty Box Status to use Option 2 on with Qty Box per Product', '8', '20', null, '2014-06-18 23:20:53', null, 'zen_cfg_select_option(array(\'0\', \'1\', \'2\'), ');
INSERT INTO `configuration` VALUES ('219', 'Display Multiple Products Qty Box Status and Set Button Location', 'PRODUCT_LISTING_MULTIPLE_ADD_TO_CART', '3', 'Do you want to display Add Multiple Products Qty Box and Set Button Location?<br />0= off<br />1= Top<br />2= Bottom<br />3= Both', '8', '25', null, '2014-06-18 23:20:53', null, 'zen_cfg_select_option(array(\'0\', \'1\', \'2\', \'3\'), ');
INSERT INTO `configuration` VALUES ('220', 'Display Product Description', 'PRODUCT_LIST_DESCRIPTION', '150', 'Do you want to display the Product Description?<br /><br />0= OFF<br />150= Suggested Length, or enter the maximum number of characters to display', '8', '30', null, '2014-06-18 23:20:53', null, null);
INSERT INTO `configuration` VALUES ('221', 'Product Listing Ascending Sort Order', 'PRODUCT_LIST_SORT_ORDER_ASCENDING', '+', 'What do you want to use to indicate Sort Order Ascending?<br />Default = +', '8', '40', null, '2014-06-18 23:20:53', null, 'zen_cfg_textarea_small(');
INSERT INTO `configuration` VALUES ('222', 'Product Listing Descending Sort Order', 'PRODUCT_LIST_SORT_ORDER_DESCENDING', '-', 'What do you want to use to indicate Sort Order Descending?<br />Default = -', '8', '41', null, '2014-06-18 23:20:53', null, 'zen_cfg_textarea_small(');
INSERT INTO `configuration` VALUES ('223', 'Include Product Listing Alpha Sorter Dropdown', 'PRODUCT_LIST_ALPHA_SORTER', 'true', 'Do you want to include an Alpha Filter dropdown on the Product Listing?', '8', '50', null, '2014-06-18 23:20:53', null, 'zen_cfg_select_option(array(\'true\', \'false\'), ');
INSERT INTO `configuration` VALUES ('224', 'Include Product Listing Sub Categories Image', 'PRODUCT_LIST_CATEGORIES_IMAGE_STATUS', 'true', 'Do you want to include the Sub Categories Image on the Product Listing?', '8', '52', null, '2014-06-18 23:20:53', null, 'zen_cfg_select_option(array(\'true\', \'false\'), ');
INSERT INTO `configuration` VALUES ('225', 'Include Product Listing Top Categories Image', 'PRODUCT_LIST_CATEGORIES_IMAGE_STATUS_TOP', 'true', 'Do you want to include the Top Categories Image on the Product Listing?', '8', '53', null, '2014-06-18 23:20:53', null, 'zen_cfg_select_option(array(\'true\', \'false\'), ');
INSERT INTO `configuration` VALUES ('226', 'Show SubCategories on Main Page while navigating', 'PRODUCT_LIST_CATEGORY_ROW_STATUS', '1', 'Show Sub-Categories on Main Page while navigating through Categories<br /><br />0= off<br />1= on', '8', '60', null, '2014-06-18 23:20:53', null, 'zen_cfg_select_option(array(\'0\', \'1\'), ');
INSERT INTO `configuration` VALUES ('227', 'Check stock level', 'STOCK_CHECK', 'true', 'Check to see if sufficent stock is available', '9', '1', null, '2014-06-18 23:20:53', null, 'zen_cfg_select_option(array(\'true\', \'false\'), ');
INSERT INTO `configuration` VALUES ('228', 'Subtract stock', 'STOCK_LIMITED', 'true', 'Subtract product in stock by product orders', '9', '2', null, '2014-06-18 23:20:53', null, 'zen_cfg_select_option(array(\'true\', \'false\'), ');
INSERT INTO `configuration` VALUES ('229', 'Allow Checkout', 'STOCK_ALLOW_CHECKOUT', 'true', 'Allow customer to checkout even if there is insufficient stock', '9', '3', null, '2014-06-18 23:20:53', null, 'zen_cfg_select_option(array(\'true\', \'false\'), ');
INSERT INTO `configuration` VALUES ('230', 'Mark product out of stock', 'STOCK_MARK_PRODUCT_OUT_OF_STOCK', '***', 'Display something on screen so customer can see which product has insufficient stock', '9', '4', null, '2014-06-18 23:20:53', null, null);
INSERT INTO `configuration` VALUES ('231', 'Stock Re-order level', 'STOCK_REORDER_LEVEL', '5', 'Define when stock needs to be re-ordered', '9', '5', null, '2014-06-18 23:20:53', null, null);
INSERT INTO `configuration` VALUES ('232', 'Products status in Catalog when out of stock should be set to', 'SHOW_PRODUCTS_SOLD_OUT', '0', 'Show Products when out of stock<br /><br />0= set product status to OFF<br />1= leave product status ON', '9', '10', null, '2014-06-18 23:20:53', null, 'zen_cfg_select_option(array(\'0\', \'1\'), ');
INSERT INTO `configuration` VALUES ('233', 'Show Sold Out Image in place of Add to Cart', 'SHOW_PRODUCTS_SOLD_OUT_IMAGE', '1', 'Show Sold Out Image instead of Add to Cart Button<br /><br />0= off<br />1= on', '9', '11', null, '2014-06-18 23:20:53', null, 'zen_cfg_select_option(array(\'0\', \'1\'), ');
INSERT INTO `configuration` VALUES ('234', 'Product Quantity Decimals', 'QUANTITY_DECIMALS', '1', 'Allow how many decimals on Quantity<br /><br />0= off', '9', '15', '2014-12-28 21:36:10', '2014-06-18 23:20:53', null, 'zen_cfg_select_option(array(\'0\', \'1\', \'2\', \'3\'), ');
INSERT INTO `configuration` VALUES ('235', 'Show Shopping Cart - Delete Checkboxes or Delete Button', 'SHOW_SHOPPING_CART_DELETE', '3', 'Show on Shopping Cart Delete Button and/or Checkboxes<br /><br />1= Delete Button Only<br />2= Checkbox Only<br />3= Both Delete Button and Checkbox', '9', '20', null, '2014-06-18 23:20:53', null, 'zen_cfg_select_option(array(\'1\', \'2\', \'3\'), ');
INSERT INTO `configuration` VALUES ('236', 'Show Shopping Cart - Update Cart Button Location', 'SHOW_SHOPPING_CART_UPDATE', '3', 'Show on Shopping Cart Update Cart Button Location as:<br /><br />1= Next to each Qty Box<br />2= Below all Products<br />3= Both Next to each Qty Box and Below all Products', '9', '22', null, '2014-06-18 23:20:53', null, 'zen_cfg_select_option(array(\'1\', \'2\', \'3\'), ');
INSERT INTO `configuration` VALUES ('237', 'Show New Products on empty Shopping Cart Page', 'SHOW_SHOPPING_CART_EMPTY_NEW_PRODUCTS', '1', 'Show New Products on empty Shopping Cart Page<br />0= off or set the sort order', '9', '30', null, '2014-06-18 23:20:53', null, 'zen_cfg_select_option(array(\'0\', \'1\', \'2\', \'3\', \'4\'), ');
INSERT INTO `configuration` VALUES ('238', 'Show Featured Products on empty Shopping Cart Page', 'SHOW_SHOPPING_CART_EMPTY_FEATURED_PRODUCTS', '2', 'Show Featured Products on empty Shopping Cart Page<br />0= off or set the sort order', '9', '31', null, '2014-06-18 23:20:53', null, 'zen_cfg_select_option(array(\'0\', \'1\', \'2\', \'3\', \'4\'), ');
INSERT INTO `configuration` VALUES ('239', 'Show Special Products on empty Shopping Cart Page', 'SHOW_SHOPPING_CART_EMPTY_SPECIALS_PRODUCTS', '3', 'Show Special Products on empty Shopping Cart Page<br />0= off or set the sort order', '9', '32', null, '2014-06-18 23:20:53', null, 'zen_cfg_select_option(array(\'0\', \'1\', \'2\', \'3\', \'4\'), ');
INSERT INTO `configuration` VALUES ('240', 'Show Upcoming Products on empty Shopping Cart Page', 'SHOW_SHOPPING_CART_EMPTY_UPCOMING', '4', 'Show Upcoming Products on empty Shopping Cart Page<br />0= off or set the sort order', '9', '33', null, '2014-06-18 23:20:53', null, 'zen_cfg_select_option(array(\'0\', \'1\', \'2\', \'3\', \'4\'), ');
INSERT INTO `configuration` VALUES ('241', 'Show Notice of Combining Shopping Cart on Login', 'SHOW_SHOPPING_CART_COMBINED', '1', 'When a customer logs in and has a previously stored shopping cart, the products are combined with the existing shopping cart.<br /><br />Do you wish to display a Notice to the customer?<br /><br />0= OFF, do not display a notice<br />1= Yes show notice and go to shopping cart<br />2= Yes show notice, but do not go to shopping cart', '9', '35', null, '2014-06-18 23:20:53', null, 'zen_cfg_select_option(array(\'0\', \'1\', \'2\'), ');
INSERT INTO `configuration` VALUES ('242', 'Store Page Parse Time', 'STORE_PAGE_PARSE_TIME', 'false', 'Store the time it takes to parse a page', '10', '1', null, '2014-06-18 23:20:53', null, 'zen_cfg_select_option(array(\'true\', \'false\'), ');
INSERT INTO `configuration` VALUES ('243', 'Log Destination', 'STORE_PAGE_PARSE_TIME_LOG', 'E:/www/PHP/zc_demo/cache/page_parse_time.log', 'Directory and filename of the page parse time log', '10', '2', null, '2014-06-18 23:20:53', null, null);
INSERT INTO `configuration` VALUES ('244', 'Log Date Format', 'STORE_PARSE_DATE_TIME_FORMAT', '%d/%m/%Y %H:%M:%S', 'The date format', '10', '3', null, '2014-06-18 23:20:53', null, null);
INSERT INTO `configuration` VALUES ('245', 'Display The Page Parse Time', 'DISPLAY_PAGE_PARSE_TIME', 'true', 'Display the page parse time on the bottom of each page<br />You do not need to store the times to display them in the Catalog', '10', '4', '2014-06-24 15:15:28', '2014-06-18 23:20:53', null, 'zen_cfg_select_option(array(\'true\', \'false\'), ');
INSERT INTO `configuration` VALUES ('246', 'Store Database Queries', 'STORE_DB_TRANSACTIONS', 'false', 'Store the database queries in the page parse time log (PHP4 only)', '10', '5', null, '2014-06-18 23:20:53', null, 'zen_cfg_select_option(array(\'true\', \'false\'), ');
INSERT INTO `configuration` VALUES ('247', 'E-Mail Transport Method', 'EMAIL_TRANSPORT', 'PHP', 'Defines the method for sending mail.<br /><strong>PHP</strong> is the default, and uses built-in PHP wrappers for processing.<br />Servers running on Windows and MacOS should change this setting to <strong>SMTP</strong>.<br /><br /><strong>SMTPAUTH</strong> should only be used if your server requires SMTP authorization to send messages. You must also configure your SMTPAUTH settings in the appropriate fields in this admin section.<br /><br /><strong>sendmail</strong> is for linux/unix hosts using the sendmail program on the server<br /><strong>\"sendmail-f\"</strong> is only for servers which require the use of the -f parameter to send mail. This is a security setting often used to prevent spoofing. Will cause errors if your host mailserver is not configured to use it.<br /><br /><strong>Qmail</strong> is used for linux/unix hosts running Qmail as sendmail wrapper at /var/qmail/bin/sendmail.', '12', '1', null, '2014-06-18 23:20:53', null, 'zen_cfg_select_option(array(\'PHP\', \'sendmail\', \'sendmail-f\', \'smtp\', \'smtpauth\', \'Qmail\'),');
INSERT INTO `configuration` VALUES ('248', 'SMTP Email Account Mailbox', 'EMAIL_SMTPAUTH_MAILBOX', 'YourEmailAccountNameHere', 'Enter the mailbox account name (me@mydomain.com) supplied by your host. This is the account name that your host requires for SMTP authentication.<br />Only required if using SMTP Authentication for email.', '12', '101', null, '2014-06-18 23:20:53', null, null);
INSERT INTO `configuration` VALUES ('249', 'SMTP Email Account Password', 'EMAIL_SMTPAUTH_PASSWORD', 'YourPasswordHere', 'Enter the password for your SMTP mailbox. <br />Only required if using SMTP Authentication for email.', '12', '101', null, '2014-06-18 23:20:53', 'zen_cfg_password_display', null);
INSERT INTO `configuration` VALUES ('250', 'SMTP Email Mail Host', 'EMAIL_SMTPAUTH_MAIL_SERVER', 'mail.EnterYourDomain.com', 'Enter the DNS name of your SMTP mail server.<br />ie: mail.mydomain.com<br />or 55.66.77.88<br />Only required if using SMTP Authentication for email.', '12', '101', null, '2014-06-18 23:20:53', null, null);
INSERT INTO `configuration` VALUES ('251', 'SMTP Email Mail Server Port', 'EMAIL_SMTPAUTH_MAIL_SERVER_PORT', '25', 'Enter the IP port number that your SMTP mailserver operates on.<br />Only required if using SMTP Authentication for email.', '12', '101', null, '2014-06-18 23:20:53', null, null);
INSERT INTO `configuration` VALUES ('252', 'E-Mail Linefeeds', 'EMAIL_LINEFEED', 'LF', 'Defines the character sequence used to separate mail headers.', '12', '2', null, '2014-06-18 23:20:53', null, 'zen_cfg_select_option(array(\'LF\', \'CRLF\'),');
INSERT INTO `configuration` VALUES ('253', 'Use MIME HTML When Sending Emails', 'EMAIL_USE_HTML', 'false', 'Send e-mails in HTML format', '12', '3', null, '2014-06-18 23:20:53', null, 'zen_cfg_select_option(array(\'true\', \'false\'),');
INSERT INTO `configuration` VALUES ('254', 'Verify E-Mail Addresses Through DNS', 'ENTRY_EMAIL_ADDRESS_CHECK', 'false', 'Verify e-mail address through a DNS server', '6', '6', null, '2014-06-18 23:20:53', null, 'zen_cfg_select_option(array(\'true\', \'false\'), ');
INSERT INTO `configuration` VALUES ('255', 'Send E-Mails', 'SEND_EMAILS', 'true', 'Send out e-mails', '12', '5', null, '2014-06-18 23:20:53', null, 'zen_cfg_select_option(array(\'true\', \'false\'), ');
INSERT INTO `configuration` VALUES ('256', 'Email Archiving Active?', 'EMAIL_ARCHIVE', 'false', 'If you wish to have email messages archived/stored when sent, set this to \"true\".', '12', '6', null, '2014-06-18 23:20:53', null, 'zen_cfg_select_option(array(\'true\', \'false\'),');
INSERT INTO `configuration` VALUES ('257', 'E-Mail Friendly-Errors', 'EMAIL_FRIENDLY_ERRORS', 'true', 'Do you want to display friendly errors if emails fail?  Setting this to false will display PHP errors and likely cause the script to fail. Only set to false while troubleshooting, and true for a live shop.', '12', '7', null, '2014-06-18 23:20:53', null, 'zen_cfg_select_option(array(\'true\', \'false\'),');
INSERT INTO `configuration` VALUES ('258', 'Email Address (Displayed to Contact you)', 'STORE_OWNER_EMAIL_ADDRESS', 'admin@mobanbase.com', 'Email address of Store Owner.  Used as \"display only\" when informing customers of how to contact you.', '12', '10', null, '2014-06-18 23:20:53', null, null);
INSERT INTO `configuration` VALUES ('259', 'Email Address (sent FROM)', 'EMAIL_FROM', 'admin@mobanbase.com', 'Address from which email messages will be \"sent\" by default. Can be over-ridden at compose-time in admin modules.', '12', '11', null, '2014-06-18 23:20:53', null, null);
INSERT INTO `configuration` VALUES ('260', 'Emails must send from known domain?', 'EMAIL_SEND_MUST_BE_STORE', 'Yes', 'Does your mailserver require that all outgoing emails have their \"from\" address match a known domain that exists on your webserver?<br /><br />This is often required in order to prevent spoofing and spam broadcasts.  If set to Yes, this will cause the email address (sent FROM) to be used as the \"from\" address on all outgoing mail.', '12', '11', null, '0001-01-01 00:00:00', null, 'zen_cfg_select_option(array(\'No\', \'Yes\'), ');
INSERT INTO `configuration` VALUES ('261', 'Email Admin Format?', 'ADMIN_EXTRA_EMAIL_FORMAT', 'TEXT', 'Please select the Admin extra email format', '12', '12', null, '0001-01-01 00:00:00', null, 'zen_cfg_select_option(array(\'TEXT\', \'HTML\'), ');
INSERT INTO `configuration` VALUES ('262', 'Send Copy of Order Confirmation Emails To', 'SEND_EXTRA_ORDER_EMAILS_TO', 'admin@mobanbase.com', 'Send COPIES of order confirmation emails to the following email addresses, in this format: Name 1 &lt;email@address1&gt;, Name 2 &lt;email@address2&gt;', '12', '12', null, '2014-06-18 23:20:53', null, null);
INSERT INTO `configuration` VALUES ('263', 'Send Copy of Create Account Emails To - Status', 'SEND_EXTRA_CREATE_ACCOUNT_EMAILS_TO_STATUS', '0', 'Send copy of Create Account Status<br />0= off 1= on', '12', '13', null, '2014-06-18 23:20:53', null, 'zen_cfg_select_option(array(\'0\', \'1\'),');
INSERT INTO `configuration` VALUES ('264', 'Send Copy of Create Account Emails To', 'SEND_EXTRA_CREATE_ACCOUNT_EMAILS_TO', 'admin@mobanbase.com', 'Send copy of Create Account emails to the following email addresses, in this format: Name 1 &lt;email@address1&gt;, Name 2 &lt;email@address2&gt;', '12', '14', null, '2014-06-18 23:20:53', null, null);
INSERT INTO `configuration` VALUES ('265', 'Send Copy of Customer GV Send Emails To - Status', 'SEND_EXTRA_GV_CUSTOMER_EMAILS_TO_STATUS', '0', 'Send copy of Customer GV Send Status<br />0= off 1= on', '12', '17', null, '2014-06-18 23:20:53', null, 'zen_cfg_select_option(array(\'0\', \'1\'),');
INSERT INTO `configuration` VALUES ('266', 'Send Copy of Customer GV Send Emails To', 'SEND_EXTRA_GV_CUSTOMER_EMAILS_TO', 'admin@mobanbase.com', 'Send copy of Customer GV Send emails to the following email addresses, in this format: Name 1 &lt;email@address1&gt;, Name 2 &lt;email@address2&gt;', '12', '18', null, '2014-06-18 23:20:53', null, null);
INSERT INTO `configuration` VALUES ('267', 'Send Copy of Admin GV Mail Emails To - Status', 'SEND_EXTRA_GV_ADMIN_EMAILS_TO_STATUS', '0', 'Send copy of Admin GV Mail Status<br />0= off 1= on', '12', '19', null, '2014-06-18 23:20:53', null, 'zen_cfg_select_option(array(\'0\', \'1\'),');
INSERT INTO `configuration` VALUES ('268', 'Send Copy of Customer Admin GV Mail Emails To', 'SEND_EXTRA_GV_ADMIN_EMAILS_TO', 'admin@mobanbase.com', 'Send copy of Admin GV Mail emails to the following email addresses, in this format: Name 1 &lt;email@address1&gt;, Name 2 &lt;email@address2&gt;', '12', '20', null, '2014-06-18 23:20:53', null, null);
INSERT INTO `configuration` VALUES ('269', 'Send Copy of Admin Discount Coupon Mail Emails To - Status', 'SEND_EXTRA_DISCOUNT_COUPON_ADMIN_EMAILS_TO_STATUS', '0', 'Send copy of Admin Discount Coupon Mail Status<br />0= off 1= on', '12', '21', null, '2014-06-18 23:20:53', null, 'zen_cfg_select_option(array(\'0\', \'1\'),');
INSERT INTO `configuration` VALUES ('270', 'Send Copy of Customer Admin Discount Coupon Mail Emails To', 'SEND_EXTRA_DISCOUNT_COUPON_ADMIN_EMAILS_TO', 'admin@mobanbase.com', 'Send copy of Admin Discount Coupon Mail emails to the following email addresses, in this format: Name 1 &lt;email@address1&gt;, Name 2 &lt;email@address2&gt;', '12', '22', null, '2014-06-18 23:20:53', null, null);
INSERT INTO `configuration` VALUES ('271', 'Send Copy of Admin Orders Status Emails To - Status', 'SEND_EXTRA_ORDERS_STATUS_ADMIN_EMAILS_TO_STATUS', '0', 'Send copy of Admin Orders Status Status<br />0= off 1= on', '12', '23', null, '2014-06-18 23:20:53', null, 'zen_cfg_select_option(array(\'0\', \'1\'),');
INSERT INTO `configuration` VALUES ('272', 'Send Copy of Admin Orders Status Emails To', 'SEND_EXTRA_ORDERS_STATUS_ADMIN_EMAILS_TO', 'admin@mobanbase.com', 'Send copy of Admin Orders Status emails to the following email addresses, in this format: Name 1 &lt;email@address1&gt;, Name 2 &lt;email@address2&gt;', '12', '24', null, '2014-06-18 23:20:53', null, null);
INSERT INTO `configuration` VALUES ('273', 'Send Notice of Pending Reviews Emails To - Status', 'SEND_EXTRA_REVIEW_NOTIFICATION_EMAILS_TO_STATUS', '0', 'Send copy of Pending Reviews Status<br />0= off 1= on', '12', '25', null, '2014-06-18 23:20:53', null, 'zen_cfg_select_option(array(\'0\', \'1\'),');
INSERT INTO `configuration` VALUES ('274', 'Send Notice of Pending Reviews Emails To', 'SEND_EXTRA_REVIEW_NOTIFICATION_EMAILS_TO', 'admin@mobanbase.com', 'Send copy of Pending Reviews emails to the following email addresses, in this format: Name 1 &lt;email@address1&gt;, Name 2 &lt;email@address2&gt;', '12', '26', null, '2014-06-18 23:20:53', null, null);
INSERT INTO `configuration` VALUES ('275', 'Set \"Contact Us\" Email Dropdown List', 'CONTACT_US_LIST', '', 'On the \"Contact Us\" Page, set the list of email addresses , in this format: Name 1 &lt;email@address1&gt;, Name 2 &lt;email@address2&gt;', '12', '40', null, '2014-06-18 23:20:53', null, 'zen_cfg_textarea(');
INSERT INTO `configuration` VALUES ('276', 'Contact Us - Show Store Name and Address', 'CONTACT_US_STORE_NAME_ADDRESS', '1', 'Include Store Name and Address<br />0= off 1= on', '12', '50', null, '2014-06-18 23:20:53', null, 'zen_cfg_select_option(array(\'0\', \'1\'), ');
INSERT INTO `configuration` VALUES ('277', 'Send Low Stock Emails', 'SEND_LOWSTOCK_EMAIL', '0', 'When stock level is at or below low stock level send an email<br />0= off<br />1= on', '12', '60', '2014-06-18 23:20:53', '2014-06-18 23:20:53', null, 'zen_cfg_select_option(array(\'0\', \'1\'),');
INSERT INTO `configuration` VALUES ('278', 'Send Low Stock Emails To', 'SEND_EXTRA_LOW_STOCK_EMAILS_TO', 'admin@mobanbase.com', 'When stock level is at or below low stock level send an email to this address, in this format: Name 1 &lt;email@address1&gt;, Name 2 &lt;email@address2&gt;', '12', '61', null, '2014-06-18 23:20:53', null, null);
INSERT INTO `configuration` VALUES ('279', 'Display \"Newsletter Unsubscribe\" Link?', 'SHOW_NEWSLETTER_UNSUBSCRIBE_LINK', 'true', 'Show \"Newsletter Unsubscribe\" link in the \"Information\" side-box?', '12', '70', null, '2014-06-18 23:20:53', null, 'zen_cfg_select_option(array(\'true\', \'false\'),');
INSERT INTO `configuration` VALUES ('280', 'Audience-Select Count Display', 'AUDIENCE_SELECT_DISPLAY_COUNTS', 'true', 'When displaying lists of available audiences/recipients, should the recipients-count be included? <br /><em>(This may make things slower if you have a lot of customers or complex audience queries)</em>', '12', '90', null, '2014-06-18 23:20:53', null, 'zen_cfg_select_option(array(\'true\', \'false\'),');
INSERT INTO `configuration` VALUES ('281', 'Enable Downloads', 'DOWNLOAD_ENABLED', 'true', 'Enable the products download functions.', '13', '1', null, '2014-06-18 23:20:53', null, 'zen_cfg_select_option(array(\'true\', \'false\'), ');
INSERT INTO `configuration` VALUES ('282', 'Download by Redirect', 'DOWNLOAD_BY_REDIRECT', 'true', 'Use browser redirection for download. Disable on non-Unix systems.<br /><br />Note: Set /pub to 777 when redirect is true', '13', '2', null, '2014-06-18 23:20:53', null, 'zen_cfg_select_option(array(\'true\', \'false\'), ');
INSERT INTO `configuration` VALUES ('283', 'Download by streaming', 'DOWNLOAD_IN_CHUNKS', 'false', 'If download-by-redirect is disabled, and your PHP memory_limit setting is under 8 MB, you might need to enable this setting so that files are streamed in smaller segments to the browser.<br /><br />Has no effect if Download By Redirect is enabled.', '13', '2', null, '2014-06-18 23:20:53', null, 'zen_cfg_select_option(array(\'true\', \'false\'), ');
INSERT INTO `configuration` VALUES ('284', 'Download Expiration (Number of Days)', 'DOWNLOAD_MAX_DAYS', '7', 'Set number of days before the download link expires. 0 means no limit.', '13', '3', null, '2014-06-18 23:20:53', null, '');
INSERT INTO `configuration` VALUES ('285', 'Number of Downloads Allowed - Per Product', 'DOWNLOAD_MAX_COUNT', '5', 'Set the maximum number of downloads. 0 means no download authorized.', '13', '4', null, '2014-06-18 23:20:53', null, '');
INSERT INTO `configuration` VALUES ('286', 'Downloads Controller Update Status Value', 'DOWNLOADS_ORDERS_STATUS_UPDATED_VALUE', '4', 'What orders_status resets the Download days and Max Downloads - Default is 4', '13', '10', '2014-06-18 23:20:53', '2014-06-18 23:20:53', null, null);
INSERT INTO `configuration` VALUES ('287', 'Downloads Controller Order Status Value >= lower value', 'DOWNLOADS_CONTROLLER_ORDERS_STATUS', '2', 'Downloads Controller Order Status Value - Default >= 2<br /><br />Downloads are available for checkout based on the orders status. Orders with orders status greater than this value will be available for download. The orders status is set for an order by the Payment Modules. Set the lower range for this range.', '13', '12', '2014-06-18 23:20:53', '2014-06-18 23:20:53', null, null);
INSERT INTO `configuration` VALUES ('288', 'Downloads Controller Order Status Value <= upper value', 'DOWNLOADS_CONTROLLER_ORDERS_STATUS_END', '4', 'Downloads Controller Order Status Value - Default <= 4<br /><br />Downloads are available for checkout based on the orders status. Orders with orders status less than this value will be available for download. The orders status is set for an order by the Payment Modules.  Set the upper range for this range.', '13', '13', '2014-06-18 23:20:53', '2014-06-18 23:20:53', null, null);
INSERT INTO `configuration` VALUES ('289', 'Enable Price Factor', 'ATTRIBUTES_ENABLED_PRICE_FACTOR', 'true', 'Enable the Attributes Price Factor.', '13', '25', null, '2014-06-18 23:20:53', null, 'zen_cfg_select_option(array(\'true\', \'false\'), ');
INSERT INTO `configuration` VALUES ('290', 'Enable Qty Price Discount', 'ATTRIBUTES_ENABLED_QTY_PRICES', 'true', 'Enable the Attributes Quantity Price Discounts.', '13', '26', null, '2014-06-18 23:20:53', null, 'zen_cfg_select_option(array(\'true\', \'false\'), ');
INSERT INTO `configuration` VALUES ('291', 'Enable Attribute Images', 'ATTRIBUTES_ENABLED_IMAGES', 'true', 'Enable the Attributes Images.', '13', '28', null, '2014-06-18 23:20:53', null, 'zen_cfg_select_option(array(\'true\', \'false\'), ');
INSERT INTO `configuration` VALUES ('292', 'Enable Text Pricing by word or letter', 'ATTRIBUTES_ENABLED_TEXT_PRICES', 'true', 'Enable the Attributes Text Pricing by word or letter.', '13', '35', null, '2014-06-18 23:20:53', null, 'zen_cfg_select_option(array(\'true\', \'false\'), ');
INSERT INTO `configuration` VALUES ('293', 'Text Pricing - Spaces are Free', 'TEXT_SPACES_FREE', '1', 'On Text pricing Spaces are Free<br /><br />0= off 1= on', '13', '36', null, '2014-06-18 23:20:53', null, 'zen_cfg_select_option(array(\'0\', \'1\'), ');
INSERT INTO `configuration` VALUES ('294', 'Read Only option type - Ignore for Add to Cart', 'PRODUCTS_OPTIONS_TYPE_READONLY_IGNORED', '1', 'When a Product only uses READONLY attributes, should the Add to Cart button be On or Off?<br />0= OFF<br />1= ON', '13', '37', null, '2014-06-18 23:20:53', null, 'zen_cfg_select_option(array(\'0\', \'1\'), ');
INSERT INTO `configuration` VALUES ('295', 'Enable GZip Compression', 'GZIP_LEVEL', '0', '0= off 1= on', '14', '1', null, '2014-06-18 23:20:53', null, 'zen_cfg_select_option(array(\'0\', \'1\'),');
INSERT INTO `configuration` VALUES ('296', 'Session Directory', 'SESSION_WRITE_DIRECTORY', 'E:/www/PHP/zc_demo/cache', 'If sessions are file based, store them in this directory.', '15', '1', null, '2014-06-18 23:20:53', null, null);
INSERT INTO `configuration` VALUES ('297', 'Cookie Domain', 'SESSION_USE_FQDN', 'True', 'If True the full domain name will be used to store the cookie, e.g. www.mydomain.com. If False only a partial domain name will be used, e.g. mydomain.com. If you are unsure about this, always leave set to true.', '15', '2', null, '2014-06-18 23:20:53', null, 'zen_cfg_select_option(array(\'True\', \'False\'), ');
INSERT INTO `configuration` VALUES ('298', 'Force Cookie Use', 'SESSION_FORCE_COOKIE_USE', 'False', 'Force the use of sessions when cookies are only enabled.', '15', '2', null, '2014-06-18 23:20:53', null, 'zen_cfg_select_option(array(\'True\', \'False\'), ');
INSERT INTO `configuration` VALUES ('299', 'Check SSL Session ID', 'SESSION_CHECK_SSL_SESSION_ID', 'False', 'Validate the SSL_SESSION_ID on every secure HTTPS page request.', '15', '3', null, '2014-06-18 23:20:53', null, 'zen_cfg_select_option(array(\'True\', \'False\'), ');
INSERT INTO `configuration` VALUES ('300', 'Check User Agent', 'SESSION_CHECK_USER_AGENT', 'False', 'Validate the clients browser user agent on every page request.', '15', '4', null, '2014-06-18 23:20:53', null, 'zen_cfg_select_option(array(\'True\', \'False\'), ');
INSERT INTO `configuration` VALUES ('301', 'Check IP Address', 'SESSION_CHECK_IP_ADDRESS', 'False', 'Validate the clients IP address on every page request.', '15', '5', null, '2014-06-18 23:20:53', null, 'zen_cfg_select_option(array(\'True\', \'False\'), ');
INSERT INTO `configuration` VALUES ('302', 'Prevent Spider Sessions', 'SESSION_BLOCK_SPIDERS', 'True', 'Prevent known spiders from starting a session.', '15', '6', null, '2014-06-18 23:20:53', null, 'zen_cfg_select_option(array(\'True\', \'False\'), ');
INSERT INTO `configuration` VALUES ('303', 'Recreate Session', 'SESSION_RECREATE', 'True', 'Recreate the session to generate a new session ID when the customer logs on or creates an account (PHP >=4.1 needed).', '15', '7', null, '2014-06-18 23:20:53', null, 'zen_cfg_select_option(array(\'True\', \'False\'), ');
INSERT INTO `configuration` VALUES ('304', 'IP to Host Conversion Status', 'SESSION_IP_TO_HOST_ADDRESS', 'true', 'Convert IP Address to Host Address<br /><br />Note: on some servers this can slow down the initial start of a session or execution of Emails', '15', '10', null, '2014-06-18 23:20:53', null, 'zen_cfg_select_option(array(\'true\', \'false\'), ');
INSERT INTO `configuration` VALUES ('305', 'Length of the redeem code', 'SECURITY_CODE_LENGTH', '10', 'Enter the length of the redeem code<br />The longer the more secure', '16', '1', null, '2014-06-18 23:20:53', null, null);
INSERT INTO `configuration` VALUES ('306', 'Default Order Status For Zero Balance Orders', 'DEFAULT_ZERO_BALANCE_ORDERS_STATUS_ID', '2', 'When an order\'s balance is zero, this order status will be assigned to it.', '16', '0', null, '2014-06-18 23:20:53', 'zen_get_order_status_name', 'zen_cfg_pull_down_order_statuses(');
INSERT INTO `configuration` VALUES ('307', 'New Signup Discount Coupon ID#', 'NEW_SIGNUP_DISCOUNT_COUPON', '', 'Select the coupon<br />', '16', '75', null, '2014-06-18 23:20:53', null, 'zen_cfg_select_coupon_id(');
INSERT INTO `configuration` VALUES ('308', 'New Signup Gift Voucher Amount', 'NEW_SIGNUP_GIFT_VOUCHER_AMOUNT', '', 'Leave blank for none<br />Or enter an amount ie. 10 for $10.00', '16', '76', null, '2014-06-18 23:20:53', null, null);
INSERT INTO `configuration` VALUES ('309', 'Maximum Discount Coupons Per Page', 'MAX_DISPLAY_SEARCH_RESULTS_DISCOUNT_COUPONS', '20', 'Number of Discount Coupons to list per Page', '16', '81', null, '2014-06-18 23:20:53', null, null);
INSERT INTO `configuration` VALUES ('310', 'Maximum Discount Coupon Report Results Per Page', 'MAX_DISPLAY_SEARCH_RESULTS_DISCOUNT_COUPONS_REPORTS', '20', 'Number of Discount Coupons to list on Reports Page', '16', '81', null, '2014-06-18 23:20:53', null, null);
INSERT INTO `configuration` VALUES ('311', 'Credit Card Enable Status - VISA', 'CC_ENABLED_VISA', '1', 'Accept VISA 0= off 1= on', '17', '1', null, '2014-06-18 23:20:53', null, 'zen_cfg_select_option(array(\'0\', \'1\'), ');
INSERT INTO `configuration` VALUES ('312', 'Credit Card Enable Status - MasterCard', 'CC_ENABLED_MC', '1', 'Accept MasterCard 0= off 1= on', '17', '2', null, '2014-06-18 23:20:53', null, 'zen_cfg_select_option(array(\'0\', \'1\'), ');
INSERT INTO `configuration` VALUES ('313', 'Credit Card Enable Status - AmericanExpress', 'CC_ENABLED_AMEX', '0', 'Accept AmericanExpress 0= off 1= on', '17', '3', null, '2014-06-18 23:20:53', null, 'zen_cfg_select_option(array(\'0\', \'1\'), ');
INSERT INTO `configuration` VALUES ('314', 'Credit Card Enable Status - Diners Club', 'CC_ENABLED_DINERS_CLUB', '0', 'Accept Diners Club 0= off 1= on', '17', '4', null, '2014-06-18 23:20:53', null, 'zen_cfg_select_option(array(\'0\', \'1\'), ');
INSERT INTO `configuration` VALUES ('315', 'Credit Card Enable Status - Discover Card', 'CC_ENABLED_DISCOVER', '0', 'Accept Discover Card 0= off 1= on', '17', '5', null, '2014-06-18 23:20:53', null, 'zen_cfg_select_option(array(\'0\', \'1\'), ');
INSERT INTO `configuration` VALUES ('316', 'Credit Card Enable Status - JCB', 'CC_ENABLED_JCB', '0', 'Accept JCB 0= off 1= on', '17', '6', null, '2014-06-18 23:20:53', null, 'zen_cfg_select_option(array(\'0\', \'1\'), ');
INSERT INTO `configuration` VALUES ('317', 'Credit Card Enable Status - AUSTRALIAN BANKCARD', 'CC_ENABLED_AUSTRALIAN_BANKCARD', '0', 'Accept AUSTRALIAN BANKCARD 0= off 1= on', '17', '7', null, '2014-06-18 23:20:53', null, 'zen_cfg_select_option(array(\'0\', \'1\'), ');
INSERT INTO `configuration` VALUES ('318', 'Credit Card Enable Status - SOLO', 'CC_ENABLED_SOLO', '0', 'Accept SOLO Card 0= off 1= on', '17', '8', null, '2014-06-18 23:20:53', null, 'zen_cfg_select_option(array(\'0\', \'1\'), ');
INSERT INTO `configuration` VALUES ('319', 'Credit Card Enable Status - Switch', 'CC_ENABLED_SWITCH', '0', 'Accept SWITCH Card 0= off 1= on', '17', '9', null, '2014-06-18 23:20:53', null, 'zen_cfg_select_option(array(\'0\', \'1\'), ');
INSERT INTO `configuration` VALUES ('320', 'Credit Card Enable Status - Maestro', 'CC_ENABLED_MAESTRO', '0', 'Accept MAESTRO Card 0= off 1= on', '17', '10', null, '2014-06-18 23:20:53', null, 'zen_cfg_select_option(array(\'0\', \'1\'), ');
INSERT INTO `configuration` VALUES ('321', 'Credit Card Enabled - Show on Payment', 'SHOW_ACCEPTED_CREDIT_CARDS', '2', 'Show accepted credit cards on Payment page?<br />0= off<br />1= As Text<br />2= As Images<br /><br />Note: images and text must be defined in both the database and language file for specific credit card types.', '17', '50', '2015-01-02 22:53:49', '2014-06-18 23:20:53', null, 'zen_cfg_select_option(array(\'0\', \'1\', \'2\'), ');
INSERT INTO `configuration` VALUES ('322', 'This module is installed', 'MODULE_ORDER_TOTAL_GV_STATUS', 'true', '', '6', '1', null, '2003-10-30 22:16:40', null, 'zen_cfg_select_option(array(\'true\'),');
INSERT INTO `configuration` VALUES ('323', 'Sort Order', 'MODULE_ORDER_TOTAL_GV_SORT_ORDER', '840', 'Sort order of display.', '6', '2', null, '2003-10-30 22:16:40', null, null);
INSERT INTO `configuration` VALUES ('324', 'Queue Purchases', 'MODULE_ORDER_TOTAL_GV_QUEUE', 'true', 'Do you want to queue purchases of the Gift Voucher?', '6', '3', null, '2003-10-30 22:16:40', null, 'zen_cfg_select_option(array(\'true\', \'false\'),');
INSERT INTO `configuration` VALUES ('325', 'Include Shipping', 'MODULE_ORDER_TOTAL_GV_INC_SHIPPING', 'true', 'Include Shipping in calculation', '6', '5', null, '2003-10-30 22:16:40', null, 'zen_cfg_select_option(array(\'true\', \'false\'),');
INSERT INTO `configuration` VALUES ('326', 'Include Tax', 'MODULE_ORDER_TOTAL_GV_INC_TAX', 'true', 'Include Tax in calculation.', '6', '6', null, '2003-10-30 22:16:40', null, 'zen_cfg_select_option(array(\'true\', \'false\'),');
INSERT INTO `configuration` VALUES ('327', 'Re-calculate Tax', 'MODULE_ORDER_TOTAL_GV_CALC_TAX', 'None', 'Re-Calculate Tax', '6', '7', null, '2003-10-30 22:16:40', null, 'zen_cfg_select_option(array(\'None\', \'Standard\', \'Credit Note\'),');
INSERT INTO `configuration` VALUES ('328', 'Tax Class', 'MODULE_ORDER_TOTAL_GV_TAX_CLASS', '0', 'Use the following tax class when treating Gift Voucher as Credit Note.', '6', '0', null, '2003-10-30 22:16:40', 'zen_get_tax_class_title', 'zen_cfg_pull_down_tax_classes(');
INSERT INTO `configuration` VALUES ('329', 'Credit including Tax', 'MODULE_ORDER_TOTAL_GV_CREDIT_TAX', 'false', 'Add tax to purchased Gift Voucher when crediting to Account', '6', '8', null, '2003-10-30 22:16:40', null, 'zen_cfg_select_option(array(\'true\', \'false\'),');
INSERT INTO `configuration` VALUES ('330', 'Set Order Status', 'MODULE_ORDER_TOTAL_GV_ORDER_STATUS_ID', '0', 'Set the status of orders made where GV covers full payment', '6', '0', null, '2014-06-18 23:20:53', 'zen_get_order_status_name', 'zen_cfg_pull_down_order_statuses(');
INSERT INTO `configuration` VALUES ('331', 'This module is installed', 'MODULE_ORDER_TOTAL_LOWORDERFEE_STATUS', 'true', '', '6', '1', null, '2003-10-30 22:16:43', null, 'zen_cfg_select_option(array(\'true\'),');
INSERT INTO `configuration` VALUES ('332', 'Sort Order', 'MODULE_ORDER_TOTAL_LOWORDERFEE_SORT_ORDER', '400', 'Sort order of display.', '6', '2', null, '2003-10-30 22:16:43', null, null);
INSERT INTO `configuration` VALUES ('333', 'Allow Low Order Fee', 'MODULE_ORDER_TOTAL_LOWORDERFEE_LOW_ORDER_FEE', 'false', 'Do you want to allow low order fees?', '6', '3', null, '2003-10-30 22:16:43', null, 'zen_cfg_select_option(array(\'true\', \'false\'),');
INSERT INTO `configuration` VALUES ('334', 'Order Fee For Orders Under', 'MODULE_ORDER_TOTAL_LOWORDERFEE_ORDER_UNDER', '50', 'Add the low order fee to orders under this amount.', '6', '4', null, '2003-10-30 22:16:43', 'currencies->format', null);
INSERT INTO `configuration` VALUES ('335', 'Order Fee', 'MODULE_ORDER_TOTAL_LOWORDERFEE_FEE', '5', 'For Percentage Calculation - include a % Example: 10%<br />For a flat amount just enter the amount - Example: 5 for $5.00', '6', '5', null, '2003-10-30 22:16:43', '', null);
INSERT INTO `configuration` VALUES ('336', 'Attach Low Order Fee On Orders Made', 'MODULE_ORDER_TOTAL_LOWORDERFEE_DESTINATION', 'both', 'Attach low order fee for orders sent to the set destination.', '6', '6', null, '2003-10-30 22:16:43', null, 'zen_cfg_select_option(array(\'national\', \'international\', \'both\'),');
INSERT INTO `configuration` VALUES ('337', 'Tax Class', 'MODULE_ORDER_TOTAL_LOWORDERFEE_TAX_CLASS', '0', 'Use the following tax class on the low order fee.', '6', '7', null, '2003-10-30 22:16:43', 'zen_get_tax_class_title', 'zen_cfg_pull_down_tax_classes(');
INSERT INTO `configuration` VALUES ('338', 'No Low Order Fee on Virtual Products', 'MODULE_ORDER_TOTAL_LOWORDERFEE_VIRTUAL', 'false', 'Do not charge Low Order Fee when cart is Virtual Products Only', '6', '8', null, '2004-04-20 22:16:43', null, 'zen_cfg_select_option(array(\'true\', \'false\'),');
INSERT INTO `configuration` VALUES ('339', 'No Low Order Fee on Gift Vouchers', 'MODULE_ORDER_TOTAL_LOWORDERFEE_GV', 'false', 'Do not charge Low Order Fee when cart is Gift Vouchers Only', '6', '9', null, '2004-04-20 22:16:43', null, 'zen_cfg_select_option(array(\'true\', \'false\'),');
INSERT INTO `configuration` VALUES ('340', 'This module is installed', 'MODULE_ORDER_TOTAL_SHIPPING_STATUS', 'true', '', '6', '1', null, '2003-10-30 22:16:46', null, 'zen_cfg_select_option(array(\'true\'),');
INSERT INTO `configuration` VALUES ('341', 'Sort Order', 'MODULE_ORDER_TOTAL_SHIPPING_SORT_ORDER', '200', 'Sort order of display.', '6', '2', null, '2003-10-30 22:16:46', null, null);
INSERT INTO `configuration` VALUES ('342', 'Allow Free Shipping', 'MODULE_ORDER_TOTAL_SHIPPING_FREE_SHIPPING', 'false', 'Do you want to allow free shipping?', '6', '3', null, '2003-10-30 22:16:46', null, 'zen_cfg_select_option(array(\'true\', \'false\'),');
INSERT INTO `configuration` VALUES ('343', 'Free Shipping For Orders Over', 'MODULE_ORDER_TOTAL_SHIPPING_FREE_SHIPPING_OVER', '50', 'Provide free shipping for orders over the set amount.', '6', '4', null, '2003-10-30 22:16:46', 'currencies->format', null);
INSERT INTO `configuration` VALUES ('344', 'Provide Free Shipping For Orders Made', 'MODULE_ORDER_TOTAL_SHIPPING_DESTINATION', 'national', 'Provide free shipping for orders sent to the set destination.', '6', '5', null, '2003-10-30 22:16:46', null, 'zen_cfg_select_option(array(\'national\', \'international\', \'both\'),');
INSERT INTO `configuration` VALUES ('345', 'This module is installed', 'MODULE_ORDER_TOTAL_SUBTOTAL_STATUS', 'true', '', '6', '1', null, '2003-10-30 22:16:49', null, 'zen_cfg_select_option(array(\'true\'),');
INSERT INTO `configuration` VALUES ('346', 'Sort Order', 'MODULE_ORDER_TOTAL_SUBTOTAL_SORT_ORDER', '100', 'Sort order of display.', '6', '2', null, '2003-10-30 22:16:49', null, null);
INSERT INTO `configuration` VALUES ('347', 'This module is installed', 'MODULE_ORDER_TOTAL_TAX_STATUS', 'true', '', '6', '1', null, '2003-10-30 22:16:52', null, 'zen_cfg_select_option(array(\'true\'),');
INSERT INTO `configuration` VALUES ('348', 'Sort Order', 'MODULE_ORDER_TOTAL_TAX_SORT_ORDER', '300', 'Sort order of display.', '6', '2', null, '2003-10-30 22:16:52', null, null);
INSERT INTO `configuration` VALUES ('349', 'This module is installed', 'MODULE_ORDER_TOTAL_TOTAL_STATUS', 'true', '', '6', '1', null, '2003-10-30 22:16:55', null, 'zen_cfg_select_option(array(\'true\'),');
INSERT INTO `configuration` VALUES ('350', 'Sort Order', 'MODULE_ORDER_TOTAL_TOTAL_SORT_ORDER', '999', 'Sort order of display.', '6', '2', null, '2003-10-30 22:16:55', null, null);
INSERT INTO `configuration` VALUES ('351', 'Tax Class', 'MODULE_ORDER_TOTAL_COUPON_TAX_CLASS', '0', 'Use the following tax class when treating Discount Coupon as Credit Note.', '6', '0', null, '2003-10-30 22:16:36', 'zen_get_tax_class_title', 'zen_cfg_pull_down_tax_classes(');
INSERT INTO `configuration` VALUES ('352', 'Include Tax', 'MODULE_ORDER_TOTAL_COUPON_INC_TAX', 'false', 'Include Tax in calculation.', '6', '6', null, '2003-10-30 22:16:36', null, 'zen_cfg_select_option(array(\'true\', \'false\'),');
INSERT INTO `configuration` VALUES ('353', 'Sort Order', 'MODULE_ORDER_TOTAL_COUPON_SORT_ORDER', '280', 'Sort order of display.', '6', '2', null, '2003-10-30 22:16:36', null, null);
INSERT INTO `configuration` VALUES ('354', 'Include Shipping', 'MODULE_ORDER_TOTAL_COUPON_INC_SHIPPING', 'false', 'Include Shipping in calculation', '6', '5', null, '2003-10-30 22:16:36', null, 'zen_cfg_select_option(array(\'true\', \'false\'),');
INSERT INTO `configuration` VALUES ('355', 'This module is installed', 'MODULE_ORDER_TOTAL_COUPON_STATUS', 'true', '', '6', '1', null, '2003-10-30 22:16:36', null, 'zen_cfg_select_option(array(\'true\'),');
INSERT INTO `configuration` VALUES ('356', 'Re-calculate Tax', 'MODULE_ORDER_TOTAL_COUPON_CALC_TAX', 'Standard', 'Re-Calculate Tax', '6', '7', null, '2003-10-30 22:16:36', null, 'zen_cfg_select_option(array(\'None\', \'Standard\', \'Credit Note\'),');
INSERT INTO `configuration` VALUES ('357', 'Admin Demo Status', 'ADMIN_DEMO', '0', 'Admin Demo should be on?<br />0= off 1= on', '6', '0', null, '2014-06-18 23:20:53', null, 'zen_cfg_select_option(array(\'0\', \'1\'), ');
INSERT INTO `configuration` VALUES ('358', 'Product option type Select', 'PRODUCTS_OPTIONS_TYPE_SELECT', '0', 'The number representing the Select type of product option.', '0', null, '2014-06-18 23:20:53', '2014-06-18 23:20:53', null, null);
INSERT INTO `configuration` VALUES ('359', 'Text product option type', 'PRODUCTS_OPTIONS_TYPE_TEXT', '1', 'Numeric value of the text product option type', '6', null, '2014-06-18 23:20:53', '2014-06-18 23:20:53', null, null);
INSERT INTO `configuration` VALUES ('360', 'Radio button product option type', 'PRODUCTS_OPTIONS_TYPE_RADIO', '2', 'Numeric value of the radio button product option type', '6', null, '2014-06-18 23:20:53', '2014-06-18 23:20:53', null, null);
INSERT INTO `configuration` VALUES ('361', 'Check box product option type', 'PRODUCTS_OPTIONS_TYPE_CHECKBOX', '3', 'Numeric value of the check box product option type', '6', null, '2014-06-18 23:20:53', '2014-06-18 23:20:53', null, null);
INSERT INTO `configuration` VALUES ('362', 'File product option type', 'PRODUCTS_OPTIONS_TYPE_FILE', '4', 'Numeric value of the file product option type', '6', null, '2014-06-18 23:20:53', '2014-06-18 23:20:53', null, null);
INSERT INTO `configuration` VALUES ('363', 'ID for text and file products options values', 'PRODUCTS_OPTIONS_VALUES_TEXT_ID', '0', 'Numeric value of the products_options_values_id used by the text and file attributes.', '6', null, '2014-06-18 23:20:53', '2014-06-18 23:20:53', null, null);
INSERT INTO `configuration` VALUES ('364', 'Upload prefix', 'UPLOAD_PREFIX', 'upload_', 'Prefix used to differentiate between upload options and other options', '0', null, '2014-06-18 23:20:53', '2014-06-18 23:20:53', null, null);
INSERT INTO `configuration` VALUES ('365', 'Text prefix', 'TEXT_PREFIX', 'txt_', 'Prefix used to differentiate between text option values and other option values', '0', null, '2014-06-18 23:20:53', '2014-06-18 23:20:53', null, null);
INSERT INTO `configuration` VALUES ('366', 'Read Only option type', 'PRODUCTS_OPTIONS_TYPE_READONLY', '5', 'Numeric value of the file product option type', '6', null, '2014-06-18 23:20:53', '2014-06-18 23:20:53', null, null);
INSERT INTO `configuration` VALUES ('367', 'login mode https', 'SSLPWSTATUSCHECK', '', 'System setting. Do not edit.', '6', '99', null, '2014-06-18 23:20:53', null, null);
INSERT INTO `configuration` VALUES ('368', 'Products Info - Products Option Name Sort Order', 'PRODUCTS_OPTIONS_SORT_ORDER', '0', 'Sort order of Option Names for Products Info<br />0= Sort Order, Option Name<br />1= Option Name', '18', '35', '2014-06-18 23:20:53', '2014-06-18 23:20:53', null, 'zen_cfg_select_option(array(\'0\', \'1\'),');
INSERT INTO `configuration` VALUES ('369', 'Products Info - Product Option Value of Attributes Sort Order', 'PRODUCTS_OPTIONS_SORT_BY_PRICE', '1', 'Sort order of Product Option Values of Attributes for Products Info<br />0= Sort Order, Price<br />1= Sort Order, Option Value Name', '18', '36', '2014-06-18 23:20:53', '2014-06-18 23:20:53', null, 'zen_cfg_select_option(array(\'0\', \'1\'),');
INSERT INTO `configuration` VALUES ('370', 'Product Info - Show Option Values Name Below Attributes Image', 'PRODUCT_IMAGES_ATTRIBUTES_NAMES', '1', 'Product Info - Show the name of the Option Value beneath the Attribute Image?<br />0= off 1= on', '18', '41', null, '2014-06-18 23:20:53', null, 'zen_cfg_select_option(array(\'0\', \'1\'), ');
INSERT INTO `configuration` VALUES ('371', 'Product Info - Show Sales Discount Savings Status', 'SHOW_SALE_DISCOUNT_STATUS', '1', 'Product Info - Show the amount of discount savings?<br />0= off 1= on', '18', '45', null, '2014-06-18 23:20:53', null, 'zen_cfg_select_option(array(\'0\', \'1\'), ');
INSERT INTO `configuration` VALUES ('372', 'Product Info - Show Sales Discount Savings Dollars or Percentage', 'SHOW_SALE_DISCOUNT', '1', 'Product Info - Show the amount of discount savings display as:<br />1= % off 2= $amount off', '18', '46', null, '2014-06-18 23:20:53', null, 'zen_cfg_select_option(array(\'1\', \'2\'), ');
INSERT INTO `configuration` VALUES ('373', 'Product Info - Show Sales Discount Savings Percentage Decimals', 'SHOW_SALE_DISCOUNT_DECIMALS', '0', 'Product Info - Show discount savings display as a Percentage with how many decimals?:<br />Default= 0', '18', '47', null, '2014-06-18 23:20:53', null, null);
INSERT INTO `configuration` VALUES ('374', 'Product Info - Price is Free Image or Text Status', 'OTHER_IMAGE_PRICE_IS_FREE_ON', '1', 'Product Info - Show the Price is Free Image or Text on Displayed Price<br />0= Text<br />1= Image', '18', '50', null, '2014-06-18 23:20:53', null, 'zen_cfg_select_option(array(\'0\', \'1\'), ');
INSERT INTO `configuration` VALUES ('375', 'Product Info - Price is Call for Price Image or Text Status', 'PRODUCTS_PRICE_IS_CALL_IMAGE_ON', '1', 'Product Info - Show the Price is Call for Price Image or Text on Displayed Price<br />0= Text<br />1= Image', '18', '51', null, '2014-06-18 23:20:53', null, 'zen_cfg_select_option(array(\'0\', \'1\'), ');
INSERT INTO `configuration` VALUES ('376', 'Product Quantity Box Status - Adding New Products', 'PRODUCTS_QTY_BOX_STATUS', '1', 'What should the Default Quantity Box Status be set to when adding New Products?<br /><br />0= off<br />1= on<br />NOTE: This will show a Qty Box when ON and default the Add to Cart to 1', '18', '55', null, '2014-06-18 23:20:53', null, 'zen_cfg_select_option(array(\'0\', \'1\'), ');
INSERT INTO `configuration` VALUES ('377', 'Product Reviews Require Approval', 'REVIEWS_APPROVAL', '1', 'Do product reviews require approval?<br /><br />Note: When Review Status is off, it will also not show<br /><br />0= off 1= on', '18', '62', null, '2014-06-18 23:20:53', null, 'zen_cfg_select_option(array(\'0\', \'1\'), ');
INSERT INTO `configuration` VALUES ('378', 'Meta Tags - Include Product Model in Title', 'META_TAG_INCLUDE_MODEL', '1', 'Do you want to include the Product Model in the Meta Tag Title?<br /><br />0= off 1= on', '18', '69', null, '2014-06-18 23:20:53', null, 'zen_cfg_select_option(array(\'0\', \'1\'), ');
INSERT INTO `configuration` VALUES ('379', 'Meta Tags - Include Product Price in Title', 'META_TAG_INCLUDE_PRICE', '1', 'Do you want to include the Product Price in the Meta Tag Title?<br /><br />0= off 1= on', '18', '70', null, '2014-06-18 23:20:53', null, 'zen_cfg_select_option(array(\'0\', \'1\'), ');
INSERT INTO `configuration` VALUES ('380', 'Meta Tags Generated Description Maximum Length?', 'MAX_META_TAG_DESCRIPTION_LENGTH', '50', 'Set Generated Meta Tag Description Maximum Length to (words) Default 50:', '18', '71', null, '2014-06-18 23:20:53', '', '');
INSERT INTO `configuration` VALUES ('381', 'Also Purchased Products Columns per Row', 'SHOW_PRODUCT_INFO_COLUMNS_ALSO_PURCHASED_PRODUCTS', '3', 'Also Purchased Products Columns per Row<br />0= off or set the sort order', '18', '72', null, '2014-06-18 23:20:53', null, 'zen_cfg_select_option(array(\'0\', \'1\', \'2\', \'3\', \'4\', \'5\', \'6\', \'7\', \'8\', \'9\', \'10\', \'11\', \'12\'), ');
INSERT INTO `configuration` VALUES ('382', 'Previous Next - Navigation Bar Position', 'PRODUCT_INFO_PREVIOUS_NEXT', '1', 'Location of Previous/Next Navigation Bar<br />0= off<br />1= Top of Page<br />2= Bottom of Page<br />3= Both Top and Bottom of Page', '18', '21', '2014-06-18 23:20:53', '2014-06-18 23:20:53', null, 'zen_cfg_select_drop_down(array(array(\'id\'=>\'0\', \'text\'=>\'Off\'), array(\'id\'=>\'1\', \'text\'=>\'Top of Page\'), array(\'id\'=>\'2\', \'text\'=>\'Bottom of Page\'), array(\'id\'=>\'3\', \'text\'=>\'Both Top & Bottom of Page\')),');
INSERT INTO `configuration` VALUES ('383', 'Previous Next - Sort Order', 'PRODUCT_INFO_PREVIOUS_NEXT_SORT', '1', 'Products Display Order by<br />0= Product ID<br />1= Product Name<br />2= Model<br />3= Price, Product Name<br />4= Price, Model<br />5= Product Name, Model<br />6= Product Sort Order', '18', '22', '2014-06-18 23:20:53', '2014-06-18 23:20:53', null, 'zen_cfg_select_drop_down(array(array(\'id\'=>\'0\', \'text\'=>\'Product ID\'), array(\'id\'=>\'1\', \'text\'=>\'Name\'), array(\'id\'=>\'2\', \'text\'=>\'Product Model\'), array(\'id\'=>\'3\', \'text\'=>\'Product Price - Name\'), array(\'id\'=>\'4\', \'text\'=>\'Product Price - Model\'), array(\'id\'=>\'5\', \'text\'=>\'Product Name - Model\'), array(\'id\'=>\'6\', \'text\'=>\'Product Sort Order\')),');
INSERT INTO `configuration` VALUES ('384', 'Previous Next - Button and Image Status', 'SHOW_PREVIOUS_NEXT_STATUS', '0', 'Button and Product Image status settings are:<br />0= Off<br />1= On', '18', '20', '2014-06-18 23:20:53', '2014-06-18 23:20:53', null, 'zen_cfg_select_drop_down(array(array(\'id\'=>\'0\', \'text\'=>\'Off\'), array(\'id\'=>\'1\', \'text\'=>\'On\')),');
INSERT INTO `configuration` VALUES ('385', 'Previous Next - Button and Image Settings', 'SHOW_PREVIOUS_NEXT_IMAGES', '0', 'Show Previous/Next Button and Product Image Settings<br />0= Button Only<br />1= Button and Product Image<br />2= Product Image Only', '18', '21', '2014-06-18 23:20:53', '2014-06-18 23:20:53', null, 'zen_cfg_select_drop_down(array(array(\'id\'=>\'0\', \'text\'=>\'Button Only\'), array(\'id\'=>\'1\', \'text\'=>\'Button and Product Image\'), array(\'id\'=>\'2\', \'text\'=>\'Product Image Only\')),');
INSERT INTO `configuration` VALUES ('386', 'Previous Next - Image Width?', 'PREVIOUS_NEXT_IMAGE_WIDTH', '50', 'Previous/Next Image Width?', '18', '22', null, '2014-06-18 23:20:53', '', '');
INSERT INTO `configuration` VALUES ('387', 'Previous Next - Image Height?', 'PREVIOUS_NEXT_IMAGE_HEIGHT', '40', 'Previous/Next Image Height?', '18', '23', null, '2014-06-18 23:20:53', '', '');
INSERT INTO `configuration` VALUES ('388', 'Previous Next - Navigation Includes Category Position', 'PRODUCT_INFO_CATEGORIES', '1', 'Product\'s Category Image and Name Alignment Above Previous/Next Navigation Bar<br />0= off<br />1= Align Left<br />2= Align Center<br />3= Align Right', '18', '20', '2014-06-18 23:20:53', '2014-06-18 23:20:53', null, 'zen_cfg_select_drop_down(array(array(\'id\'=>\'0\', \'text\'=>\'Off\'), array(\'id\'=>\'1\', \'text\'=>\'Align Left\'), array(\'id\'=>\'2\', \'text\'=>\'Align Center\'), array(\'id\'=>\'3\', \'text\'=>\'Align Right\')),');
INSERT INTO `configuration` VALUES ('389', 'Previous Next - Navigation Includes Category Name and Image Status', 'PRODUCT_INFO_CATEGORIES_IMAGE_STATUS', '2', 'Product\'s Category Image and Name Status<br />0= Category Name and Image always shows<br />1= Category Name only<br />2= Category Name and Image when not blank', '18', '20', '2014-06-18 23:20:53', '2014-06-18 23:20:53', null, 'zen_cfg_select_drop_down(array(array(\'id\'=>\'0\', \'text\'=>\'Category Name and Image Always\'), array(\'id\'=>\'1\', \'text\'=>\'Category Name only\'), array(\'id\'=>\'2\', \'text\'=>\'Category Name and Image when not blank\')),');
INSERT INTO `configuration` VALUES ('390', 'Column Width - Left Boxes', 'BOX_WIDTH_LEFT', '150px', 'Width of the Left Column Boxes<br />px may be included<br />Default = 150px', '19', '1', null, '2003-11-21 22:16:36', null, null);
INSERT INTO `configuration` VALUES ('391', 'Column Width - Right Boxes', 'BOX_WIDTH_RIGHT', '150px', 'Width of the Right Column Boxes<br />px may be included<br />Default = 150px', '19', '2', null, '2003-11-21 22:16:36', null, null);
INSERT INTO `configuration` VALUES ('392', 'Bread Crumbs Navigation Separator', 'BREAD_CRUMBS_SEPARATOR', '&nbsp;::&nbsp;', 'Enter the separator symbol to appear between the Navigation Bread Crumb trail<br />Note: Include spaces with the &amp;nbsp; symbol if you want them part of the separator.<br />Default = &amp;nbsp;::&amp;nbsp;', '19', '3', null, '2003-11-21 22:16:36', null, 'zen_cfg_textarea_small(');
INSERT INTO `configuration` VALUES ('393', 'Define Breadcrumb Status', 'DEFINE_BREADCRUMB_STATUS', '1', 'Enable the Breadcrumb Trail Links?<br />0= OFF<br />1= ON<br />2= Off for Home Page Only', '19', '4', null, '2014-06-18 23:20:53', null, 'zen_cfg_select_option(array(\'0\', \'1\', \'2\'), ');
INSERT INTO `configuration` VALUES ('394', 'Bestsellers - Number Padding', 'BEST_SELLERS_FILLER', '&nbsp;', 'What do you want to Pad the numbers with?<br />Default = &amp;nbsp;', '19', '5', null, '2003-11-21 22:16:36', null, 'zen_cfg_textarea_small(');
INSERT INTO `configuration` VALUES ('395', 'Bestsellers - Truncate Product Names', 'BEST_SELLERS_TRUNCATE', '35', 'What size do you want to truncate the Product Names?<br />Default = 35', '19', '6', null, '2003-11-21 22:16:36', null, null);
INSERT INTO `configuration` VALUES ('396', 'Bestsellers - Truncate Product Names followed by ...', 'BEST_SELLERS_TRUNCATE_MORE', 'true', 'When truncated Product Names follow with ...<br />Default = true', '19', '7', '2003-03-21 13:08:25', '2003-03-21 11:42:47', null, 'zen_cfg_select_option(array(\'true\', \'false\'),');
INSERT INTO `configuration` VALUES ('397', 'Categories Box - Show Specials Link', 'SHOW_CATEGORIES_BOX_SPECIALS', 'true', 'Show Specials Link in the Categories Box', '19', '8', '2003-03-21 13:08:25', '2003-03-21 11:42:47', null, 'zen_cfg_select_option(array(\'true\', \'false\'),');
INSERT INTO `configuration` VALUES ('398', 'Categories Box - Show Products New Link', 'SHOW_CATEGORIES_BOX_PRODUCTS_NEW', 'true', 'Show Products New Link in the Categories Box', '19', '9', '2003-03-21 13:08:25', '2003-03-21 11:42:47', null, 'zen_cfg_select_option(array(\'true\', \'false\'),');
INSERT INTO `configuration` VALUES ('399', 'Shopping Cart Box Status', 'SHOW_SHOPPING_CART_BOX_STATUS', '1', 'Shopping Cart Shows<br />0= Always<br />1= Only when full<br />2= Only when full but not when viewing the Shopping Cart', '19', '10', null, '2014-06-18 23:20:53', null, 'zen_cfg_select_option(array(\'0\', \'1\', \'2\'), ');
INSERT INTO `configuration` VALUES ('400', 'Categories Box - Show Featured Products Link', 'SHOW_CATEGORIES_BOX_FEATURED_PRODUCTS', 'true', 'Show Featured Products Link in the Categories Box', '19', '11', '2003-03-21 13:08:25', '2003-03-21 11:42:47', null, 'zen_cfg_select_option(array(\'true\', \'false\'),');
INSERT INTO `configuration` VALUES ('401', 'Categories Box - Show Products All Link', 'SHOW_CATEGORIES_BOX_PRODUCTS_ALL', 'true', 'Show Products All Link in the Categories Box', '19', '12', '2003-03-21 13:08:25', '2003-03-21 11:42:47', null, 'zen_cfg_select_option(array(\'true\', \'false\'),');
INSERT INTO `configuration` VALUES ('402', 'Column Left Status - Global', 'COLUMN_LEFT_STATUS', '1', 'Show Column Left, unless page override exists?<br />0= Column Left is always off<br />1= Column Left is on, unless page override', '19', '15', null, '2014-06-18 23:20:53', null, 'zen_cfg_select_option(array(\'0\', \'1\'), ');
INSERT INTO `configuration` VALUES ('403', 'Column Right Status - Global', 'COLUMN_RIGHT_STATUS', '1', 'Show Column Right, unless page override exists?<br />0= Column Right is always off<br />1= Column Right is on, unless page override', '19', '16', null, '2014-06-18 23:20:53', null, 'zen_cfg_select_option(array(\'0\', \'1\'), ');
INSERT INTO `configuration` VALUES ('404', 'Column Width - Left', 'COLUMN_WIDTH_LEFT', '150px', 'Width of the Left Column<br />px may be included<br />Default = 150px', '19', '20', null, '2003-11-21 22:16:36', null, null);
INSERT INTO `configuration` VALUES ('405', 'Column Width - Right', 'COLUMN_WIDTH_RIGHT', '150px', 'Width of the Right Column<br />px may be included<br />Default = 150px', '19', '21', null, '2003-11-21 22:16:36', null, null);
INSERT INTO `configuration` VALUES ('406', 'Categories Separator between links Status', 'SHOW_CATEGORIES_SEPARATOR_LINK', '1', 'Show Category Separator between Category Names and Links?<br />0= off<br />1= on', '19', '24', null, '2014-06-18 23:20:53', null, 'zen_cfg_select_option(array(\'0\', \'1\'), ');
INSERT INTO `configuration` VALUES ('407', 'Categories Separator between the Category Name and Count', 'CATEGORIES_SEPARATOR', '-&gt;', 'What separator do you want between the Category name and the count?<br />Default = -&amp;gt;', '19', '25', null, '2003-11-21 22:16:36', null, 'zen_cfg_textarea_small(');
INSERT INTO `configuration` VALUES ('408', 'Categories Separator between the Category Name and Sub Categories', 'CATEGORIES_SEPARATOR_SUBS', '|_&nbsp;', 'What separator do you want between the Category name and Sub Category Name?<br />Default = |_&amp;nbsp;', '19', '26', null, '2004-03-25 22:16:36', null, 'zen_cfg_textarea_small(');
INSERT INTO `configuration` VALUES ('409', 'Categories Count Prefix', 'CATEGORIES_COUNT_PREFIX', '&nbsp;(', 'What do you want to Prefix the count with?<br />Default= (', '19', '27', null, '2003-01-21 22:16:36', null, 'zen_cfg_textarea_small(');
INSERT INTO `configuration` VALUES ('410', 'Categories Count Suffix', 'CATEGORIES_COUNT_SUFFIX', ')', 'What do you want as a Suffix to the count?<br />Default= )', '19', '28', null, '2003-01-21 22:16:36', null, 'zen_cfg_textarea_small(');
INSERT INTO `configuration` VALUES ('411', 'Categories SubCategories Indent', 'CATEGORIES_SUBCATEGORIES_INDENT', '&nbsp;&nbsp;', 'What do you want to use as the subcategories indent?<br />Default= &nbsp;&nbsp;', '19', '29', null, '2004-06-24 22:16:36', null, 'zen_cfg_textarea_small(');
INSERT INTO `configuration` VALUES ('412', 'Categories with 0 Products Status', 'CATEGORIES_COUNT_ZERO', '0', 'Show Category Count for 0 Products?<br />0= off<br />1= on', '19', '30', null, '2014-06-18 23:20:53', null, 'zen_cfg_select_option(array(\'0\', \'1\'), ');
INSERT INTO `configuration` VALUES ('413', 'Split Categories Box', 'CATEGORIES_SPLIT_DISPLAY', 'True', 'Split the categories box display by product type', '19', '31', null, '2014-06-18 23:20:53', null, 'zen_cfg_select_option(array(\'True\', \'False\'), ');
INSERT INTO `configuration` VALUES ('414', 'Shopping Cart - Show Totals', 'SHOW_TOTALS_IN_CART', '1', 'Show Totals Above Shopping Cart?<br />0= off<br />1= on: Items Weight Amount<br />2= on: Items Weight Amount, but no weight when 0<br />3= on: Items Amount', '19', '31', null, '2014-06-18 23:20:53', null, 'zen_cfg_select_option(array(\'0\', \'1\', \'2\', \'3\'), ');
INSERT INTO `configuration` VALUES ('415', 'Customer Greeting - Show on Index Page', 'SHOW_CUSTOMER_GREETING', '1', 'Always Show Customer Greeting on Index?<br />0= off<br />1= on', '19', '40', null, '2014-06-18 23:20:53', null, 'zen_cfg_select_option(array(\'0\', \'1\'), ');
INSERT INTO `configuration` VALUES ('416', 'Categories - Always Show on Main Page', 'SHOW_CATEGORIES_ALWAYS', '0', 'Always Show Categories on Main Page<br />0= off<br />1= on<br />Default category can be set to Top Level or a Specific Top Level', '19', '45', null, '2014-06-18 23:20:53', null, 'zen_cfg_select_option(array(\'0\', \'1\'), ');
INSERT INTO `configuration` VALUES ('417', 'Main Page - Opens with Category', 'CATEGORIES_START_MAIN', '0', '0= Top Level Categories<br />Or enter the Category ID#<br />Note: Sub Categories can also be used Example: 3_10', '19', '46', null, '2014-06-18 23:20:53', '', '');
INSERT INTO `configuration` VALUES ('418', 'Categories - Always Open to Show SubCategories', 'SHOW_CATEGORIES_SUBCATEGORIES_ALWAYS', '1', 'Always Show Categories and SubCategories<br />0= off, just show Top Categories<br />1= on, Always show Categories and SubCategories when selected', '19', '47', null, '2014-06-18 23:20:53', null, 'zen_cfg_select_option(array(\'0\', \'1\'), ');
INSERT INTO `configuration` VALUES ('419', 'Banner Display Groups - Header Position 1', 'SHOW_BANNERS_GROUP_SET1', '', 'The Banner Display Groups can be from 1 Banner Group or Multiple Banner Groups<br /><br />For Multiple Banner Groups enter the Banner Group Name separated by a colon <strong>:</strong><br /><br />Example: Wide-Banners:SideBox-Banners<br /><br />What Banner Group(s) do you want to use in the Header Position 1?<br />Leave blank for none', '19', '55', null, '2014-06-18 23:20:53', '', '');
INSERT INTO `configuration` VALUES ('420', 'Banner Display Groups - Header Position 2', 'SHOW_BANNERS_GROUP_SET2', '', 'The Banner Display Groups can be from 1 Banner Group or Multiple Banner Groups<br /><br />For Multiple Banner Groups enter the Banner Group Name separated by a colon <strong>:</strong><br /><br />Example: Wide-Banners:SideBox-Banners<br /><br />What Banner Group(s) do you want to use in the Header Position 2?<br />Leave blank for none', '19', '56', null, '2014-06-18 23:20:53', '', '');
INSERT INTO `configuration` VALUES ('421', 'Banner Display Groups - Header Position 3', 'SHOW_BANNERS_GROUP_SET3', '', 'The Banner Display Groups can be from 1 Banner Group or Multiple Banner Groups<br /><br />For Multiple Banner Groups enter the Banner Group Name separated by a colon <strong>:</strong><br /><br />Example: Wide-Banners:SideBox-Banners<br /><br />What Banner Group(s) do you want to use in the Header Position 3?<br />Leave blank for none', '19', '57', null, '2014-06-18 23:20:53', '', '');
INSERT INTO `configuration` VALUES ('422', 'Banner Display Groups - Footer Position 1', 'SHOW_BANNERS_GROUP_SET4', '', 'The Banner Display Groups can be from 1 Banner Group or Multiple Banner Groups<br /><br />For Multiple Banner Groups enter the Banner Group Name separated by a colon <strong>:</strong><br /><br />Example: Wide-Banners:SideBox-Banners<br /><br />What Banner Group(s) do you want to use in the Footer Position 1?<br />Leave blank for none', '19', '65', null, '2014-06-18 23:20:53', '', '');
INSERT INTO `configuration` VALUES ('423', 'Banner Display Groups - Footer Position 2', 'SHOW_BANNERS_GROUP_SET5', '', 'The Banner Display Groups can be from 1 Banner Group or Multiple Banner Groups<br /><br />For Multiple Banner Groups enter the Banner Group Name separated by a colon <strong>:</strong><br /><br />Example: Wide-Banners:SideBox-Banners<br /><br />What Banner Group(s) do you want to use in the Footer Position 2?<br />Leave blank for none', '19', '66', null, '2014-06-18 23:20:53', '', '');
INSERT INTO `configuration` VALUES ('424', 'Banner Display Groups - Footer Position 3', 'SHOW_BANNERS_GROUP_SET6', 'Wide-Banners', 'The Banner Display Groups can be from 1 Banner Group or Multiple Banner Groups<br /><br />For Multiple Banner Groups enter the Banner Group Name separated by a colon <strong>:</strong><br /><br />Example: Wide-Banners:SideBox-Banners<br /><br />Default Group is Wide-Banners<br /><br />What Banner Group(s) do you want to use in the Footer Position 3?<br />Leave blank for none', '19', '67', null, '2014-06-18 23:20:53', '', '');
INSERT INTO `configuration` VALUES ('425', 'Banner Display Groups - Side Box banner_box', 'SHOW_BANNERS_GROUP_SET7', 'SideBox-Banners', 'The Banner Display Groups can be from 1 Banner Group or Multiple Banner Groups<br /><br />For Multiple Banner Groups enter the Banner Group Name separated by a colon <strong>:</strong><br /><br />Example: Wide-Banners:SideBox-Banners<br />Default Group is SideBox-Banners<br /><br />What Banner Group(s) do you want to use in the Side Box - banner_box?<br />Leave blank for none', '19', '70', null, '2014-06-18 23:20:53', '', '');
INSERT INTO `configuration` VALUES ('426', 'Banner Display Groups - Side Box banner_box2', 'SHOW_BANNERS_GROUP_SET8', 'SideBox-Banners', 'The Banner Display Groups can be from 1 Banner Group or Multiple Banner Groups<br /><br />For Multiple Banner Groups enter the Banner Group Name separated by a colon <strong>:</strong><br /><br />Example: Wide-Banners:SideBox-Banners<br />Default Group is SideBox-Banners<br /><br />What Banner Group(s) do you want to use in the Side Box - banner_box2?<br />Leave blank for none', '19', '71', null, '2014-06-18 23:20:53', '', '');
INSERT INTO `configuration` VALUES ('427', 'Banner Display Group - Side Box banner_box_all', 'SHOW_BANNERS_GROUP_SET_ALL', 'BannersAll', 'The Banner Display Group may only be from one (1) Banner Group for the Banner All sidebox<br /><br />Default Group is BannersAll<br /><br />What Banner Group do you want to use in the Side Box - banner_box_all?<br />Leave blank for none', '19', '72', null, '2014-06-18 23:20:53', '', '');
INSERT INTO `configuration` VALUES ('428', 'Footer - Show IP Address status', 'SHOW_FOOTER_IP', '1', 'Show Customer IP Address in the Footer<br />0= off<br />1= on<br />Should the Customer IP Address show in the footer?', '19', '80', null, '2014-06-18 23:20:53', null, 'zen_cfg_select_option(array(\'0\', \'1\'), ');
INSERT INTO `configuration` VALUES ('429', 'Product Discount Quantities - Add how many blank discounts?', 'DISCOUNT_QTY_ADD', '5', 'How many blank discount quantities should be added for Product Pricing?', '19', '90', null, '2014-06-18 23:20:53', '', '');
INSERT INTO `configuration` VALUES ('430', 'Product Discount Quantities - Display how many per row?', 'DISCOUNT_QUANTITY_PRICES_COLUMN', '5', 'How many discount quantities should show per row on Product Info Pages?', '19', '95', null, '2014-06-18 23:20:53', '', '');
INSERT INTO `configuration` VALUES ('431', 'Categories/Products Display Sort Order', 'CATEGORIES_PRODUCTS_SORT_ORDER', '0', 'Categories/Products Display Sort Order<br />0= Categories/Products Sort Order/Name<br />1= Categories/Products Name<br />2= Products Model<br />3= Products Qty+, Products Name<br />4= Products Qty-, Products Name<br />5= Products Price+, Products Name<br />6= Products Price-, Products Name', '19', '100', null, '2014-06-18 23:20:53', null, 'zen_cfg_select_option(array(\'0\', \'1\', \'2\', \'3\', \'4\', \'5\', \'6\'), ');
INSERT INTO `configuration` VALUES ('432', 'Option Names and Values Global Add, Copy and Delete Features Status', 'OPTION_NAMES_VALUES_GLOBAL_STATUS', '1', 'Option Names and Values Global Add, Copy and Delete Features Status<br />0= Hide Features<br />1= Show Features<br />(Default=1)', '19', '110', null, '2014-06-18 23:20:53', null, 'zen_cfg_select_option(array(\'0\', \'1\'), ');
INSERT INTO `configuration` VALUES ('433', 'Categories-Tabs Menu ON/OFF', 'CATEGORIES_TABS_STATUS', '1', 'Categories-Tabs<br />This enables the display of your store\'s categories as a menu across the top of your header. There are many potential creative uses for this.<br />0= Hide Categories Tabs<br />1= Show Categories Tabs', '19', '112', null, '2014-06-18 23:20:53', null, 'zen_cfg_select_option(array(\'0\', \'1\'), ');
INSERT INTO `configuration` VALUES ('434', 'Site Map - include My Account Links?', 'SHOW_ACCOUNT_LINKS_ON_SITE_MAP', 'No', 'Should the links to My Account show up on the site-map?<br />Note: Spiders will try to index this page, and likely should not be sent to secure pages, since there is no benefit in indexing a login page.<br /><br />Default: false', '19', '115', null, '2014-06-18 23:20:53', null, 'zen_cfg_select_option(array(\'Yes\', \'No\'), ');
INSERT INTO `configuration` VALUES ('435', 'Skip 1-prod Categories', 'SKIP_SINGLE_PRODUCT_CATEGORIES', 'True', 'Skip single-product categories<br />If this option is set to True, then if the customer clicks on a link to a category which only contains a single item, then Zen Cart will take them directly to that product-page, rather than present them with another link to click in order to see the product.<br />Default: True', '19', '120', null, '2014-06-18 23:20:53', null, 'zen_cfg_select_option(array(\'True\', \'False\'), ');
INSERT INTO `configuration` VALUES ('436', 'Use split-login page', 'USE_SPLIT_LOGIN_MODE', 'False', 'The login page can be displayed in two modes: Split or Vertical.<br />In Split mode, the create-account options are accessed by clicking a button to get to the create-account page.  In Vertical mode, the create-account input fields are all displayed inline, below the login field, making one less click for the customer to create their account.<br />Default: False', '19', '121', null, '2014-06-18 23:20:53', null, 'zen_cfg_select_option(array(\'True\', \'False\'), ');
INSERT INTO `configuration` VALUES ('437', 'CSS Buttons', 'IMAGE_USE_CSS_BUTTONS', 'No', 'CSS Buttons<br />Use CSS buttons instead of images (GIF/JPG)?<br />Button styles must be configured in the stylesheet if you enable this option.', '19', '147', null, '2014-06-18 23:20:53', null, 'zen_cfg_select_option(array(\'No\', \'Yes\'), ');
INSERT INTO `configuration` VALUES ('438', '<strong>Down for Maintenance: ON/OFF</strong>', 'DOWN_FOR_MAINTENANCE', 'false', 'Down for Maintenance <br />(true=on false=off)', '20', '1', null, '2014-06-18 23:20:53', null, 'zen_cfg_select_option(array(\'true\', \'false\'), ');
INSERT INTO `configuration` VALUES ('439', 'Down for Maintenance: filename', 'DOWN_FOR_MAINTENANCE_FILENAME', 'down_for_maintenance', 'Down for Maintenance filename<br />Note: Do not include the extension<br />Default=down_for_maintenance', '20', '2', null, '2014-06-18 23:20:53', null, '');
INSERT INTO `configuration` VALUES ('440', 'Down for Maintenance: Hide Header', 'DOWN_FOR_MAINTENANCE_HEADER_OFF', 'false', 'Down for Maintenance: Hide Header <br />(true=hide false=show)', '20', '3', null, '2014-06-18 23:20:53', null, 'zen_cfg_select_option(array(\'true\', \'false\'), ');
INSERT INTO `configuration` VALUES ('441', 'Down for Maintenance: Hide Column Left', 'DOWN_FOR_MAINTENANCE_COLUMN_LEFT_OFF', 'false', 'Down for Maintenance: Hide Column Left <br />(true=hide false=show)', '20', '4', null, '2014-06-18 23:20:53', null, 'zen_cfg_select_option(array(\'true\', \'false\'), ');
INSERT INTO `configuration` VALUES ('442', 'Down for Maintenance: Hide Column Right', 'DOWN_FOR_MAINTENANCE_COLUMN_RIGHT_OFF', 'false', 'Down for Maintenance: Hide Column Right <br />(true=hide false=show)', '20', '5', null, '2014-06-18 23:20:53', null, 'zen_cfg_select_option(array(\'true\', \'false\'), ');
INSERT INTO `configuration` VALUES ('443', 'Down for Maintenance: Hide Footer', 'DOWN_FOR_MAINTENANCE_FOOTER_OFF', 'false', 'Down for Maintenance: Hide Footer <br />(true=hide false=show)', '20', '6', null, '2014-06-18 23:20:53', null, 'zen_cfg_select_option(array(\'true\', \'false\'), ');
INSERT INTO `configuration` VALUES ('444', 'Down for Maintenance: Hide Prices', 'DOWN_FOR_MAINTENANCE_PRICES_OFF', 'false', 'Down for Maintenance: Hide Prices <br />(true=hide false=show)', '20', '7', null, '2014-06-18 23:20:53', null, 'zen_cfg_select_option(array(\'true\', \'false\'), ');
INSERT INTO `configuration` VALUES ('445', 'Down For Maintenance (exclude this IP-Address)', 'EXCLUDE_ADMIN_IP_FOR_MAINTENANCE', 'your IP (ADMIN)', 'This IP Address is able to access the website while it is Down For Maintenance (like webmaster)<br />To enter multiple IP Addresses, separate with a comma. If you do not know your IP Address, check in the Footer of your Shop.', '20', '8', '2003-03-21 13:43:22', '2003-03-21 21:20:07', null, null);
INSERT INTO `configuration` VALUES ('446', 'NOTICE PUBLIC Before going Down for Maintenance: ON/OFF', 'WARN_BEFORE_DOWN_FOR_MAINTENANCE', 'false', 'Give a WARNING some time before you put your website Down for Maintenance<br />(true=on false=off)<br />If you set the \'Down For Maintenance: ON/OFF\' to true this will automaticly be updated to false', '20', '9', '2003-03-21 13:08:25', '2003-03-21 11:42:47', null, 'zen_cfg_select_option(array(\'true\', \'false\'),');
INSERT INTO `configuration` VALUES ('447', 'Date and hours for notice before maintenance', 'PERIOD_BEFORE_DOWN_FOR_MAINTENANCE', '15/05/2003  2-3 PM', 'Date and hours for notice before maintenance website, enter date and hours for maintenance website', '20', '10', '2003-03-21 13:08:25', '2003-03-21 11:42:47', null, null);
INSERT INTO `configuration` VALUES ('448', 'Display when webmaster has enabled maintenance', 'DISPLAY_MAINTENANCE_TIME', 'false', 'Display when Webmaster has enabled maintenance <br />(true=on false=off)<br />', '20', '11', '2003-03-21 13:08:25', '2003-03-21 11:42:47', null, 'zen_cfg_select_option(array(\'true\', \'false\'),');
INSERT INTO `configuration` VALUES ('449', 'Display website maintenance period', 'DISPLAY_MAINTENANCE_PERIOD', 'false', 'Display Website maintenance period <br />(true=on false=off)<br />', '20', '12', '2003-03-21 13:08:25', '2003-03-21 11:42:47', null, 'zen_cfg_select_option(array(\'true\', \'false\'),');
INSERT INTO `configuration` VALUES ('450', 'Website maintenance period', 'TEXT_MAINTENANCE_PERIOD_TIME', '2h00', 'Enter Website Maintenance period (hh:mm)', '20', '13', '2003-03-21 13:08:25', '2003-03-21 11:42:47', null, null);
INSERT INTO `configuration` VALUES ('451', 'Confirm Terms and Conditions During Checkout Procedure', 'DISPLAY_CONDITIONS_ON_CHECKOUT', 'false', 'Show the Terms and Conditions during the checkout procedure which the customer must agree to.', '11', '1', null, '2014-06-18 23:20:53', null, 'zen_cfg_select_option(array(\'true\', \'false\'), ');
INSERT INTO `configuration` VALUES ('452', 'Confirm Privacy Notice During Account Creation Procedure', 'DISPLAY_PRIVACY_CONDITIONS', 'false', 'Show the Privacy Notice during the account creation procedure which the customer must agree to.', '11', '2', null, '2014-06-18 23:20:53', null, 'zen_cfg_select_option(array(\'true\', \'false\'), ');
INSERT INTO `configuration` VALUES ('453', 'Display Product Image', 'PRODUCT_NEW_LIST_IMAGE', '1102', 'Do you want to display the Product Image?<br /><br />0= off<br />1st digit Left or Right<br />2nd and 3rd digit Sort Order<br />4th digit number of breaks after<br />', '21', '1', null, '2014-06-18 23:20:53', null, null);
INSERT INTO `configuration` VALUES ('454', 'Display Product Quantity', 'PRODUCT_NEW_LIST_QUANTITY', '1202', 'Do you want to display the Product Quantity?<br /><br />0= off<br />1st digit Left or Right<br />2nd and 3rd digit Sort Order<br />4th digit number of breaks after<br />', '21', '2', null, '2014-06-18 23:20:53', null, null);
INSERT INTO `configuration` VALUES ('455', 'Display Product Buy Now Button', 'PRODUCT_NEW_BUY_NOW', '1300', 'Do you want to display the Product Buy Now Button<br /><br />0= off<br />1st digit Left or Right<br />2nd and 3rd digit Sort Order<br />4th digit number of breaks after<br />', '21', '3', null, '2014-06-18 23:20:53', null, null);
INSERT INTO `configuration` VALUES ('456', 'Display Product Name', 'PRODUCT_NEW_LIST_NAME', '2101', 'Do you want to display the Product Name?<br /><br />0= off<br />1st digit Left or Right<br />2nd and 3rd digit Sort Order<br />4th digit number of breaks after<br />', '21', '4', null, '2014-06-18 23:20:53', null, null);
INSERT INTO `configuration` VALUES ('457', 'Display Product Model', 'PRODUCT_NEW_LIST_MODEL', '2201', 'Do you want to display the Product Model?<br /><br />0= off<br />1st digit Left or Right<br />2nd and 3rd digit Sort Order<br />4th digit number of breaks after<br />', '21', '5', null, '2014-06-18 23:20:53', null, null);
INSERT INTO `configuration` VALUES ('458', 'Display Product Manufacturer Name', 'PRODUCT_NEW_LIST_MANUFACTURER', '2302', 'Do you want to display the Product Manufacturer Name?<br /><br />0= off<br />1st digit Left or Right<br />2nd and 3rd digit Sort Order<br />4th digit number of breaks after<br />', '21', '6', null, '2014-06-18 23:20:53', null, null);
INSERT INTO `configuration` VALUES ('459', 'Display Product Price', 'PRODUCT_NEW_LIST_PRICE', '2402', 'Do you want to display the Product Price<br /><br />0= off<br />1st digit Left or Right<br />2nd and 3rd digit Sort Order<br />4th digit number of breaks after<br />', '21', '7', null, '2014-06-18 23:20:53', null, null);
INSERT INTO `configuration` VALUES ('460', 'Display Product Weight', 'PRODUCT_NEW_LIST_WEIGHT', '2502', 'Do you want to display the Product Weight?<br /><br />0= off<br />1st digit Left or Right<br />2nd and 3rd digit Sort Order<br />4th digit number of breaks after<br />', '21', '8', null, '2014-06-18 23:20:53', null, null);
INSERT INTO `configuration` VALUES ('461', 'Display Product Date Added', 'PRODUCT_NEW_LIST_DATE_ADDED', '2601', 'Do you want to display the Product Date Added?<br /><br />0= off<br />1st digit Left or Right<br />2nd and 3rd digit Sort Order<br />4th digit number of breaks after<br />', '21', '9', null, '2014-06-18 23:20:53', null, null);
INSERT INTO `configuration` VALUES ('462', 'Display Product Description', 'PRODUCT_NEW_LIST_DESCRIPTION', '150', 'How many characters do you want to display of the Product Description?<br /><br />0= OFF<br />150= Suggested Length, or enter the maximum number of characters to display', '21', '10', null, '2014-06-18 23:20:53', null, null);
INSERT INTO `configuration` VALUES ('463', 'Display Product Display - Default Sort Order', 'PRODUCT_NEW_LIST_SORT_DEFAULT', '6', 'What Sort Order Default should be used for New Products Display?<br />Default= 6 for Date New to Old<br /><br />1= Products Name<br />2= Products Name Desc<br />3= Price low to high, Products Name<br />4= Price high to low, Products Name<br />5= Model<br />6= Date Added desc<br />7= Date Added<br />8= Product Sort Order', '21', '11', null, '2014-06-18 23:20:53', null, 'zen_cfg_select_option(array(\'1\', \'2\', \'3\', \'4\', \'5\', \'6\', \'7\', \'8\'), ');
INSERT INTO `configuration` VALUES ('464', 'Default Products New Group ID', 'PRODUCT_NEW_LIST_GROUP_ID', '21', 'Warning: Only change this if your Products New Group ID has changed from the default of 21<br />What is the configuration_group_id for New Products Listings?', '21', '12', null, '2014-06-18 23:20:53', null, null);
INSERT INTO `configuration` VALUES ('465', 'Display Multiple Products Qty Box Status and Set Button Location', 'PRODUCT_NEW_LISTING_MULTIPLE_ADD_TO_CART', '3', 'Do you want to display Add Multiple Products Qty Box and Set Button Location?<br />0= off<br />1= Top<br />2= Bottom<br />3= Both', '21', '25', null, '2014-06-18 23:20:53', null, 'zen_cfg_select_option(array(\'0\', \'1\', \'2\', \'3\'), ');
INSERT INTO `configuration` VALUES ('466', 'Mask Upcoming Products from being include as New Products', 'SHOW_NEW_PRODUCTS_UPCOMING_MASKED', '0', 'Do you want to mask Upcoming Products from being included as New Products in Listing, Sideboxes and Centerbox?<br />0= off<br />1= on', '21', '30', null, '2014-06-18 23:20:53', null, 'zen_cfg_select_option(array(\'0\', \'1\'), ');
INSERT INTO `configuration` VALUES ('467', 'Display Product Image', 'PRODUCT_FEATURED_LIST_IMAGE', '1102', 'Do you want to display the Product Image?<br /><br />0= off<br />1st digit Left or Right<br />2nd and 3rd digit Sort Order<br />4th digit number of breaks after<br />', '22', '1', null, '2014-06-18 23:20:53', null, null);
INSERT INTO `configuration` VALUES ('468', 'Display Product Quantity', 'PRODUCT_FEATURED_LIST_QUANTITY', '1202', 'Do you want to display the Product Quantity?<br /><br />0= off<br />1st digit Left or Right<br />2nd and 3rd digit Sort Order<br />4th digit number of breaks after<br />', '22', '2', null, '2014-06-18 23:20:53', null, null);
INSERT INTO `configuration` VALUES ('469', 'Display Product Buy Now Button', 'PRODUCT_FEATURED_BUY_NOW', '1300', 'Do you want to display the Product Buy Now Button<br /><br />0= off<br />1st digit Left or Right<br />2nd and 3rd digit Sort Order<br />4th digit number of breaks after<br />', '22', '3', null, '2014-06-18 23:20:53', null, null);
INSERT INTO `configuration` VALUES ('470', 'Display Product Name', 'PRODUCT_FEATURED_LIST_NAME', '2101', 'Do you want to display the Product Name?<br /><br />0= off<br />1st digit Left or Right<br />2nd and 3rd digit Sort Order<br />4th digit number of breaks after<br />', '22', '4', null, '2014-06-18 23:20:53', null, null);
INSERT INTO `configuration` VALUES ('471', 'Display Product Model', 'PRODUCT_FEATURED_LIST_MODEL', '2201', 'Do you want to display the Product Model?<br /><br />0= off<br />1st digit Left or Right<br />2nd and 3rd digit Sort Order<br />4th digit number of breaks after<br />', '22', '5', null, '2014-06-18 23:20:53', null, null);
INSERT INTO `configuration` VALUES ('472', 'Display Product Manufacturer Name', 'PRODUCT_FEATURED_LIST_MANUFACTURER', '2302', 'Do you want to display the Product Manufacturer Name?<br /><br />0= off<br />1st digit Left or Right<br />2nd and 3rd digit Sort Order<br />4th digit number of breaks after<br />', '22', '6', null, '2014-06-18 23:20:53', null, null);
INSERT INTO `configuration` VALUES ('473', 'Display Product Price', 'PRODUCT_FEATURED_LIST_PRICE', '2402', 'Do you want to display the Product Price<br /><br />0= off<br />1st digit Left or Right<br />2nd and 3rd digit Sort Order<br />4th digit number of breaks after<br />', '22', '7', null, '2014-06-18 23:20:53', null, null);
INSERT INTO `configuration` VALUES ('474', 'Display Product Weight', 'PRODUCT_FEATURED_LIST_WEIGHT', '2502', 'Do you want to display the Product Weight?<br /><br />0= off<br />1st digit Left or Right<br />2nd and 3rd digit Sort Order<br />4th digit number of breaks after<br />', '22', '8', null, '2014-06-18 23:20:53', null, null);
INSERT INTO `configuration` VALUES ('475', 'Display Product Date Added', 'PRODUCT_FEATURED_LIST_DATE_ADDED', '2601', 'Do you want to display the Product Date Added?<br /><br />0= off<br />1st digit Left or Right<br />2nd and 3rd digit Sort Order<br />4th digit number of breaks after<br />', '22', '9', null, '2014-06-18 23:20:53', null, null);
INSERT INTO `configuration` VALUES ('476', 'Display Product Description', 'PRODUCT_FEATURED_LIST_DESCRIPTION', '150', 'How many characters do you want to display of the Product Description?<br /><br />0= OFF<br />150= Suggested Length, or enter the maximum number of characters to display', '22', '10', null, '2014-06-18 23:20:53', null, null);
INSERT INTO `configuration` VALUES ('477', 'Display Product Display - Default Sort Order', 'PRODUCT_FEATURED_LIST_SORT_DEFAULT', '1', 'What Sort Order Default should be used for Featured Product Display?<br />Default= 1 for Product Name<br /><br />1= Products Name<br />2= Products Name Desc<br />3= Price low to high, Products Name<br />4= Price high to low, Products Name<br />5= Model<br />6= Date Added desc<br />7= Date Added<br />8= Product Sort Order', '22', '11', null, '2014-06-18 23:20:53', null, 'zen_cfg_select_option(array(\'1\', \'2\', \'3\', \'4\', \'5\', \'6\', \'7\', \'8\'), ');
INSERT INTO `configuration` VALUES ('478', 'Default Featured Products Group ID', 'PRODUCT_FEATURED_LIST_GROUP_ID', '22', 'Warning: Only change this if your Featured Products Group ID has changed from the default of 22<br />What is the configuration_group_id for Featured Products Listings?', '22', '12', null, '2014-06-18 23:20:53', null, null);
INSERT INTO `configuration` VALUES ('479', 'Display Multiple Products Qty Box Status and Set Button Location', 'PRODUCT_FEATURED_LISTING_MULTIPLE_ADD_TO_CART', '3', 'Do you want to display Add Multiple Products Qty Box and Set Button Location?<br />0= off<br />1= Top<br />2= Bottom<br />3= Both', '22', '25', null, '2014-06-18 23:20:53', null, 'zen_cfg_select_option(array(\'0\', \'1\', \'2\', \'3\'), ');
INSERT INTO `configuration` VALUES ('480', 'Display Product Image', 'PRODUCT_ALL_LIST_IMAGE', '1102', 'Do you want to display the Product Image?<br /><br />0= off<br />1st digit Left or Right<br />2nd and 3rd digit Sort Order<br />4th digit number of breaks after<br />', '23', '1', null, '2014-06-18 23:20:53', null, null);
INSERT INTO `configuration` VALUES ('481', 'Display Product Quantity', 'PRODUCT_ALL_LIST_QUANTITY', '1202', 'Do you want to display the Product Quantity?<br /><br />0= off<br />1st digit Left or Right<br />2nd and 3rd digit Sort Order<br />4th digit number of breaks after<br />', '23', '2', null, '2014-06-18 23:20:53', null, null);
INSERT INTO `configuration` VALUES ('482', 'Display Product Buy Now Button', 'PRODUCT_ALL_BUY_NOW', '1300', 'Do you want to display the Product Buy Now Button<br /><br />0= off<br />1st digit Left or Right<br />2nd and 3rd digit Sort Order<br />4th digit number of breaks after<br />', '23', '3', null, '2014-06-18 23:20:53', null, null);
INSERT INTO `configuration` VALUES ('483', 'Display Product Name', 'PRODUCT_ALL_LIST_NAME', '2101', 'Do you want to display the Product Name?<br /><br />0= off<br />1st digit Left or Right<br />2nd and 3rd digit Sort Order<br />4th digit number of breaks after<br />', '23', '4', null, '2014-06-18 23:20:53', null, null);
INSERT INTO `configuration` VALUES ('484', 'Display Product Model', 'PRODUCT_ALL_LIST_MODEL', '2201', 'Do you want to display the Product Model?<br /><br />0= off<br />1st digit Left or Right<br />2nd and 3rd digit Sort Order<br />4th digit number of breaks after<br />', '23', '5', null, '2014-06-18 23:20:53', null, null);
INSERT INTO `configuration` VALUES ('485', 'Display Product Manufacturer Name', 'PRODUCT_ALL_LIST_MANUFACTURER', '2302', 'Do you want to display the Product Manufacturer Name?<br /><br />0= off<br />1st digit Left or Right<br />2nd and 3rd digit Sort Order<br />4th digit number of breaks after<br />', '23', '6', null, '2014-06-18 23:20:53', null, null);
INSERT INTO `configuration` VALUES ('486', 'Display Product Price', 'PRODUCT_ALL_LIST_PRICE', '2402', 'Do you want to display the Product Price<br /><br />0= off<br />1st digit Left or Right<br />2nd and 3rd digit Sort Order<br />4th digit number of breaks after<br />', '23', '7', null, '2014-06-18 23:20:53', null, null);
INSERT INTO `configuration` VALUES ('487', 'Display Product Weight', 'PRODUCT_ALL_LIST_WEIGHT', '2502', 'Do you want to display the Product Weight?<br /><br />0= off<br />1st digit Left or Right<br />2nd and 3rd digit Sort Order<br />4th digit number of breaks after<br />', '23', '8', null, '2014-06-18 23:20:53', null, null);
INSERT INTO `configuration` VALUES ('488', 'Display Product Date Added', 'PRODUCT_ALL_LIST_DATE_ADDED', '2601', 'Do you want to display the Product Date Added?<br /><br />0= off<br />1st digit Left or Right<br />2nd and 3rd digit Sort Order<br />4th digit number of breaks after<br />', '23', '9', null, '2014-06-18 23:20:53', null, null);
INSERT INTO `configuration` VALUES ('489', 'Display Product Description', 'PRODUCT_ALL_LIST_DESCRIPTION', '150', 'How many characters do you want to display of the Product Description?<br /><br />0= OFF<br />150= Suggested Length, or enter the maximum number of characters to display', '23', '10', null, '2014-06-18 23:20:53', null, null);
INSERT INTO `configuration` VALUES ('490', 'Display Product Display - Default Sort Order', 'PRODUCT_ALL_LIST_SORT_DEFAULT', '1', 'What Sort Order Default should be used for All Products Display?<br />Default= 1 for Product Name<br /><br />1= Products Name<br />2= Products Name Desc<br />3= Price low to high, Products Name<br />4= Price high to low, Products Name<br />5= Model<br />6= Date Added desc<br />7= Date Added<br />8= Product Sort Order', '23', '11', null, '2014-06-18 23:20:53', null, 'zen_cfg_select_option(array(\'1\', \'2\', \'3\', \'4\', \'5\', \'6\', \'7\', \'8\'), ');
INSERT INTO `configuration` VALUES ('491', 'Default Products All Group ID', 'PRODUCT_ALL_LIST_GROUP_ID', '23', 'Warning: Only change this if your Products All Group ID has changed from the default of 23<br />What is the configuration_group_id for Products All Listings?', '23', '12', null, '2014-06-18 23:20:53', null, null);
INSERT INTO `configuration` VALUES ('492', 'Display Multiple Products Qty Box Status and Set Button Location', 'PRODUCT_ALL_LISTING_MULTIPLE_ADD_TO_CART', '3', 'Do you want to display Add Multiple Products Qty Box and Set Button Location?<br />0= off<br />1= Top<br />2= Bottom<br />3= Both', '23', '25', null, '2014-06-18 23:20:53', null, 'zen_cfg_select_option(array(\'0\', \'1\', \'2\', \'3\'), ');
INSERT INTO `configuration` VALUES ('493', 'Show New Products on Main Page', 'SHOW_PRODUCT_INFO_MAIN_NEW_PRODUCTS', '1', 'Show New Products on Main Page<br />0= off or set the sort order', '24', '65', null, '2014-06-18 23:20:53', null, 'zen_cfg_select_option(array(\'0\', \'1\', \'2\', \'3\', \'4\'), ');
INSERT INTO `configuration` VALUES ('494', 'Show Featured Products on Main Page', 'SHOW_PRODUCT_INFO_MAIN_FEATURED_PRODUCTS', '2', 'Show Featured Products on Main Page<br />0= off or set the sort order', '24', '66', null, '2014-06-18 23:20:53', null, 'zen_cfg_select_option(array(\'0\', \'1\', \'2\', \'3\', \'4\'), ');
INSERT INTO `configuration` VALUES ('495', 'Show Special Products on Main Page', 'SHOW_PRODUCT_INFO_MAIN_SPECIALS_PRODUCTS', '3', 'Show Special Products on Main Page<br />0= off or set the sort order', '24', '67', null, '2014-06-18 23:20:53', null, 'zen_cfg_select_option(array(\'0\', \'1\', \'2\', \'3\', \'4\'), ');
INSERT INTO `configuration` VALUES ('496', 'Show Upcoming Products on Main Page', 'SHOW_PRODUCT_INFO_MAIN_UPCOMING', '4', 'Show Upcoming Products on Main Page<br />0= off or set the sort order', '24', '68', null, '2014-06-18 23:20:53', null, 'zen_cfg_select_option(array(\'0\', \'1\', \'2\', \'3\', \'4\'), ');
INSERT INTO `configuration` VALUES ('497', 'Show New Products on Main Page - Category with SubCategories', 'SHOW_PRODUCT_INFO_CATEGORY_NEW_PRODUCTS', '1', 'Show New Products on Main Page - Category with SubCategories<br />0= off or set the sort order', '24', '70', null, '2014-06-18 23:20:53', null, 'zen_cfg_select_option(array(\'0\', \'1\', \'2\', \'3\', \'4\'), ');
INSERT INTO `configuration` VALUES ('498', 'Show Featured Products on Main Page - Category with SubCategories', 'SHOW_PRODUCT_INFO_CATEGORY_FEATURED_PRODUCTS', '2', 'Show Featured Products on Main Page - Category with SubCategories<br />0= off or set the sort order', '24', '71', null, '2014-06-18 23:20:53', null, 'zen_cfg_select_option(array(\'0\', \'1\', \'2\', \'3\', \'4\'), ');
INSERT INTO `configuration` VALUES ('499', 'Show Special Products on Main Page - Category with SubCategories', 'SHOW_PRODUCT_INFO_CATEGORY_SPECIALS_PRODUCTS', '3', 'Show Special Products on Main Page - Category with SubCategories<br />0= off or set the sort order', '24', '72', null, '2014-06-18 23:20:53', null, 'zen_cfg_select_option(array(\'0\', \'1\', \'2\', \'3\', \'4\'), ');
INSERT INTO `configuration` VALUES ('500', 'Show Upcoming Products on Main Page - Category with SubCategories', 'SHOW_PRODUCT_INFO_CATEGORY_UPCOMING', '4', 'Show Upcoming Products on Main Page - Category with SubCategories<br />0= off or set the sort order', '24', '73', null, '2014-06-18 23:20:53', null, 'zen_cfg_select_option(array(\'0\', \'1\', \'2\', \'3\', \'4\'), ');
INSERT INTO `configuration` VALUES ('501', 'Show New Products on Main Page - Errors and Missing Products Page', 'SHOW_PRODUCT_INFO_MISSING_NEW_PRODUCTS', '1', 'Show New Products on Main Page - Errors and Missing Product<br />0= off or set the sort order', '24', '75', null, '2014-06-18 23:20:53', null, 'zen_cfg_select_option(array(\'0\', \'1\', \'2\', \'3\', \'4\'), ');
INSERT INTO `configuration` VALUES ('502', 'Show Featured Products on Main Page - Errors and Missing Products Page', 'SHOW_PRODUCT_INFO_MISSING_FEATURED_PRODUCTS', '2', 'Show Featured Products on Main Page - Errors and Missing Product<br />0= off or set the sort order', '24', '76', null, '2014-06-18 23:20:53', null, 'zen_cfg_select_option(array(\'0\', \'1\', \'2\', \'3\', \'4\'), ');
INSERT INTO `configuration` VALUES ('503', 'Show Special Products on Main Page - Errors and Missing Products Page', 'SHOW_PRODUCT_INFO_MISSING_SPECIALS_PRODUCTS', '3', 'Show Special Products on Main Page - Errors and Missing Product<br />0= off or set the sort order', '24', '77', null, '2014-06-18 23:20:53', null, 'zen_cfg_select_option(array(\'0\', \'1\', \'2\', \'3\', \'4\'), ');
INSERT INTO `configuration` VALUES ('504', 'Show Upcoming Products on Main Page - Errors and Missing Products Page', 'SHOW_PRODUCT_INFO_MISSING_UPCOMING', '4', 'Show Upcoming Products on Main Page - Errors and Missing Product<br />0= off or set the sort order', '24', '78', null, '2014-06-18 23:20:53', null, 'zen_cfg_select_option(array(\'0\', \'1\', \'2\', \'3\', \'4\'), ');
INSERT INTO `configuration` VALUES ('505', 'Show New Products - below Product Listing', 'SHOW_PRODUCT_INFO_LISTING_BELOW_NEW_PRODUCTS', '1', 'Show New Products below Product Listing<br />0= off or set the sort order', '24', '85', null, '2014-06-18 23:20:53', null, 'zen_cfg_select_option(array(\'0\', \'1\', \'2\', \'3\', \'4\'), ');
INSERT INTO `configuration` VALUES ('506', 'Show Featured Products - below Product Listing', 'SHOW_PRODUCT_INFO_LISTING_BELOW_FEATURED_PRODUCTS', '2', 'Show Featured Products below Product Listing<br />0= off or set the sort order', '24', '86', null, '2014-06-18 23:20:53', null, 'zen_cfg_select_option(array(\'0\', \'1\', \'2\', \'3\', \'4\'), ');
INSERT INTO `configuration` VALUES ('507', 'Show Special Products - below Product Listing', 'SHOW_PRODUCT_INFO_LISTING_BELOW_SPECIALS_PRODUCTS', '3', 'Show Special Products below Product Listing<br />0= off or set the sort order', '24', '87', null, '2014-06-18 23:20:53', null, 'zen_cfg_select_option(array(\'0\', \'1\', \'2\', \'3\', \'4\'), ');
INSERT INTO `configuration` VALUES ('508', 'Show Upcoming Products - below Product Listing', 'SHOW_PRODUCT_INFO_LISTING_BELOW_UPCOMING', '4', 'Show Upcoming Products below Product Listing<br />0= off or set the sort order', '24', '88', null, '2014-06-18 23:20:53', null, 'zen_cfg_select_option(array(\'0\', \'1\', \'2\', \'3\', \'4\'), ');
INSERT INTO `configuration` VALUES ('509', 'New Products Columns per Row', 'SHOW_PRODUCT_INFO_COLUMNS_NEW_PRODUCTS', '3', 'New Products Columns per Row', '24', '95', null, '2014-06-18 23:20:53', null, 'zen_cfg_select_option(array(\'1\', \'2\', \'3\', \'4\', \'5\', \'6\', \'7\', \'8\', \'9\', \'10\', \'11\', \'12\'), ');
INSERT INTO `configuration` VALUES ('510', 'Featured Products Columns per Row', 'SHOW_PRODUCT_INFO_COLUMNS_FEATURED_PRODUCTS', '3', 'Featured Products Columns per Row', '24', '96', null, '2014-06-18 23:20:53', null, 'zen_cfg_select_option(array(\'1\', \'2\', \'3\', \'4\', \'5\', \'6\', \'7\', \'8\', \'9\', \'10\', \'11\', \'12\'), ');
INSERT INTO `configuration` VALUES ('511', 'Special Products Columns per Row', 'SHOW_PRODUCT_INFO_COLUMNS_SPECIALS_PRODUCTS', '3', 'Special Products Columns per Row', '24', '97', null, '2014-06-18 23:20:53', null, 'zen_cfg_select_option(array(\'1\', \'2\', \'3\', \'4\', \'5\', \'6\', \'7\', \'8\', \'9\', \'10\', \'11\', \'12\'), ');
INSERT INTO `configuration` VALUES ('512', 'Filter Product Listing for Current Top Level Category When Enabled', 'SHOW_PRODUCT_INFO_ALL_PRODUCTS', '1', 'Filter the products when Product Listing is enabled for current Main Category or show products from all categories?<br />0= Filter Off 1=Filter On ', '24', '100', null, '2014-06-18 23:20:53', null, 'zen_cfg_select_option(array(\'0\', \'1\'), ');
INSERT INTO `configuration` VALUES ('513', 'Define Main Page Status', 'DEFINE_MAIN_PAGE_STATUS', '1', 'Enable the Defined Main Page Link/Text?<br />0= Link ON, Define Text OFF<br />1= Link ON, Define Text ON<br />2= Link OFF, Define Text ON<br />3= Link OFF, Define Text OFF', '25', '60', '2014-06-18 23:20:53', '2014-06-18 23:20:53', null, 'zen_cfg_select_option(array(\'0\', \'1\', \'2\', \'3\'),');
INSERT INTO `configuration` VALUES ('514', 'Define Contact Us Status', 'DEFINE_CONTACT_US_STATUS', '1', 'Enable the Defined Contact Us Link/Text?<br />0= Link ON, Define Text OFF<br />1= Link ON, Define Text ON<br />2= Link OFF, Define Text ON<br />3= Link OFF, Define Text OFF', '25', '61', '2014-06-18 23:20:53', '2014-06-18 23:20:53', null, 'zen_cfg_select_option(array(\'0\', \'1\', \'2\', \'3\'),');
INSERT INTO `configuration` VALUES ('515', 'Define Privacy Status', 'DEFINE_PRIVACY_STATUS', '1', 'Enable the Defined Privacy Link/Text?<br />0= Link ON, Define Text OFF<br />1= Link ON, Define Text ON<br />2= Link OFF, Define Text ON<br />3= Link OFF, Define Text OFF', '25', '62', '2014-06-18 23:20:53', '2014-06-18 23:20:53', null, 'zen_cfg_select_option(array(\'0\', \'1\', \'2\', \'3\'),');
INSERT INTO `configuration` VALUES ('516', 'Define Shipping & Returns', 'DEFINE_SHIPPINGINFO_STATUS', '1', 'Enable the Defined Shipping & Returns Link/Text?<br />0= Link ON, Define Text OFF<br />1= Link ON, Define Text ON<br />2= Link OFF, Define Text ON<br />3= Link OFF, Define Text OFF', '25', '63', '2014-06-18 23:20:53', '2014-06-18 23:20:53', null, 'zen_cfg_select_option(array(\'0\', \'1\', \'2\', \'3\'),');
INSERT INTO `configuration` VALUES ('517', 'Define Conditions of Use', 'DEFINE_CONDITIONS_STATUS', '1', 'Enable the Defined Conditions of Use Link/Text?<br />0= Link ON, Define Text OFF<br />1= Link ON, Define Text ON<br />2= Link OFF, Define Text ON<br />3= Link OFF, Define Text OFF', '25', '64', '2014-06-18 23:20:53', '2014-06-18 23:20:53', null, 'zen_cfg_select_option(array(\'0\', \'1\', \'2\', \'3\'),');
INSERT INTO `configuration` VALUES ('518', 'Define Checkout Success', 'DEFINE_CHECKOUT_SUCCESS_STATUS', '1', 'Enable the Defined Checkout Success Link/Text?<br />0= Link ON, Define Text OFF<br />1= Link ON, Define Text ON<br />2= Link OFF, Define Text ON<br />3= Link OFF, Define Text OFF', '25', '65', '2014-06-18 23:20:53', '2014-06-18 23:20:53', null, 'zen_cfg_select_option(array(\'0\', \'1\', \'2\', \'3\'),');
INSERT INTO `configuration` VALUES ('519', 'Define Discount Coupon', 'DEFINE_DISCOUNT_COUPON_STATUS', '1', 'Enable the Defined Discount Coupon Link/Text?<br />0= Link ON, Define Text OFF<br />1= Link ON, Define Text ON<br />2= Link OFF, Define Text ON<br />3= Link OFF, Define Text OFF', '25', '66', '2014-06-18 23:20:53', '2014-06-18 23:20:53', null, 'zen_cfg_select_option(array(\'0\', \'1\', \'2\', \'3\'),');
INSERT INTO `configuration` VALUES ('520', 'Define Site Map Status', 'DEFINE_SITE_MAP_STATUS', '1', 'Enable the Defined Site Map Link/Text?<br />0= Link ON, Define Text OFF<br />1= Link ON, Define Text ON<br />2= Link OFF, Define Text ON<br />3= Link OFF, Define Text OFF', '25', '67', '2014-06-18 23:20:53', '2014-06-18 23:20:53', null, 'zen_cfg_select_option(array(\'0\', \'1\', \'2\', \'3\'),');
INSERT INTO `configuration` VALUES ('521', 'Define Page-Not-Found Status', 'DEFINE_PAGE_NOT_FOUND_STATUS', '1', 'Enable the Defined Page-Not-Found Text from define-pages?<br />0= Define Text OFF<br />1= Define Text ON', '25', '67', '2014-06-18 23:20:53', '2014-06-18 23:20:53', null, 'zen_cfg_select_option(array(\'0\', \'1\'),');
INSERT INTO `configuration` VALUES ('522', 'Define Page 2', 'DEFINE_PAGE_2_STATUS', '1', 'Enable the Defined Page 2 Link/Text?<br />0= Link ON, Define Text OFF<br />1= Link ON, Define Text ON<br />2= Link OFF, Define Text ON<br />3= Link OFF, Define Text OFF', '25', '82', '2014-06-18 23:20:53', '2014-06-18 23:20:53', null, 'zen_cfg_select_option(array(\'0\', \'1\', \'2\', \'3\'),');
INSERT INTO `configuration` VALUES ('523', 'Define Page 3', 'DEFINE_PAGE_3_STATUS', '1', 'Enable the Defined Page 3 Link/Text?<br />0= Link ON, Define Text OFF<br />1= Link ON, Define Text ON<br />2= Link OFF, Define Text ON<br />3= Link OFF, Define Text OFF', '25', '83', '2014-06-18 23:20:53', '2014-06-18 23:20:53', null, 'zen_cfg_select_option(array(\'0\', \'1\', \'2\', \'3\'),');
INSERT INTO `configuration` VALUES ('524', 'Define Page 4', 'DEFINE_PAGE_4_STATUS', '1', 'Enable the Defined Page 4 Link/Text?<br />0= Link ON, Define Text OFF<br />1= Link ON, Define Text ON<br />2= Link OFF, Define Text ON<br />3= Link OFF, Define Text OFF', '25', '84', '2014-06-18 23:20:53', '2014-06-18 23:20:53', null, 'zen_cfg_select_option(array(\'0\', \'1\', \'2\', \'3\'),');
INSERT INTO `configuration` VALUES ('525', 'EZ-Pages Display Status - HeaderBar', 'EZPAGES_STATUS_HEADER', '1', 'Display of EZ-Pages content can be Globally enabled/disabled for the Header Bar<br />0 = Off<br />1 = On<br />2= On ADMIN IP ONLY located in Website Maintenance<br />NOTE: Warning only shows to the Admin and not to the public', '30', '10', null, '2014-06-18 23:20:53', null, 'zen_cfg_select_option(array(\'0\', \'1\', \'2\'), ');
INSERT INTO `configuration` VALUES ('526', 'EZ-Pages Display Status - FooterBar', 'EZPAGES_STATUS_FOOTER', '1', 'Display of EZ-Pages content can be Globally enabled/disabled for the Footer Bar<br />0 = Off<br />1 = On<br />2= On ADMIN IP ONLY located in Website Maintenance<br />NOTE: Warning only shows to the Admin and not to the public', '30', '11', null, '2014-06-18 23:20:53', null, 'zen_cfg_select_option(array(\'0\', \'1\', \'2\'), ');
INSERT INTO `configuration` VALUES ('527', 'EZ-Pages Display Status - Sidebox', 'EZPAGES_STATUS_SIDEBOX', '1', 'Display of EZ-Pages content can be Globally enabled/disabled for the Sidebox<br />0 = Off<br />1 = On<br />2= On ADMIN IP ONLY located in Website Maintenance<br />NOTE: Warning only shows to the Admin and not to the public', '30', '12', null, '2014-06-18 23:20:53', null, 'zen_cfg_select_option(array(\'0\', \'1\', \'2\'), ');
INSERT INTO `configuration` VALUES ('528', 'EZ-Pages Header Link Separator', 'EZPAGES_SEPARATOR_HEADER', '&nbsp;::&nbsp;', 'EZ-Pages Header Link Separator<br />Default = &amp;nbsp;::&amp;nbsp;', '30', '20', null, '2014-06-18 23:20:53', null, 'zen_cfg_textarea_small(');
INSERT INTO `configuration` VALUES ('529', 'EZ-Pages Footer Link Separator', 'EZPAGES_SEPARATOR_FOOTER', '&nbsp;::&nbsp;', 'EZ-Pages Footer Link Separator<br />Default = &amp;nbsp;::&amp;nbsp;', '30', '21', null, '2014-06-18 23:20:53', null, 'zen_cfg_textarea_small(');
INSERT INTO `configuration` VALUES ('530', 'EZ-Pages Prev/Next Buttons', 'EZPAGES_SHOW_PREV_NEXT_BUTTONS', '2', 'Display Prev/Continue/Next buttons on EZ-Pages pages?<br />0=OFF (no buttons)<br />1=\"Continue\"<br />2=\"Prev/Continue/Next\"<br /><br />Default setting: 2.', '30', '30', null, '2014-06-18 23:20:53', null, 'zen_cfg_select_option(array(\'0\', \'1\', \'2\'), ');
INSERT INTO `configuration` VALUES ('531', 'EZ-Pages Table of Contents for Chapters Status', 'EZPAGES_SHOW_TABLE_CONTENTS', '1', 'Enable EZ-Pages Table of Contents for Chapters?<br />0= OFF<br />1= ON', '30', '35', '2014-06-18 23:20:53', '2014-06-18 23:20:53', null, 'zen_cfg_select_option(array(\'0\', \'1\'),');
INSERT INTO `configuration` VALUES ('532', 'EZ-Pages Pages to disable headers', 'EZPAGES_DISABLE_HEADER_DISPLAY_LIST', '', 'EZ-Pages \"pages\" on which to NOT display the normal \"header\" for your site.<br />Simply list page ID numbers separated by commas with no spaces.<br />Page ID numbers can be obtained from the EZ-Pages screen under Admin->Tools.<br />ie: 1,5,2<br />or leave blank.', '30', '40', null, '2014-06-18 23:20:53', null, 'zen_cfg_textarea_small(');
INSERT INTO `configuration` VALUES ('533', 'EZ-Pages Pages to disable footers', 'EZPAGES_DISABLE_FOOTER_DISPLAY_LIST', '', 'EZ-Pages \"pages\" on which to NOT display the normal \"footer\" for your site.<br />Simply list page ID numbers separated by commas with no spaces.<br />Page ID numbers can be obtained from the EZ-Pages screen under Admin->Tools.<br />ie: 3,7<br />or leave blank.', '30', '41', null, '2014-06-18 23:20:53', null, 'zen_cfg_textarea_small(');
INSERT INTO `configuration` VALUES ('534', 'EZ-Pages Pages to disable left-column', 'EZPAGES_DISABLE_LEFTCOLUMN_DISPLAY_LIST', '', 'EZ-Pages \"pages\" on which to NOT display the normal \"left\" column (of sideboxes) for your site.<br />Simply list page ID numbers separated by commas with no spaces.<br />Page ID numbers can be obtained from the EZ-Pages screen under Admin->Tools.<br />ie: 21<br />or leave blank.', '30', '42', null, '2014-06-18 23:20:53', null, 'zen_cfg_textarea_small(');
INSERT INTO `configuration` VALUES ('535', 'EZ-Pages Pages to disable right-column', 'EZPAGES_DISABLE_RIGHTCOLUMN_DISPLAY_LIST', '', 'EZ-Pages \"pages\" on which to NOT display the normal \"right\" column (of sideboxes) for your site.<br />Simply list page ID numbers separated by commas with no spaces.<br />Page ID numbers can be obtained from the EZ-Pages screen under Admin->Tools.<br />ie: 3,82,13<br />or leave blank.', '30', '43', null, '2014-06-18 23:20:53', null, 'zen_cfg_textarea_small(');
INSERT INTO `configuration` VALUES ('536', 'Convert currencies for Text emails', 'CURRENCIES_TRANSLATIONS', '', 'What currency conversions do you need for Text emails?<br />Example = &amp;pound;,&pound;:&amp;euro;,&euro;', '12', '120', null, '2003-11-21 00:00:00', null, 'zen_cfg_textarea_small(');
INSERT INTO `configuration` VALUES ('537', 'Use root path for cookie path', 'SESSION_USE_ROOT_COOKIE_PATH', 'False', 'Normally Zen Cart will use the directory that a store resides in as the cookie path. This can cause problems with some servers. This setting allows you to set the cookie path to the root of the server, rather than the store directory. It should only be used if you have problems with sessions. <strong>Default Value = False</strong><br /><br /><strong>Changing this setting may mean you have problems logging into your admin, you should clear your browser cookies to overcome this.</strong>', '15', '999', null, '0001-01-01 00:00:00', null, 'zen_cfg_select_option(array(\'True\', \'False\'), ');
INSERT INTO `configuration` VALUES ('538', 'Add period prefix to cookie domain', 'SESSION_ADD_PERIOD_PREFIX', 'True', 'Normally Zen Cart will add a period prefix to the cookie domain, e.g.  .www.mydomain.com. This can sometimes cause problems with some server configurations. If you are having session problems you may want to try setting this to False. <strong>Default Value = True</strong>', '15', '999', null, '0001-01-01 00:00:00', null, 'zen_cfg_select_option(array(\'True\', \'False\'), ');
INSERT INTO `configuration` VALUES ('539', 'Enable this Payment Module', 'MODULE_PAYMENT_PAYPALWPP_STATUS', 'True', 'Do you want to enable this payment module?', '6', '25', null, '2015-01-02 02:38:46', null, 'zen_cfg_select_option(array(\'True\', \'False\'), ');
INSERT INTO `configuration` VALUES ('540', 'Live or Sandbox', 'MODULE_PAYMENT_PAYPALWPP_SERVER', 'live', '<strong>Live: </strong> Used to process Live transactions<br><strong>Sandbox: </strong>For developers and testing', '6', '25', null, '2015-01-02 02:38:46', null, 'zen_cfg_select_option(array(\'live\', \'sandbox\'), ');
INSERT INTO `configuration` VALUES ('541', 'Express Checkout Shortcut Button', 'MODULE_PAYMENT_PAYPALWPP_ECS_BUTTON', 'On', 'The Express Checkout Shortcut button shows up on your shopping cart page to invite your customers to pay using PayPal without having to give all their address details on your site first before selecting shipping options.<br />It has been shown to increase sales and conversions when enabled.<br />Default: On ', '6', '25', null, '2015-01-02 02:38:46', null, 'zen_cfg_select_option(array(\'On\', \'Off\'), ');
INSERT INTO `configuration` VALUES ('542', 'Express Checkout: Require Confirmed Address', 'MODULE_PAYMENT_PAYPALWPP_CONFIRMED_ADDRESS', 'No', 'Do you want to require that your (not-logged-in) customers use a *confirmed* address when choosing their shipping address in PayPal?<br />(this is ignored for logged-in customers)', '6', '25', null, '2015-01-02 02:38:46', null, 'zen_cfg_select_option(array(\'Yes\', \'No\'), ');
INSERT INTO `configuration` VALUES ('543', 'Express Checkout: Select Cheapest Shipping Automatically', 'MODULE_PAYMENT_PAYPALWPP_AUTOSELECT_CHEAPEST_SHIPPING', 'Yes', 'When customer returns from PayPal, do we want to automatically select the Cheapest shipping method and skip the shipping page? (making it more *express*)<br />Note: enabling this means the customer does *not* have easy access to select an alternate shipping method (without going back to the Checkout-Step-1 page)', '6', '25', null, '2015-01-02 02:38:46', null, 'zen_cfg_select_option(array(\'Yes\', \'No\'), ');
INSERT INTO `configuration` VALUES ('544', 'Express Checkout: Skip Payment Page', 'MODULE_PAYMENT_PAYPALWPP_SKIP_PAYMENT_PAGE', 'Yes', 'If the customer is checking out with Express Checkout, do you want to skip the checkout payment page, making things more *express*? <br /><strong>(NOTE: The Payment Page will auto-display regardless of this setting if you have Coupons or Gift Certificates enabled in your store.)</strong>', '6', '25', null, '2015-01-02 02:38:46', null, 'zen_cfg_select_option(array(\'Yes\', \'No\'), ');
INSERT INTO `configuration` VALUES ('545', 'Express Checkout: Automatic Account Creation', 'MODULE_PAYMENT_PAYPALWPP_NEW_ACCT_NOTIFY', 'Yes', 'If a visitor is not an existing customer, a Zen Cart account is created for them.  Would you like make it a permanent account and send them an email containing their login information?<br />NOTE: Permanent accounts are auto-created if the customer purchases downloads or gift certificates, regardless of this setting.', '6', '25', null, '2015-01-02 02:38:46', null, 'zen_cfg_select_option(array(\'Yes\', \'No\'), ');
INSERT INTO `configuration` VALUES ('546', 'Sort order of display.', 'MODULE_PAYMENT_PAYPALWPP_SORT_ORDER', '0', 'Sort order of display. Lowest is displayed first.', '6', '25', null, '2015-01-02 02:38:46', null, null);
INSERT INTO `configuration` VALUES ('547', 'Payment Zone', 'MODULE_PAYMENT_PAYPALWPP_ZONE', '0', 'If a zone is selected, only enable this payment method for that zone.', '6', '25', null, '2015-01-02 02:38:46', 'zen_get_zone_class_title', 'zen_cfg_pull_down_zone_classes(');
INSERT INTO `configuration` VALUES ('548', 'Set Order Status', 'MODULE_PAYMENT_PAYPALWPP_ORDER_STATUS_ID', '2', 'Set the status of orders paid with this payment module to this value. <br /><strong>Recommended: Processing[2]</strong>', '6', '25', null, '2015-01-02 02:38:46', 'zen_get_order_status_name', 'zen_cfg_pull_down_order_statuses(');
INSERT INTO `configuration` VALUES ('549', 'Set Unpaid Order Status', 'MODULE_PAYMENT_PAYPALWPP_ORDER_PENDING_STATUS_ID', '1', 'Set the status of unpaid orders made with this payment module to this value. <br /><strong>Recommended: Pending[1]</strong>', '6', '25', null, '2015-01-02 02:38:46', 'zen_get_order_status_name', 'zen_cfg_pull_down_order_statuses(');
INSERT INTO `configuration` VALUES ('550', 'Set Refund Order Status', 'MODULE_PAYMENT_PAYPALWPP_REFUNDED_STATUS_ID', '1', 'Set the status of refunded orders to this value. <br /><strong>Recommended: Pending[1]</strong>', '6', '25', null, '2015-01-02 02:38:46', 'zen_get_order_status_name', 'zen_cfg_pull_down_order_statuses(');
INSERT INTO `configuration` VALUES ('551', 'PayPal Page Style', 'MODULE_PAYMENT_PAYPALWPP_PAGE_STYLE', 'Primary', 'The page-layout style you want customers to see when they visit the PayPal site. You can configure your <strong>Custom Page Styles</strong> in your PayPal Profile settings. This value is case-sensitive.', '6', '25', null, '2015-01-02 02:38:46', null, null);
INSERT INTO `configuration` VALUES ('552', 'Store (Brand) Name at PayPal', 'MODULE_PAYMENT_PAYPALWPP_BRANDNAME', '', 'The name of your store as it should appear on the PayPal login page. If blank, your store name will be used.', '6', '25', null, '2015-01-02 02:38:46', null, null);
INSERT INTO `configuration` VALUES ('553', 'Payment Action', 'MODULE_PAYMENT_PAYPALWPP_TRANSACTION_MODE', 'Final Sale', 'How do you want to obtain payment?<br /><strong>Default: Final Sale</strong>', '6', '25', null, '2015-01-02 02:38:46', null, 'zen_cfg_select_option(array(\'Auth Only\', \'Final Sale\'), ');
INSERT INTO `configuration` VALUES ('554', 'Transaction Currency', 'MODULE_PAYMENT_PAYPALWPP_CURRENCY', 'Selected Currency', 'Which currency should the order be sent to PayPal as? <br />NOTE: if an unsupported currency is sent to PayPal, it will be auto-converted to USD (or GBP if using UK account)<br /><strong>Default: Selected Currency</strong>', '6', '25', null, '2015-01-02 02:38:46', null, 'zen_cfg_select_option(array(\'Selected Currency\', \'Only USD\', \'Only AUD\', \'Only CAD\', \'Only EUR\', \'Only GBP\', \'Only CHF\', \'Only CZK\', \'Only DKK\', \'Only HKD\', \'Only HUF\', \'Only JPY\', \'Only NOK\', \'Only NZD\', \'Only PLN\', \'Only SEK\', \'Only SGD\', \'Only THB\', \'Only MXN\', \'Only ILS\', \'Only PHP\', \'Only TWD\', \'Only BRL\', \'Only MYR\', \'Only TKD\'), ');
INSERT INTO `configuration` VALUES ('555', 'Allow eCheck?', 'MODULE_PAYMENT_PAYPALEC_ALLOWEDPAYMENT', 'Any', 'Do you want to allow non-instant payments like eCheck/EFT/ELV?', '6', '25', null, '2015-01-02 02:38:46', null, 'zen_cfg_select_option(array(\'Any\', \'Instant Only\'), ');
INSERT INTO `configuration` VALUES ('556', 'Fraud Mgmt Filters - FMF', 'MODULE_PAYMENT_PAYPALWPP_EC_RETURN_FMF_DETAILS', 'No', 'If you have enabled FMF support in your PayPal account and wish to utilize it in your transactions, set this to yes. Otherwise, leave it at No.', '6', '25', null, '2015-01-02 02:38:46', null, 'zen_cfg_select_option(array(\'No\', \'Yes\'), ');
INSERT INTO `configuration` VALUES ('557', 'API Signature -- Username', 'MODULE_PAYMENT_PAYPALWPP_APIUSERNAME', '', 'The API Username from your PayPal API Signature settings under *API Access*. This value typically looks like an email address and is case-sensitive.', '6', '25', null, '2015-01-02 02:38:46', null, null);
INSERT INTO `configuration` VALUES ('558', 'API Signature -- Password', 'MODULE_PAYMENT_PAYPALWPP_APIPASSWORD', '', 'The API Password from your PayPal API Signature settings under *API Access*. This value is a 16-character code and is case-sensitive.', '6', '25', null, '2015-01-02 02:38:46', 'zen_cfg_password_display', 'zen_cfg_password_input(');
INSERT INTO `configuration` VALUES ('559', 'API Signature -- Signature Code', 'MODULE_PAYMENT_PAYPALWPP_APISIGNATURE', '', 'The API Signature from your PayPal API Signature settings under *API Access*. This value is a 56-character code, and is case-sensitive.', '6', '25', null, '2015-01-02 02:38:46', 'zen_cfg_password_display', '');
INSERT INTO `configuration` VALUES ('560', 'PAYFLOW: User', 'MODULE_PAYMENT_PAYPALWPP_PFUSER', '', 'If you set up one or more additional users on the account, this value is the ID of the user authorized to process transactions. Otherwise it should be the same value as VENDOR. This value is case-sensitive.', '6', '25', null, '2015-01-02 02:38:46', null, null);
INSERT INTO `configuration` VALUES ('561', 'PAYFLOW: Partner', 'MODULE_PAYMENT_PAYPALWPP_PFPARTNER', 'ZenCart', 'Your Payflow Partner name linked to your Payflow account. This value is case-sensitive.<br />Typical values: <strong>PayPal</strong> or <strong>ZenCart</strong>', '6', '25', null, '2015-01-02 02:38:46', null, null);
INSERT INTO `configuration` VALUES ('562', 'PAYFLOW: Vendor', 'MODULE_PAYMENT_PAYPALWPP_PFVENDOR', '', 'Your merchant login ID that you created when you registered for the Payflow Pro account. This value is case-sensitive.', '6', '25', null, '2015-01-02 02:38:46', null, null);
INSERT INTO `configuration` VALUES ('563', 'PAYFLOW: Password', 'MODULE_PAYMENT_PAYPALWPP_PFPASSWORD', '', 'The 6- to 32-character password that you defined while registering for the account. This value is case-sensitive.', '6', '25', null, '2015-01-02 02:38:46', 'zen_cfg_password_display', 'zen_cfg_password_input(');
INSERT INTO `configuration` VALUES ('564', 'PayPal Mode', 'MODULE_PAYMENT_PAYPALWPP_MODULE_MODE', 'PayPal', 'Which PayPal API system should be used for processing? <br /><u>Choices:</u><br /><font color=green>For choice #1, you need to supply <strong>API Settings</strong> above.</font><br /><strong>1. PayPal</strong> = Express Checkout with a regular PayPal account<br />or<br /><font color=green>for choices 2 &amp; 3 you need to supply <strong>PAYFLOW settings</strong>, below (and have a Payflow account)</font><br /><strong>2. Payflow-UK</strong> = Website Payments Pro UK Payflow Edition<br /><strong>3. Payflow-US</strong> = Payflow Pro Gateway only<!--<br /><strong>4. PayflowUS+EC</strong> = Payflow Pro with Express Checkout-->', '6', '25', null, '2015-01-02 02:38:46', null, 'zen_cfg_select_option(array(\'PayPal\', \'Payflow-UK\', \'Payflow-US\'), ');
INSERT INTO `configuration` VALUES ('565', 'Debug Mode', 'MODULE_PAYMENT_PAYPALWPP_DEBUGGING', 'Off', 'Would you like to enable debug mode?  A complete detailed log of failed transactions will be emailed to the store owner.', '6', '25', null, '2015-01-02 02:38:46', null, 'zen_cfg_select_option(array(\'Off\', \'Alerts Only\', \'Log File\', \'Log and Email\'), ');

-- ----------------------------
-- Table structure for `configuration_group`
-- ----------------------------
DROP TABLE IF EXISTS `configuration_group`;
CREATE TABLE `configuration_group` (
  `configuration_group_id` int(11) NOT NULL AUTO_INCREMENT,
  `configuration_group_title` varchar(64) NOT NULL DEFAULT '',
  `configuration_group_description` varchar(255) NOT NULL DEFAULT '',
  `sort_order` int(5) DEFAULT NULL,
  `visible` int(1) DEFAULT '1',
  PRIMARY KEY (`configuration_group_id`),
  KEY `idx_visible_zen` (`visible`)
) ENGINE=MyISAM AUTO_INCREMENT=31 DEFAULT CHARSET=utf8;

-- ----------------------------
-- Records of configuration_group
-- ----------------------------
INSERT INTO `configuration_group` VALUES ('1', 'My Store', 'General information about my store', '1', '1');
INSERT INTO `configuration_group` VALUES ('2', 'Minimum Values', 'The minimum values for functions / data', '2', '1');
INSERT INTO `configuration_group` VALUES ('3', 'Maximum Values', 'The maximum values for functions / data', '3', '1');
INSERT INTO `configuration_group` VALUES ('4', 'Images', 'Image parameters', '4', '1');
INSERT INTO `configuration_group` VALUES ('5', 'Customer Details', 'Customer account configuration', '5', '1');
INSERT INTO `configuration_group` VALUES ('6', 'Module Options', 'Hidden from configuration', '6', '0');
INSERT INTO `configuration_group` VALUES ('7', 'Shipping/Packaging', 'Shipping options available at my store', '7', '1');
INSERT INTO `configuration_group` VALUES ('8', 'Product Listing', 'Product Listing configuration options', '8', '1');
INSERT INTO `configuration_group` VALUES ('9', 'Stock', 'Stock configuration options', '9', '1');
INSERT INTO `configuration_group` VALUES ('10', 'Logging', 'Logging configuration options', '10', '1');
INSERT INTO `configuration_group` VALUES ('11', 'Regulations', 'Regulation options', '16', '1');
INSERT INTO `configuration_group` VALUES ('12', 'E-Mail Options', 'General settings for E-Mail transport and HTML E-Mails', '12', '1');
INSERT INTO `configuration_group` VALUES ('13', 'Attribute Settings', 'Configure products attributes settings', '13', '1');
INSERT INTO `configuration_group` VALUES ('14', 'GZip Compression', 'GZip compression options', '14', '1');
INSERT INTO `configuration_group` VALUES ('15', 'Sessions', 'Session options', '15', '1');
INSERT INTO `configuration_group` VALUES ('16', 'GV Coupons', 'Gift Vouchers and Coupons', '16', '1');
INSERT INTO `configuration_group` VALUES ('17', 'Credit Cards', 'Credit Cards Accepted', '17', '1');
INSERT INTO `configuration_group` VALUES ('18', 'Product Info', 'Product Info Display Options', '18', '1');
INSERT INTO `configuration_group` VALUES ('19', 'Layout Settings', 'Layout Options', '19', '1');
INSERT INTO `configuration_group` VALUES ('20', 'Website Maintenance', 'Website Maintenance Options', '20', '1');
INSERT INTO `configuration_group` VALUES ('21', 'New Listing', 'New Products Listing', '21', '1');
INSERT INTO `configuration_group` VALUES ('22', 'Featured Listing', 'Featured Products Listing', '22', '1');
INSERT INTO `configuration_group` VALUES ('23', 'All Listing', 'All Products Listing', '23', '1');
INSERT INTO `configuration_group` VALUES ('24', 'Index Listing', 'Index Products Listing', '24', '1');
INSERT INTO `configuration_group` VALUES ('25', 'Define Page Status', 'Define Main Pages and HTMLArea Options', '25', '1');
INSERT INTO `configuration_group` VALUES ('30', 'EZ-Pages Settings', 'EZ-Pages Settings', '30', '1');

-- ----------------------------
-- Table structure for `counter`
-- ----------------------------
DROP TABLE IF EXISTS `counter`;
CREATE TABLE `counter` (
  `startdate` char(8) DEFAULT NULL,
  `counter` int(12) DEFAULT NULL
) ENGINE=MyISAM DEFAULT CHARSET=utf8;

-- ----------------------------
-- Records of counter
-- ----------------------------
INSERT INTO `counter` VALUES ('20140618', '6306');

-- ----------------------------
-- Table structure for `counter_history`
-- ----------------------------
DROP TABLE IF EXISTS `counter_history`;
CREATE TABLE `counter_history` (
  `startdate` char(8) NOT NULL DEFAULT '',
  `counter` int(12) DEFAULT NULL,
  `session_counter` int(12) DEFAULT NULL,
  PRIMARY KEY (`startdate`)
) ENGINE=MyISAM DEFAULT CHARSET=utf8;

-- ----------------------------
-- Records of counter_history
-- ----------------------------
INSERT INTO `counter_history` VALUES ('20140618', '8', '1');
INSERT INTO `counter_history` VALUES ('20140619', '85', '6');
INSERT INTO `counter_history` VALUES ('20140620', '5', '5');
INSERT INTO `counter_history` VALUES ('20140621', '35', '2');
INSERT INTO `counter_history` VALUES ('20140623', '1', '1');
INSERT INTO `counter_history` VALUES ('20140624', '125', '6');
INSERT INTO `counter_history` VALUES ('20140625', '5', '2');
INSERT INTO `counter_history` VALUES ('20140626', '5', '1');
INSERT INTO `counter_history` VALUES ('20140627', '1', '1');
INSERT INTO `counter_history` VALUES ('20140628', '5', '1');
INSERT INTO `counter_history` VALUES ('20140629', '1', '1');
INSERT INTO `counter_history` VALUES ('20140723', '13', '3');
INSERT INTO `counter_history` VALUES ('20140911', '14', '3');
INSERT INTO `counter_history` VALUES ('20141013', '3', '3');
INSERT INTO `counter_history` VALUES ('20141105', '1', '1');
INSERT INTO `counter_history` VALUES ('20141219', '1', '1');
INSERT INTO `counter_history` VALUES ('20141220', '189', '7');
INSERT INTO `counter_history` VALUES ('20141221', '271', '5');
INSERT INTO `counter_history` VALUES ('20141222', '1', '1');
INSERT INTO `counter_history` VALUES ('20141223', '76', '5');
INSERT INTO `counter_history` VALUES ('20141224', '395', '8');
INSERT INTO `counter_history` VALUES ('20141225', '380', '8');
INSERT INTO `counter_history` VALUES ('20141226', '315', '8');
INSERT INTO `counter_history` VALUES ('20141227', '631', '11');
INSERT INTO `counter_history` VALUES ('20141228', '225', '8');
INSERT INTO `counter_history` VALUES ('20141229', '310', '4');
INSERT INTO `counter_history` VALUES ('20141230', '166', '5');
INSERT INTO `counter_history` VALUES ('20141231', '267', '6');
INSERT INTO `counter_history` VALUES ('20150101', '103', '8');
INSERT INTO `counter_history` VALUES ('20150102', '376', '15');
INSERT INTO `counter_history` VALUES ('20150103', '761', '9');
INSERT INTO `counter_history` VALUES ('20150104', '315', '8');
INSERT INTO `counter_history` VALUES ('20150105', '3', '2');
INSERT INTO `counter_history` VALUES ('20150107', '37', '2');
INSERT INTO `counter_history` VALUES ('20150108', '134', '3');
INSERT INTO `counter_history` VALUES ('20150112', '2', '1');
INSERT INTO `counter_history` VALUES ('20150128', '57', '1');
INSERT INTO `counter_history` VALUES ('20150201', '1', '1');
INSERT INTO `counter_history` VALUES ('20150203', '8', '2');
INSERT INTO `counter_history` VALUES ('20150205', '105', '1');
INSERT INTO `counter_history` VALUES ('20150208', '864', '4');

-- ----------------------------
-- Table structure for `countries`
-- ----------------------------
DROP TABLE IF EXISTS `countries`;
CREATE TABLE `countries` (
  `countries_id` int(11) NOT NULL AUTO_INCREMENT,
  `countries_name` varchar(64) NOT NULL DEFAULT '',
  `countries_iso_code_2` char(2) NOT NULL DEFAULT '',
  `countries_iso_code_3` char(3) NOT NULL DEFAULT '',
  `address_format_id` int(11) NOT NULL DEFAULT '0',
  PRIMARY KEY (`countries_id`),
  KEY `idx_countries_name_zen` (`countries_name`),
  KEY `idx_address_format_id_zen` (`address_format_id`),
  KEY `idx_iso_2_zen` (`countries_iso_code_2`),
  KEY `idx_iso_3_zen` (`countries_iso_code_3`)
) ENGINE=MyISAM AUTO_INCREMENT=246 DEFAULT CHARSET=utf8;

-- ----------------------------
-- Records of countries
-- ----------------------------
INSERT INTO `countries` VALUES ('240', 'Aaland Islands', 'AX', 'ALA', '1');
INSERT INTO `countries` VALUES ('1', 'Afghanistan', 'AF', 'AFG', '1');
INSERT INTO `countries` VALUES ('2', 'Albania', 'AL', 'ALB', '1');
INSERT INTO `countries` VALUES ('3', 'Algeria', 'DZ', 'DZA', '1');
INSERT INTO `countries` VALUES ('4', 'American Samoa', 'AS', 'ASM', '1');
INSERT INTO `countries` VALUES ('5', 'Andorra', 'AD', 'AND', '1');
INSERT INTO `countries` VALUES ('6', 'Angola', 'AO', 'AGO', '1');
INSERT INTO `countries` VALUES ('7', 'Anguilla', 'AI', 'AIA', '1');
INSERT INTO `countries` VALUES ('8', 'Antarctica', 'AQ', 'ATA', '1');
INSERT INTO `countries` VALUES ('9', 'Antigua and Barbuda', 'AG', 'ATG', '1');
INSERT INTO `countries` VALUES ('10', 'Argentina', 'AR', 'ARG', '1');
INSERT INTO `countries` VALUES ('11', 'Armenia', 'AM', 'ARM', '1');
INSERT INTO `countries` VALUES ('12', 'Aruba', 'AW', 'ABW', '1');
INSERT INTO `countries` VALUES ('13', 'Australia', 'AU', 'AUS', '1');
INSERT INTO `countries` VALUES ('14', 'Austria', 'AT', 'AUT', '5');
INSERT INTO `countries` VALUES ('15', 'Azerbaijan', 'AZ', 'AZE', '1');
INSERT INTO `countries` VALUES ('16', 'Bahamas', 'BS', 'BHS', '1');
INSERT INTO `countries` VALUES ('17', 'Bahrain', 'BH', 'BHR', '1');
INSERT INTO `countries` VALUES ('18', 'Bangladesh', 'BD', 'BGD', '1');
INSERT INTO `countries` VALUES ('19', 'Barbados', 'BB', 'BRB', '1');
INSERT INTO `countries` VALUES ('20', 'Belarus', 'BY', 'BLR', '1');
INSERT INTO `countries` VALUES ('21', 'Belgium', 'BE', 'BEL', '1');
INSERT INTO `countries` VALUES ('22', 'Belize', 'BZ', 'BLZ', '1');
INSERT INTO `countries` VALUES ('23', 'Benin', 'BJ', 'BEN', '1');
INSERT INTO `countries` VALUES ('24', 'Bermuda', 'BM', 'BMU', '1');
INSERT INTO `countries` VALUES ('25', 'Bhutan', 'BT', 'BTN', '1');
INSERT INTO `countries` VALUES ('26', 'Bolivia', 'BO', 'BOL', '1');
INSERT INTO `countries` VALUES ('27', 'Bosnia and Herzegowina', 'BA', 'BIH', '1');
INSERT INTO `countries` VALUES ('28', 'Botswana', 'BW', 'BWA', '1');
INSERT INTO `countries` VALUES ('29', 'Bouvet Island', 'BV', 'BVT', '1');
INSERT INTO `countries` VALUES ('30', 'Brazil', 'BR', 'BRA', '1');
INSERT INTO `countries` VALUES ('31', 'British Indian Ocean Territory', 'IO', 'IOT', '1');
INSERT INTO `countries` VALUES ('32', 'Brunei Darussalam', 'BN', 'BRN', '1');
INSERT INTO `countries` VALUES ('33', 'Bulgaria', 'BG', 'BGR', '1');
INSERT INTO `countries` VALUES ('34', 'Burkina Faso', 'BF', 'BFA', '1');
INSERT INTO `countries` VALUES ('35', 'Burundi', 'BI', 'BDI', '1');
INSERT INTO `countries` VALUES ('36', 'Cambodia', 'KH', 'KHM', '1');
INSERT INTO `countries` VALUES ('37', 'Cameroon', 'CM', 'CMR', '1');
INSERT INTO `countries` VALUES ('38', 'Canada', 'CA', 'CAN', '2');
INSERT INTO `countries` VALUES ('39', 'Cape Verde', 'CV', 'CPV', '1');
INSERT INTO `countries` VALUES ('40', 'Cayman Islands', 'KY', 'CYM', '1');
INSERT INTO `countries` VALUES ('41', 'Central African Republic', 'CF', 'CAF', '1');
INSERT INTO `countries` VALUES ('42', 'Chad', 'TD', 'TCD', '1');
INSERT INTO `countries` VALUES ('43', 'Chile', 'CL', 'CHL', '1');
INSERT INTO `countries` VALUES ('44', 'China', 'CN', 'CHN', '1');
INSERT INTO `countries` VALUES ('45', 'Christmas Island', 'CX', 'CXR', '1');
INSERT INTO `countries` VALUES ('46', 'Cocos (Keeling) Islands', 'CC', 'CCK', '1');
INSERT INTO `countries` VALUES ('47', 'Colombia', 'CO', 'COL', '1');
INSERT INTO `countries` VALUES ('48', 'Comoros', 'KM', 'COM', '1');
INSERT INTO `countries` VALUES ('49', 'Congo', 'CG', 'COG', '1');
INSERT INTO `countries` VALUES ('50', 'Cook Islands', 'CK', 'COK', '1');
INSERT INTO `countries` VALUES ('51', 'Costa Rica', 'CR', 'CRI', '1');
INSERT INTO `countries` VALUES ('52', 'Cote D\'Ivoire', 'CI', 'CIV', '1');
INSERT INTO `countries` VALUES ('53', 'Croatia', 'HR', 'HRV', '1');
INSERT INTO `countries` VALUES ('54', 'Cuba', 'CU', 'CUB', '1');
INSERT INTO `countries` VALUES ('55', 'Cyprus', 'CY', 'CYP', '1');
INSERT INTO `countries` VALUES ('56', 'Czech Republic', 'CZ', 'CZE', '1');
INSERT INTO `countries` VALUES ('57', 'Denmark', 'DK', 'DNK', '1');
INSERT INTO `countries` VALUES ('58', 'Djibouti', 'DJ', 'DJI', '1');
INSERT INTO `countries` VALUES ('59', 'Dominica', 'DM', 'DMA', '1');
INSERT INTO `countries` VALUES ('60', 'Dominican Republic', 'DO', 'DOM', '1');
INSERT INTO `countries` VALUES ('61', 'Timor-Leste', 'TL', 'TLS', '1');
INSERT INTO `countries` VALUES ('62', 'Ecuador', 'EC', 'ECU', '1');
INSERT INTO `countries` VALUES ('63', 'Egypt', 'EG', 'EGY', '1');
INSERT INTO `countries` VALUES ('64', 'El Salvador', 'SV', 'SLV', '1');
INSERT INTO `countries` VALUES ('65', 'Equatorial Guinea', 'GQ', 'GNQ', '1');
INSERT INTO `countries` VALUES ('66', 'Eritrea', 'ER', 'ERI', '1');
INSERT INTO `countries` VALUES ('67', 'Estonia', 'EE', 'EST', '1');
INSERT INTO `countries` VALUES ('68', 'Ethiopia', 'ET', 'ETH', '1');
INSERT INTO `countries` VALUES ('69', 'Falkland Islands (Malvinas)', 'FK', 'FLK', '1');
INSERT INTO `countries` VALUES ('70', 'Faroe Islands', 'FO', 'FRO', '1');
INSERT INTO `countries` VALUES ('71', 'Fiji', 'FJ', 'FJI', '1');
INSERT INTO `countries` VALUES ('72', 'Finland', 'FI', 'FIN', '1');
INSERT INTO `countries` VALUES ('73', 'France', 'FR', 'FRA', '1');
INSERT INTO `countries` VALUES ('75', 'French Guiana', 'GF', 'GUF', '1');
INSERT INTO `countries` VALUES ('76', 'French Polynesia', 'PF', 'PYF', '1');
INSERT INTO `countries` VALUES ('77', 'French Southern Territories', 'TF', 'ATF', '1');
INSERT INTO `countries` VALUES ('78', 'Gabon', 'GA', 'GAB', '1');
INSERT INTO `countries` VALUES ('79', 'Gambia', 'GM', 'GMB', '1');
INSERT INTO `countries` VALUES ('80', 'Georgia', 'GE', 'GEO', '1');
INSERT INTO `countries` VALUES ('81', 'Germany', 'DE', 'DEU', '5');
INSERT INTO `countries` VALUES ('82', 'Ghana', 'GH', 'GHA', '1');
INSERT INTO `countries` VALUES ('83', 'Gibraltar', 'GI', 'GIB', '1');
INSERT INTO `countries` VALUES ('84', 'Greece', 'GR', 'GRC', '1');
INSERT INTO `countries` VALUES ('85', 'Greenland', 'GL', 'GRL', '1');
INSERT INTO `countries` VALUES ('86', 'Grenada', 'GD', 'GRD', '1');
INSERT INTO `countries` VALUES ('87', 'Guadeloupe', 'GP', 'GLP', '1');
INSERT INTO `countries` VALUES ('88', 'Guam', 'GU', 'GUM', '1');
INSERT INTO `countries` VALUES ('89', 'Guatemala', 'GT', 'GTM', '1');
INSERT INTO `countries` VALUES ('90', 'Guinea', 'GN', 'GIN', '1');
INSERT INTO `countries` VALUES ('91', 'Guinea-bissau', 'GW', 'GNB', '1');
INSERT INTO `countries` VALUES ('92', 'Guyana', 'GY', 'GUY', '1');
INSERT INTO `countries` VALUES ('93', 'Haiti', 'HT', 'HTI', '1');
INSERT INTO `countries` VALUES ('94', 'Heard and Mc Donald Islands', 'HM', 'HMD', '1');
INSERT INTO `countries` VALUES ('95', 'Honduras', 'HN', 'HND', '1');
INSERT INTO `countries` VALUES ('96', 'Hong Kong', 'HK', 'HKG', '1');
INSERT INTO `countries` VALUES ('97', 'Hungary', 'HU', 'HUN', '1');
INSERT INTO `countries` VALUES ('98', 'Iceland', 'IS', 'ISL', '1');
INSERT INTO `countries` VALUES ('99', 'India', 'IN', 'IND', '1');
INSERT INTO `countries` VALUES ('100', 'Indonesia', 'ID', 'IDN', '1');
INSERT INTO `countries` VALUES ('101', 'Iran (Islamic Republic of)', 'IR', 'IRN', '1');
INSERT INTO `countries` VALUES ('102', 'Iraq', 'IQ', 'IRQ', '1');
INSERT INTO `countries` VALUES ('103', 'Ireland', 'IE', 'IRL', '1');
INSERT INTO `countries` VALUES ('104', 'Israel', 'IL', 'ISR', '1');
INSERT INTO `countries` VALUES ('105', 'Italy', 'IT', 'ITA', '1');
INSERT INTO `countries` VALUES ('106', 'Jamaica', 'JM', 'JAM', '1');
INSERT INTO `countries` VALUES ('107', 'Japan', 'JP', 'JPN', '1');
INSERT INTO `countries` VALUES ('108', 'Jordan', 'JO', 'JOR', '1');
INSERT INTO `countries` VALUES ('109', 'Kazakhstan', 'KZ', 'KAZ', '1');
INSERT INTO `countries` VALUES ('110', 'Kenya', 'KE', 'KEN', '1');
INSERT INTO `countries` VALUES ('111', 'Kiribati', 'KI', 'KIR', '1');
INSERT INTO `countries` VALUES ('112', 'Korea, Democratic People\'s Republic of', 'KP', 'PRK', '1');
INSERT INTO `countries` VALUES ('113', 'Korea, Republic of', 'KR', 'KOR', '1');
INSERT INTO `countries` VALUES ('114', 'Kuwait', 'KW', 'KWT', '1');
INSERT INTO `countries` VALUES ('115', 'Kyrgyzstan', 'KG', 'KGZ', '1');
INSERT INTO `countries` VALUES ('116', 'Lao People\'s Democratic Republic', 'LA', 'LAO', '1');
INSERT INTO `countries` VALUES ('117', 'Latvia', 'LV', 'LVA', '1');
INSERT INTO `countries` VALUES ('118', 'Lebanon', 'LB', 'LBN', '1');
INSERT INTO `countries` VALUES ('119', 'Lesotho', 'LS', 'LSO', '1');
INSERT INTO `countries` VALUES ('120', 'Liberia', 'LR', 'LBR', '1');
INSERT INTO `countries` VALUES ('121', 'Libyan Arab Jamahiriya', 'LY', 'LBY', '1');
INSERT INTO `countries` VALUES ('122', 'Liechtenstein', 'LI', 'LIE', '1');
INSERT INTO `countries` VALUES ('123', 'Lithuania', 'LT', 'LTU', '1');
INSERT INTO `countries` VALUES ('124', 'Luxembourg', 'LU', 'LUX', '1');
INSERT INTO `countries` VALUES ('125', 'Macao', 'MO', 'MAC', '1');
INSERT INTO `countries` VALUES ('126', 'Macedonia, The Former Yugoslav Republic of', 'MK', 'MKD', '1');
INSERT INTO `countries` VALUES ('127', 'Madagascar', 'MG', 'MDG', '1');
INSERT INTO `countries` VALUES ('128', 'Malawi', 'MW', 'MWI', '1');
INSERT INTO `countries` VALUES ('129', 'Malaysia', 'MY', 'MYS', '1');
INSERT INTO `countries` VALUES ('130', 'Maldives', 'MV', 'MDV', '1');
INSERT INTO `countries` VALUES ('131', 'Mali', 'ML', 'MLI', '1');
INSERT INTO `countries` VALUES ('132', 'Malta', 'MT', 'MLT', '1');
INSERT INTO `countries` VALUES ('133', 'Marshall Islands', 'MH', 'MHL', '1');
INSERT INTO `countries` VALUES ('134', 'Martinique', 'MQ', 'MTQ', '1');
INSERT INTO `countries` VALUES ('135', 'Mauritania', 'MR', 'MRT', '1');
INSERT INTO `countries` VALUES ('136', 'Mauritius', 'MU', 'MUS', '1');
INSERT INTO `countries` VALUES ('137', 'Mayotte', 'YT', 'MYT', '1');
INSERT INTO `countries` VALUES ('138', 'Mexico', 'MX', 'MEX', '1');
INSERT INTO `countries` VALUES ('139', 'Micronesia, Federated States of', 'FM', 'FSM', '1');
INSERT INTO `countries` VALUES ('140', 'Moldova', 'MD', 'MDA', '1');
INSERT INTO `countries` VALUES ('141', 'Monaco', 'MC', 'MCO', '1');
INSERT INTO `countries` VALUES ('142', 'Mongolia', 'MN', 'MNG', '1');
INSERT INTO `countries` VALUES ('143', 'Montserrat', 'MS', 'MSR', '1');
INSERT INTO `countries` VALUES ('144', 'Morocco', 'MA', 'MAR', '1');
INSERT INTO `countries` VALUES ('145', 'Mozambique', 'MZ', 'MOZ', '1');
INSERT INTO `countries` VALUES ('146', 'Myanmar', 'MM', 'MMR', '1');
INSERT INTO `countries` VALUES ('147', 'Namibia', 'NA', 'NAM', '1');
INSERT INTO `countries` VALUES ('148', 'Nauru', 'NR', 'NRU', '1');
INSERT INTO `countries` VALUES ('149', 'Nepal', 'NP', 'NPL', '1');
INSERT INTO `countries` VALUES ('150', 'Netherlands', 'NL', 'NLD', '1');
INSERT INTO `countries` VALUES ('151', 'Netherlands Antilles', 'AN', 'ANT', '1');
INSERT INTO `countries` VALUES ('152', 'New Caledonia', 'NC', 'NCL', '1');
INSERT INTO `countries` VALUES ('153', 'New Zealand', 'NZ', 'NZL', '1');
INSERT INTO `countries` VALUES ('154', 'Nicaragua', 'NI', 'NIC', '1');
INSERT INTO `countries` VALUES ('155', 'Niger', 'NE', 'NER', '1');
INSERT INTO `countries` VALUES ('156', 'Nigeria', 'NG', 'NGA', '1');
INSERT INTO `countries` VALUES ('157', 'Niue', 'NU', 'NIU', '1');
INSERT INTO `countries` VALUES ('158', 'Norfolk Island', 'NF', 'NFK', '1');
INSERT INTO `countries` VALUES ('159', 'Northern Mariana Islands', 'MP', 'MNP', '1');
INSERT INTO `countries` VALUES ('160', 'Norway', 'NO', 'NOR', '1');
INSERT INTO `countries` VALUES ('161', 'Oman', 'OM', 'OMN', '1');
INSERT INTO `countries` VALUES ('162', 'Pakistan', 'PK', 'PAK', '1');
INSERT INTO `countries` VALUES ('163', 'Palau', 'PW', 'PLW', '1');
INSERT INTO `countries` VALUES ('164', 'Panama', 'PA', 'PAN', '1');
INSERT INTO `countries` VALUES ('165', 'Papua New Guinea', 'PG', 'PNG', '1');
INSERT INTO `countries` VALUES ('166', 'Paraguay', 'PY', 'PRY', '1');
INSERT INTO `countries` VALUES ('167', 'Peru', 'PE', 'PER', '1');
INSERT INTO `countries` VALUES ('168', 'Philippines', 'PH', 'PHL', '1');
INSERT INTO `countries` VALUES ('169', 'Pitcairn', 'PN', 'PCN', '1');
INSERT INTO `countries` VALUES ('170', 'Poland', 'PL', 'POL', '1');
INSERT INTO `countries` VALUES ('171', 'Portugal', 'PT', 'PRT', '1');
INSERT INTO `countries` VALUES ('172', 'Puerto Rico', 'PR', 'PRI', '1');
INSERT INTO `countries` VALUES ('173', 'Qatar', 'QA', 'QAT', '1');
INSERT INTO `countries` VALUES ('174', 'Reunion', 'RE', 'REU', '1');
INSERT INTO `countries` VALUES ('175', 'Romania', 'RO', 'ROU', '1');
INSERT INTO `countries` VALUES ('176', 'Russian Federation', 'RU', 'RUS', '1');
INSERT INTO `countries` VALUES ('177', 'Rwanda', 'RW', 'RWA', '1');
INSERT INTO `countries` VALUES ('178', 'Saint Kitts and Nevis', 'KN', 'KNA', '1');
INSERT INTO `countries` VALUES ('179', 'Saint Lucia', 'LC', 'LCA', '1');
INSERT INTO `countries` VALUES ('180', 'Saint Vincent and the Grenadines', 'VC', 'VCT', '1');
INSERT INTO `countries` VALUES ('181', 'Samoa', 'WS', 'WSM', '1');
INSERT INTO `countries` VALUES ('182', 'San Marino', 'SM', 'SMR', '1');
INSERT INTO `countries` VALUES ('183', 'Sao Tome and Principe', 'ST', 'STP', '1');
INSERT INTO `countries` VALUES ('184', 'Saudi Arabia', 'SA', 'SAU', '1');
INSERT INTO `countries` VALUES ('185', 'Senegal', 'SN', 'SEN', '1');
INSERT INTO `countries` VALUES ('186', 'Seychelles', 'SC', 'SYC', '1');
INSERT INTO `countries` VALUES ('187', 'Sierra Leone', 'SL', 'SLE', '1');
INSERT INTO `countries` VALUES ('188', 'Singapore', 'SG', 'SGP', '4');
INSERT INTO `countries` VALUES ('189', 'Slovakia (Slovak Republic)', 'SK', 'SVK', '1');
INSERT INTO `countries` VALUES ('190', 'Slovenia', 'SI', 'SVN', '1');
INSERT INTO `countries` VALUES ('191', 'Solomon Islands', 'SB', 'SLB', '1');
INSERT INTO `countries` VALUES ('192', 'Somalia', 'SO', 'SOM', '1');
INSERT INTO `countries` VALUES ('193', 'South Africa', 'ZA', 'ZAF', '1');
INSERT INTO `countries` VALUES ('194', 'South Georgia and the South Sandwich Islands', 'GS', 'SGS', '1');
INSERT INTO `countries` VALUES ('195', 'Spain', 'ES', 'ESP', '3');
INSERT INTO `countries` VALUES ('196', 'Sri Lanka', 'LK', 'LKA', '1');
INSERT INTO `countries` VALUES ('197', 'St. Helena', 'SH', 'SHN', '1');
INSERT INTO `countries` VALUES ('198', 'St. Pierre and Miquelon', 'PM', 'SPM', '1');
INSERT INTO `countries` VALUES ('199', 'Sudan', 'SD', 'SDN', '1');
INSERT INTO `countries` VALUES ('200', 'Suriname', 'SR', 'SUR', '1');
INSERT INTO `countries` VALUES ('201', 'Svalbard and Jan Mayen Islands', 'SJ', 'SJM', '1');
INSERT INTO `countries` VALUES ('202', 'Swaziland', 'SZ', 'SWZ', '1');
INSERT INTO `countries` VALUES ('203', 'Sweden', 'SE', 'SWE', '1');
INSERT INTO `countries` VALUES ('204', 'Switzerland', 'CH', 'CHE', '1');
INSERT INTO `countries` VALUES ('205', 'Syrian Arab Republic', 'SY', 'SYR', '1');
INSERT INTO `countries` VALUES ('206', 'Taiwan', 'TW', 'TWN', '1');
INSERT INTO `countries` VALUES ('207', 'Tajikistan', 'TJ', 'TJK', '1');
INSERT INTO `countries` VALUES ('208', 'Tanzania, United Republic of', 'TZ', 'TZA', '1');
INSERT INTO `countries` VALUES ('209', 'Thailand', 'TH', 'THA', '1');
INSERT INTO `countries` VALUES ('210', 'Togo', 'TG', 'TGO', '1');
INSERT INTO `countries` VALUES ('211', 'Tokelau', 'TK', 'TKL', '1');
INSERT INTO `countries` VALUES ('212', 'Tonga', 'TO', 'TON', '1');
INSERT INTO `countries` VALUES ('213', 'Trinidad and Tobago', 'TT', 'TTO', '1');
INSERT INTO `countries` VALUES ('214', 'Tunisia', 'TN', 'TUN', '1');
INSERT INTO `countries` VALUES ('215', 'Turkey', 'TR', 'TUR', '1');
INSERT INTO `countries` VALUES ('216', 'Turkmenistan', 'TM', 'TKM', '1');
INSERT INTO `countries` VALUES ('217', 'Turks and Caicos Islands', 'TC', 'TCA', '1');
INSERT INTO `countries` VALUES ('218', 'Tuvalu', 'TV', 'TUV', '1');
INSERT INTO `countries` VALUES ('219', 'Uganda', 'UG', 'UGA', '1');
INSERT INTO `countries` VALUES ('220', 'Ukraine', 'UA', 'UKR', '1');
INSERT INTO `countries` VALUES ('221', 'United Arab Emirates', 'AE', 'ARE', '1');
INSERT INTO `countries` VALUES ('222', 'United Kingdom', 'GB', 'GBR', '6');
INSERT INTO `countries` VALUES ('223', 'United States', 'US', 'USA', '2');
INSERT INTO `countries` VALUES ('224', 'United States Minor Outlying Islands', 'UM', 'UMI', '1');
INSERT INTO `countries` VALUES ('225', 'Uruguay', 'UY', 'URY', '1');
INSERT INTO `countries` VALUES ('226', 'Uzbekistan', 'UZ', 'UZB', '1');
INSERT INTO `countries` VALUES ('227', 'Vanuatu', 'VU', 'VUT', '1');
INSERT INTO `countries` VALUES ('228', 'Vatican City State (Holy See)', 'VA', 'VAT', '1');
INSERT INTO `countries` VALUES ('229', 'Venezuela', 'VE', 'VEN', '1');
INSERT INTO `countries` VALUES ('230', 'Viet Nam', 'VN', 'VNM', '1');
INSERT INTO `countries` VALUES ('231', 'Virgin Islands (British)', 'VG', 'VGB', '1');
INSERT INTO `countries` VALUES ('232', 'Virgin Islands (U.S.)', 'VI', 'VIR', '1');
INSERT INTO `countries` VALUES ('233', 'Wallis and Futuna Islands', 'WF', 'WLF', '1');
INSERT INTO `countries` VALUES ('234', 'Western Sahara', 'EH', 'ESH', '1');
INSERT INTO `countries` VALUES ('235', 'Yemen', 'YE', 'YEM', '1');
INSERT INTO `countries` VALUES ('236', 'Serbia', 'RS', 'SRB', '1');
INSERT INTO `countries` VALUES ('238', 'Zambia', 'ZM', 'ZMB', '1');
INSERT INTO `countries` VALUES ('239', 'Zimbabwe', 'ZW', 'ZWE', '1');
INSERT INTO `countries` VALUES ('241', 'Palestinian Territory', 'PS', 'PSE', '1');
INSERT INTO `countries` VALUES ('242', 'Montenegro', 'ME', 'MNE', '1');
INSERT INTO `countries` VALUES ('243', 'Guernsey', 'GG', 'GGY', '1');
INSERT INTO `countries` VALUES ('244', 'Isle of Man', 'IM', 'IMN', '1');
INSERT INTO `countries` VALUES ('245', 'Jersey', 'JE', 'JEY', '1');

-- ----------------------------
-- Table structure for `coupons`
-- ----------------------------
DROP TABLE IF EXISTS `coupons`;
CREATE TABLE `coupons` (
  `coupon_id` int(11) NOT NULL AUTO_INCREMENT,
  `coupon_type` char(1) NOT NULL DEFAULT 'F',
  `coupon_code` varchar(32) NOT NULL DEFAULT '',
  `coupon_amount` decimal(15,4) NOT NULL DEFAULT '0.0000',
  `coupon_minimum_order` decimal(15,4) NOT NULL DEFAULT '0.0000',
  `coupon_start_date` datetime NOT NULL DEFAULT '0001-01-01 00:00:00',
  `coupon_expire_date` datetime NOT NULL DEFAULT '0001-01-01 00:00:00',
  `uses_per_coupon` int(5) NOT NULL DEFAULT '1',
  `uses_per_user` int(5) NOT NULL DEFAULT '0',
  `restrict_to_products` varchar(255) DEFAULT NULL,
  `restrict_to_categories` varchar(255) DEFAULT NULL,
  `restrict_to_customers` text,
  `coupon_active` char(1) NOT NULL DEFAULT 'Y',
  `date_created` datetime NOT NULL DEFAULT '0001-01-01 00:00:00',
  `date_modified` datetime NOT NULL DEFAULT '0001-01-01 00:00:00',
  `coupon_zone_restriction` int(11) NOT NULL DEFAULT '0',
  PRIMARY KEY (`coupon_id`),
  KEY `idx_active_type_zen` (`coupon_active`,`coupon_type`),
  KEY `idx_coupon_code_zen` (`coupon_code`),
  KEY `idx_coupon_type_zen` (`coupon_type`)
) ENGINE=MyISAM DEFAULT CHARSET=utf8;

-- ----------------------------
-- Records of coupons
-- ----------------------------

-- ----------------------------
-- Table structure for `coupons_description`
-- ----------------------------
DROP TABLE IF EXISTS `coupons_description`;
CREATE TABLE `coupons_description` (
  `coupon_id` int(11) NOT NULL DEFAULT '0',
  `language_id` int(11) NOT NULL DEFAULT '0',
  `coupon_name` varchar(32) NOT NULL DEFAULT '',
  `coupon_description` text,
  PRIMARY KEY (`coupon_id`,`language_id`)
) ENGINE=MyISAM DEFAULT CHARSET=utf8;

-- ----------------------------
-- Records of coupons_description
-- ----------------------------

-- ----------------------------
-- Table structure for `coupon_email_track`
-- ----------------------------
DROP TABLE IF EXISTS `coupon_email_track`;
CREATE TABLE `coupon_email_track` (
  `unique_id` int(11) NOT NULL AUTO_INCREMENT,
  `coupon_id` int(11) NOT NULL DEFAULT '0',
  `customer_id_sent` int(11) NOT NULL DEFAULT '0',
  `sent_firstname` varchar(32) DEFAULT NULL,
  `sent_lastname` varchar(32) DEFAULT NULL,
  `emailed_to` varchar(32) DEFAULT NULL,
  `date_sent` datetime NOT NULL DEFAULT '0001-01-01 00:00:00',
  PRIMARY KEY (`unique_id`),
  KEY `idx_coupon_id_zen` (`coupon_id`)
) ENGINE=MyISAM DEFAULT CHARSET=utf8;

-- ----------------------------
-- Records of coupon_email_track
-- ----------------------------

-- ----------------------------
-- Table structure for `coupon_gv_customer`
-- ----------------------------
DROP TABLE IF EXISTS `coupon_gv_customer`;
CREATE TABLE `coupon_gv_customer` (
  `customer_id` int(5) NOT NULL DEFAULT '0',
  `amount` decimal(15,4) NOT NULL DEFAULT '0.0000',
  PRIMARY KEY (`customer_id`)
) ENGINE=MyISAM DEFAULT CHARSET=utf8;

-- ----------------------------
-- Records of coupon_gv_customer
-- ----------------------------

-- ----------------------------
-- Table structure for `coupon_gv_queue`
-- ----------------------------
DROP TABLE IF EXISTS `coupon_gv_queue`;
CREATE TABLE `coupon_gv_queue` (
  `unique_id` int(5) NOT NULL AUTO_INCREMENT,
  `customer_id` int(5) NOT NULL DEFAULT '0',
  `order_id` int(5) NOT NULL DEFAULT '0',
  `amount` decimal(15,4) NOT NULL DEFAULT '0.0000',
  `date_created` datetime NOT NULL DEFAULT '0001-01-01 00:00:00',
  `ipaddr` varchar(45) NOT NULL DEFAULT '',
  `release_flag` char(1) NOT NULL DEFAULT 'N',
  PRIMARY KEY (`unique_id`),
  KEY `idx_cust_id_order_id_zen` (`customer_id`,`order_id`),
  KEY `idx_release_flag_zen` (`release_flag`)
) ENGINE=MyISAM DEFAULT CHARSET=utf8;

-- ----------------------------
-- Records of coupon_gv_queue
-- ----------------------------

-- ----------------------------
-- Table structure for `coupon_redeem_track`
-- ----------------------------
DROP TABLE IF EXISTS `coupon_redeem_track`;
CREATE TABLE `coupon_redeem_track` (
  `unique_id` int(11) NOT NULL AUTO_INCREMENT,
  `coupon_id` int(11) NOT NULL DEFAULT '0',
  `customer_id` int(11) NOT NULL DEFAULT '0',
  `redeem_date` datetime NOT NULL DEFAULT '0001-01-01 00:00:00',
  `redeem_ip` varchar(45) NOT NULL DEFAULT '',
  `order_id` int(11) NOT NULL DEFAULT '0',
  PRIMARY KEY (`unique_id`),
  KEY `idx_coupon_id_zen` (`coupon_id`)
) ENGINE=MyISAM DEFAULT CHARSET=utf8;

-- ----------------------------
-- Records of coupon_redeem_track
-- ----------------------------

-- ----------------------------
-- Table structure for `coupon_restrict`
-- ----------------------------
DROP TABLE IF EXISTS `coupon_restrict`;
CREATE TABLE `coupon_restrict` (
  `restrict_id` int(11) NOT NULL AUTO_INCREMENT,
  `coupon_id` int(11) NOT NULL DEFAULT '0',
  `product_id` int(11) NOT NULL DEFAULT '0',
  `category_id` int(11) NOT NULL DEFAULT '0',
  `coupon_restrict` char(1) NOT NULL DEFAULT 'N',
  PRIMARY KEY (`restrict_id`),
  KEY `idx_coup_id_prod_id_zen` (`coupon_id`,`product_id`)
) ENGINE=MyISAM DEFAULT CHARSET=utf8;

-- ----------------------------
-- Records of coupon_restrict
-- ----------------------------

-- ----------------------------
-- Table structure for `currencies`
-- ----------------------------
DROP TABLE IF EXISTS `currencies`;
CREATE TABLE `currencies` (
  `currencies_id` int(11) NOT NULL AUTO_INCREMENT,
  `title` varchar(32) NOT NULL DEFAULT '',
  `code` char(3) NOT NULL DEFAULT '',
  `symbol_left` varchar(24) DEFAULT NULL,
  `symbol_right` varchar(24) DEFAULT NULL,
  `decimal_point` char(1) DEFAULT NULL,
  `thousands_point` char(1) DEFAULT NULL,
  `decimal_places` char(1) DEFAULT NULL,
  `value` float(13,8) DEFAULT NULL,
  `last_updated` datetime DEFAULT NULL,
  PRIMARY KEY (`currencies_id`)
) ENGINE=MyISAM AUTO_INCREMENT=6 DEFAULT CHARSET=utf8;

-- ----------------------------
-- Records of currencies
-- ----------------------------
INSERT INTO `currencies` VALUES ('1', 'US Dollar', 'USD', '$', '', '.', ',', '2', '1.00000000', '2014-06-18 23:20:53');
INSERT INTO `currencies` VALUES ('2', 'Euro', 'EUR', '&euro;', '', '.', ',', '2', '0.77300000', '2014-06-18 23:20:53');
INSERT INTO `currencies` VALUES ('3', 'GB Pound', 'GBP', '&pound;', '', '.', ',', '2', '0.67259997', '2014-06-18 23:20:53');
INSERT INTO `currencies` VALUES ('4', 'Canadian Dollar', 'CAD', '$', '', '.', ',', '2', '1.10420001', '2014-06-18 23:20:53');
INSERT INTO `currencies` VALUES ('5', 'Australian Dollar', 'AUD', '$', '', '.', ',', '2', '1.17890000', '2014-06-18 23:20:53');

-- ----------------------------
-- Table structure for `customers`
-- ----------------------------
DROP TABLE IF EXISTS `customers`;
CREATE TABLE `customers` (
  `customers_id` int(11) NOT NULL AUTO_INCREMENT,
  `customers_gender` char(1) NOT NULL DEFAULT '',
  `customers_firstname` varchar(32) NOT NULL DEFAULT '',
  `customers_lastname` varchar(32) NOT NULL DEFAULT '',
  `customers_dob` datetime NOT NULL DEFAULT '0001-01-01 00:00:00',
  `customers_email_address` varchar(96) NOT NULL DEFAULT '',
  `customers_nick` varchar(96) NOT NULL DEFAULT '',
  `customers_default_address_id` int(11) NOT NULL DEFAULT '0',
  `customers_telephone` varchar(32) NOT NULL DEFAULT '',
  `customers_fax` varchar(32) DEFAULT NULL,
  `customers_password` varchar(40) NOT NULL DEFAULT '',
  `customers_newsletter` char(1) DEFAULT NULL,
  `customers_group_pricing` int(11) NOT NULL DEFAULT '0',
  `customers_email_format` varchar(4) NOT NULL DEFAULT 'TEXT',
  `customers_authorization` int(1) NOT NULL DEFAULT '0',
  `customers_referral` varchar(32) NOT NULL DEFAULT '',
  `customers_paypal_payerid` varchar(20) NOT NULL DEFAULT '',
  `customers_paypal_ec` tinyint(1) unsigned NOT NULL DEFAULT '0',
  PRIMARY KEY (`customers_id`),
  KEY `idx_email_address_zen` (`customers_email_address`),
  KEY `idx_referral_zen` (`customers_referral`(10)),
  KEY `idx_grp_pricing_zen` (`customers_group_pricing`),
  KEY `idx_nick_zen` (`customers_nick`),
  KEY `idx_newsletter_zen` (`customers_newsletter`)
) ENGINE=MyISAM AUTO_INCREMENT=4 DEFAULT CHARSET=utf8;

-- ----------------------------
-- Records of customers
-- ----------------------------
INSERT INTO `customers` VALUES ('1', 'm', 'Bill', 'Smith', '2001-01-01 00:00:00', 'root@localhost.com', '', '1', '12345', '', 'd95e8fa7f20a009372eb3477473fcd34:1c', '0', '0', 'TEXT', '0', '', '', '0');
INSERT INTO `customers` VALUES ('2', 'm', 'Gallagher', 'Lip', '1970-05-21 00:00:00', 'admin@qq.com', '', '2', '15950584863', '', '330bc6feb14ea8654b0e070732f1ba1d:eb', '0', '0', 'TEXT', '0', '', '', '0');
INSERT INTO `customers` VALUES ('3', '', 'Test', 'lip', '0001-01-01 00:00:00', 'cocobiz@qq.com', '', '0', '', null, '5849983f1424481e2c47277cb421e28f:89', '1', '0', 'TEXT', '0', '', '', '0');

-- ----------------------------
-- Table structure for `customers_basket`
-- ----------------------------
DROP TABLE IF EXISTS `customers_basket`;
CREATE TABLE `customers_basket` (
  `customers_basket_id` int(11) NOT NULL AUTO_INCREMENT,
  `customers_id` int(11) NOT NULL DEFAULT '0',
  `products_id` tinytext NOT NULL,
  `customers_basket_quantity` float NOT NULL DEFAULT '0',
  `final_price` decimal(15,4) NOT NULL DEFAULT '0.0000',
  `customers_basket_date_added` varchar(8) DEFAULT NULL,
  PRIMARY KEY (`customers_basket_id`),
  KEY `idx_customers_id_zen` (`customers_id`)
) ENGINE=MyISAM AUTO_INCREMENT=6 DEFAULT CHARSET=utf8;

-- ----------------------------
-- Records of customers_basket
-- ----------------------------
INSERT INTO `customers_basket` VALUES ('2', '2', '180', '1', '0.0000', '20150101');
INSERT INTO `customers_basket` VALUES ('3', '3', '180', '1', '0.0000', '20150102');
INSERT INTO `customers_basket` VALUES ('4', '3', '181', '1', '0.0000', '20150102');
INSERT INTO `customers_basket` VALUES ('5', '3', '182', '1', '0.0000', '20150102');

-- ----------------------------
-- Table structure for `customers_basket_attributes`
-- ----------------------------
DROP TABLE IF EXISTS `customers_basket_attributes`;
CREATE TABLE `customers_basket_attributes` (
  `customers_basket_attributes_id` int(11) NOT NULL AUTO_INCREMENT,
  `customers_id` int(11) NOT NULL DEFAULT '0',
  `products_id` tinytext NOT NULL,
  `products_options_id` varchar(64) NOT NULL DEFAULT '0',
  `products_options_value_id` int(11) NOT NULL DEFAULT '0',
  `products_options_value_text` blob,
  `products_options_sort_order` text NOT NULL,
  PRIMARY KEY (`customers_basket_attributes_id`),
  KEY `idx_cust_id_prod_id_zen` (`customers_id`,`products_id`(36))
) ENGINE=MyISAM DEFAULT CHARSET=utf8;

-- ----------------------------
-- Records of customers_basket_attributes
-- ----------------------------

-- ----------------------------
-- Table structure for `customers_info`
-- ----------------------------
DROP TABLE IF EXISTS `customers_info`;
CREATE TABLE `customers_info` (
  `customers_info_id` int(11) NOT NULL DEFAULT '0',
  `customers_info_date_of_last_logon` datetime DEFAULT NULL,
  `customers_info_number_of_logons` int(5) DEFAULT NULL,
  `customers_info_date_account_created` datetime DEFAULT NULL,
  `customers_info_date_account_last_modified` datetime DEFAULT NULL,
  `global_product_notifications` int(1) DEFAULT '0',
  PRIMARY KEY (`customers_info_id`)
) ENGINE=MyISAM DEFAULT CHARSET=utf8;

-- ----------------------------
-- Records of customers_info
-- ----------------------------
INSERT INTO `customers_info` VALUES ('1', '0001-01-01 00:00:00', '0', '2004-01-21 01:35:28', '0001-01-01 00:00:00', '0');
INSERT INTO `customers_info` VALUES ('2', '2015-01-01 00:44:19', '3', '2014-12-27 04:04:05', null, '0');
INSERT INTO `customers_info` VALUES ('3', '2015-02-08 16:27:05', '13', '2015-01-01 16:07:45', null, '0');

-- ----------------------------
-- Table structure for `db_cache`
-- ----------------------------
DROP TABLE IF EXISTS `db_cache`;
CREATE TABLE `db_cache` (
  `cache_entry_name` varchar(64) NOT NULL DEFAULT '',
  `cache_data` mediumblob,
  `cache_entry_created` int(15) DEFAULT NULL,
  PRIMARY KEY (`cache_entry_name`)
) ENGINE=MyISAM DEFAULT CHARSET=utf8;

-- ----------------------------
-- Records of db_cache
-- ----------------------------

-- ----------------------------
-- Table structure for `email_archive`
-- ----------------------------
DROP TABLE IF EXISTS `email_archive`;
CREATE TABLE `email_archive` (
  `archive_id` int(11) NOT NULL AUTO_INCREMENT,
  `email_to_name` varchar(96) NOT NULL DEFAULT '',
  `email_to_address` varchar(96) NOT NULL DEFAULT '',
  `email_from_name` varchar(96) NOT NULL DEFAULT '',
  `email_from_address` varchar(96) NOT NULL DEFAULT '',
  `email_subject` varchar(255) NOT NULL DEFAULT '',
  `email_html` text NOT NULL,
  `email_text` text NOT NULL,
  `date_sent` datetime NOT NULL DEFAULT '0001-01-01 00:00:00',
  `module` varchar(64) NOT NULL DEFAULT '',
  PRIMARY KEY (`archive_id`),
  KEY `idx_email_to_address_zen` (`email_to_address`),
  KEY `idx_module_zen` (`module`)
) ENGINE=MyISAM DEFAULT CHARSET=utf8;

-- ----------------------------
-- Records of email_archive
-- ----------------------------

-- ----------------------------
-- Table structure for `ezpages`
-- ----------------------------
DROP TABLE IF EXISTS `ezpages`;
CREATE TABLE `ezpages` (
  `pages_id` int(11) NOT NULL AUTO_INCREMENT,
  `languages_id` int(11) NOT NULL DEFAULT '1',
  `pages_title` varchar(64) NOT NULL DEFAULT '',
  `alt_url` varchar(255) NOT NULL DEFAULT '',
  `alt_url_external` varchar(255) NOT NULL DEFAULT '',
  `pages_html_text` mediumtext,
  `status_header` int(1) NOT NULL DEFAULT '1',
  `status_sidebox` int(1) NOT NULL DEFAULT '1',
  `status_footer` int(1) NOT NULL DEFAULT '1',
  `status_toc` int(1) NOT NULL DEFAULT '1',
  `header_sort_order` int(3) NOT NULL DEFAULT '0',
  `sidebox_sort_order` int(3) NOT NULL DEFAULT '0',
  `footer_sort_order` int(3) NOT NULL DEFAULT '0',
  `toc_sort_order` int(3) NOT NULL DEFAULT '0',
  `page_open_new_window` int(1) NOT NULL DEFAULT '0',
  `page_is_ssl` int(1) NOT NULL DEFAULT '0',
  `toc_chapter` int(11) NOT NULL DEFAULT '0',
  PRIMARY KEY (`pages_id`),
  KEY `idx_lang_id_zen` (`languages_id`),
  KEY `idx_ezp_status_header_zen` (`status_header`),
  KEY `idx_ezp_status_sidebox_zen` (`status_sidebox`),
  KEY `idx_ezp_status_footer_zen` (`status_footer`),
  KEY `idx_ezp_status_toc_zen` (`status_toc`)
) ENGINE=MyISAM AUTO_INCREMENT=17 DEFAULT CHARSET=utf8;

-- ----------------------------
-- Records of ezpages
-- ----------------------------
INSERT INTO `ezpages` VALUES ('1', '1', 'EZPages', '', '', 'This is the main page listed under the Link EZPages in the Header<br /><br />\r\n\r\n<strong>See: What is EZPages? Link for detailed use of EZPages</strong><br /><br />\r\n\r\nThis Link could show in the Header, Footer or Sidebox or a combination of all three locations.<br /><br />\r\n\r\nThe Chapter and TOC settings are for using this Page in combination with other Pages.<br /><br />\r\n\r\nThe other Pages can be shown either *only* with this Link in the Chapter and TOC or as their own Link in the Header, Footer or Sidebox, depending on how you would like them to appear on your site.<br /><br />\r\n\r\nThere is no true \"Master\" Link, other than the Links you actually have configured to display. But any Link in a Chapter can be displayed in any of the 3 locations for the Header, Footer or Sidebox or not at all, where it only appears together with the other Links in the Chapter.', '1', '0', '0', '1', '10', '0', '0', '10', '0', '0', '10');
INSERT INTO `ezpages` VALUES ('2', '1', 'A New Page', '', '', 'This is another page that is linked to the Chapter 10 via the Chapter number used and is sorted based on the TOC Order.<br /><br />\r\n\r\nThere is not a link to this page via the Header, Footer nor the Sidebox.<br /><br />\r\n\r\nThis page is only seen if the \"main\" link is selected and then it will show in the TOC listing.<br /><br />\r\n\r\nThis is a handy way to have numerous links that are related but only show one main link to get to them all.<br /><br />', '0', '0', '0', '1', '0', '0', '0', '30', '0', '0', '10');
INSERT INTO `ezpages` VALUES ('3', '1', 'Another New Page', '', '', 'This is yet another new page or link that is part of Chapter 10<br /><br />\r\n\r\nThe numbering of the Chapters can be done in any manner. But, by number in increments such as 10, 20, 30, etc. you can later insert pages, or links, as needed within the existing pages.<br /><br />\r\n\r\nThere is no limit to the number of pages, or links, that can be grouped together using the Chapter.<br /><br />\r\n\r\nThe display of the Previous/Next and TOC listing is a setting that can be turned on or off.', '0', '0', '0', '1', '0', '0', '0', '40', '0', '0', '10');
INSERT INTO `ezpages` VALUES ('4', '1', 'My Link', '', '', 'This is a single page link that will be shown in the Sidebox.<br /><br />\r\n\r\nThere are no additional pages or links associated with this page as there is no Chapter.<br /><br />\r\n\r\nLater, if you want to expand on this link you can add a Chapter and TOC settings and build a group.<br /><br />\r\n\r\nNotice that the Previous/Next and TOC automatically disable when there isn\'t a Chapter. Even with a Chapter, there must be more than one (1) related link or page in the group before these will display.', '0', '1', '0', '0', '0', '10', '0', '0', '0', '0', '0');
INSERT INTO `ezpages` VALUES ('5', '1', 'Anything', '', '', 'The title or link names can be anything that you would like to use.<br /><br />\r\n\r\nYou decide on the content and the link name relative to that content.<br /><br />\r\n\r\nThen, define where you want the link to show: Header, Footer or Sidebox or as a combination of these three locations.<br /><br />\r\n\r\nThe content of the page can be anything you like. Be sure that your content is valid in regard to table and stylesheet rules.<br /><br />\r\n\r\nYou can even set up the links to go to Secure or Non-Secure pages as well as open in the same or a new window.<br /><br />\r\n\r\nLinks can also be setup to use internal or external links vs the HTML Content. See: examples below in the Link URL settings.', '0', '1', '0', '0', '0', '20', '0', '0', '0', '0', '0');
INSERT INTO `ezpages` VALUES ('6', '1', 'Shared', '', '', 'This link is a \"shared\" link between the Header, Footer and Sidebox.<br /><br />\r\n\r\nThe number on the order was set to 50 on all of the settings just for the sake of an easier notation on entering it.<br /><br />\r\n\r\nThe order can be the same or different for the three locations.<br /><br />\r\n\r\nIf you wanted to really get creative, you could also have this as part of a Chapter not related to the link order.<br /><br />', '1', '1', '1', '0', '50', '50', '50', '0', '0', '0', '0');
INSERT INTO `ezpages` VALUES ('7', '1', 'My Account', 'index.php?main_page=account', '', '', '0', '0', '1', '0', '0', '0', '10', '0', '0', '1', '0');
INSERT INTO `ezpages` VALUES ('8', '1', 'Site Map', 'index.php?main_page=site_map', '', '', '0', '1', '1', '0', '0', '40', '20', '0', '0', '0', '0');
INSERT INTO `ezpages` VALUES ('9', '1', 'Privacy Notice', 'index.php?main_page=privacy', '', '', '1', '0', '1', '0', '30', '0', '40', '0', '0', '0', '0');
INSERT INTO `ezpages` VALUES ('10', '1', 'Zen Cart', '', 'http://www.zen-cart.com', '', '1', '0', '0', '0', '60', '0', '0', '0', '1', '0', '0');
INSERT INTO `ezpages` VALUES ('11', '1', 'Gift Certificates', 'index.php?main_page=index&cPath=21', '', '', '0', '1', '0', '0', '0', '60', '0', '0', '0', '0', '0');
INSERT INTO `ezpages` VALUES ('12', '1', 'Action DVDs', 'index.php?main_page=index&cPath=3_10', '', '', '0', '0', '1', '0', '0', '0', '60', '0', '0', '0', '0');
INSERT INTO `ezpages` VALUES ('13', '1', 'Google', '', 'http://www.google.com', '', '0', '1', '0', '0', '0', '70', '0', '0', '1', '0', '0');
INSERT INTO `ezpages` VALUES ('14', '1', 'What is EZ-Pages?', '', '', '<table cellspacing=\"4\" cellpadding=\"4\" border=\"3\" align=\"center\" style=\"width: 80%;\"><tbody><tr><td><span style=\"font-style: italic;\">\r\n<span style=\"font-weight: bold;\">Note: This EZ-Page has been written with the help of the HTMLarea Editor.<br /> <br />This means that this EZ-page will not validate correctly based on how HTMLarea or other editors renders the code.</span></span></td></tr></tbody></table><br /><br /><span style=\"font-weight: bold; color: rgb(255, 0, 0);\">Summary</span><br /><br /><span style=\"font-weight: bold;\">EZ-Pages</span> is a fast, easy way of creating links and additional pages.<br /><br />The additional Pages can be for:<br /><ul><li>New Pages</li><li>Internal Links</li><li>External Links</li><li>Secure or Non-Secure pages</li><li>Same or New Window</li></ul>In Addition, there is the ability to create &quot;related&quot; links in the format of a Chapter (group) and its TOC (related pages/links).<br /><br /><span style=\"font-weight: bold; color: rgb(255, 0, 0);\">Link Naming</span><br /><br />Links are named by the Page Title. All Links need a Page Title in order to function.<br /><br />If you forget to add a Page Title, then you will not be able to add the Link.<br /><br />If you do not assign an Order for the Header, Sidebox or Footer, then the Link will not display even if you have a Page Title.<br /><br /><span style=\"font-weight: bold;\"><span style=\"color: rgb(255, 0, 0);\">Link Placement</span><br /><br /></span>While you have the option of adding Additional Links to the Header, Footer and Sidebox with EZ-Pages, you are not limited to these three Link locations. Links can be in one or more locations simply by enabling the Order for the Location(s) where the Link should appear..<br /><br />The Link Location Status for the Header, Footer and Sidebox is controlled simply by setting these to Yes or No for each setting. Then, set the Order in which the Link should appear for each location.<br /><br />This means that if you were to set Header to Yes 30 and Sidebox to Yes 50 then the link would appear in both the Header and Sidebox in the Order of your Links.<br /><br />The Order numbering method is up to you. Numbering using 10, 20, 30, etc. will allow you to sort the Links and add additional Links later.<br /><br />Note: a 0 value for the Order will disable the Link from displaying.<br /><br /><span style=\"font-weight: bold;\"><span style=\"color: rgb(255, 0, 0);\">Open in New Window and Secure Pages</span><br /></span><br />With EZ-Pages, each Link can take you to the same, main window for your shop; or, you can have the Link open a brand new New Window. In addition, there is an option for making the Link open as a Secure Page or a Non-Secure Page.<br /><br /><span style=\"font-weight: bold; color: rgb(255, 0, 0);\">Chapter and TOC</span><br style=\"font-weight: bold; color: rgb(255, 0, 0);\" /><br />The Chapter and TOC, or Table of Contents, are a unique method of building Multiple Links that interact together.<br /><br />While these Links still follow the rules of the Header, Footer and Sidebox placement, the difference is that only one of the Links, the Main Link, needs to be displayed anywhere on the site.<br /><br />If you had, for example, 5 related Links, you could add the first Link as the Main Link by setting its location to the Header, Footer or Sidebox and set its Order, as usual.<br /><br />Next, you need to assign a Chapter or Group number to the Link. This Chapter holds the related Links together.<br /><br />Then, set the TOC or Table of Contents setting. This is a secondary Sort Order for within the Chapter.<br /><br />Again, you can display any of the Links within a Chapter, as well as making any of these Links the Main Link. Whether the Links all show, or just one or more of the Links show, the Chapter is the key to grouping these Links together in the TOC or Previous/Next. <br /><br /><span style=\"font-weight: bold; font-style: italic;\">NOTE: While all Links within a Chapter will display together, you can have the different Links display in the Header, Footer or Sidebox on their own. Or, you can have the additional Links only display when the Main Link or one of the Additional Links within the Chapter has been opened.</span><br style=\"font-weight: bold; font-style: italic;\" /><br />The versitility of EZ-Pages will make adding new Links and Pages extreamly easy for the beginner as well as the advance user.<br /><br />While this page was made in HTMLarea editor, any HTML editor could be used.<br /><br />However, be careful ... HTML editors will often add the opening and closing tags for the &lt;html&gt;, &lt;head&gt; and &lt;body&gt; to the file you are working on.<br /><br />These are already added to the pages via EZ-Pages.<br /><br /><span style=\"color: rgb(255, 0, 0); font-weight: bold;\">External Link URL</span><br /><br />External Link URLs are links to outside pages not within your shop. These can be to any valid URL such as:<br /><br />http://www.sashbox.net<br /><br />You need to include the full URL path to any External Link URL. You may also mark these to open in a New Window or the Same Window.<br /><br /><span style=\"color: rgb(255, 0, 0); font-weight: bold;\">Internal Link URL</span><br /><br />Internal Link URLs are links to internal pages within your shop. These can be to any valid URL, but should be written as relative links such as:<br /><br />index.php?main_page=index&amp;cPath=21<br /><br />The above Link would take you to the Category for categories_id 21<br /><br />While these links can be the Full URL to an Internal Link, it is best to write as a Relative Link so that if you change domains, are work on a temporary domain or an IP Address, the Link will remain valid if moved to another domain, IP Address, etc.<br /><br />Internal Links can also open in a New Window or the Same Window or be for Secure or Non-Secure Pages.<br /><br /><span style=\"font-weight: bold; color: rgb(255, 0, 0);\">EZ-Pages Additional Pages vs Internal Links vs External Links</span><br /><br />The Type of Link that you create is based on an order of precidence, where HTML Content will superceed both the Internal Link and the External Link values.<br /><br />The External Link URL will superceed the Internal Link URL.<br /><br />If you try to set a combination of HTML Content, Internal Link and/or External Link, the Link will be flagged in the listing with a read icon to alert you to your mistake.<br /><br /><span style=\"font-weight: bold; color: rgb(255, 0, 0);\">WARNING ...</span><br /><br />When using Editors such as HTMLarea, if you hit enter in the HTML Content area <br /> will be added. These will be detected as &quot;content&quot; and will override any Internal Link URL or External Link URL.<br /><br /><span style=\"font-weight: bold; color: rgb(255, 0, 0);\">Admin Only Display</span><br /><br />Sometimes, when working on EZ-Pages, you will want to be able to work on a Live Site and see the results of your work, but not allow the Customers to see this until you are done.<br /><br />There are 3 settings in the Configuration ... EZ-Pages Settings for the Header, Footer and Sidebox  Status:<br /><ul><li>OFF</li><li>ON</li><li>Admin Only</li></ul>The Admin Only setting is controlled by the IP Address(es) set in the Website Maintenance.<br /><br />This can be very handy when needing to work on a Live Site but not wanting customers to see the work in progress.<br /><br />', '0', '0', '0', '1', '0', '0', '0', '20', '0', '0', '10');
INSERT INTO `ezpages` VALUES ('15', '1', 'Shippinginfo', '', '', '', '0', '1', '0', '0', '0', '70', '0', '0', '1', '0', '0');
INSERT INTO `ezpages` VALUES ('16', '1', 'Policy', '', '', '<table cellspacing=\"4\" cellpadding=\"4\" border=\"3\" align=\"center\" style=\"width: 80%;\"><tbody><tr><td><span style=\"font-style: italic;\">\r\n<span style=\"font-weight: bold;\">Note: This EZ-Page has been written with the help of the HTMLarea Editor.<br /> <br />This means that this EZ-page will not validate correctly based on how HTMLarea or other editors renders the code.</span></span></td></tr></tbody></table><br /><br /><span style=\"font-weight: bold; color: rgb(255, 0, 0);\">Summary</span><br /><br /><span style=\"font-weight: bold;\">EZ-Pages</span> is a fast, easy way of creating links and additional pages.<br /><br />The additional Pages can be for:<br /><ul><li>New Pages</li><li>Internal Links</li><li>External Links</li><li>Secure or Non-Secure pages</li><li>Same or New Window</li></ul>In Addition, there is the ability to create &quot;related&quot; links in the format of a Chapter (group) and its TOC (related pages/links).<br /><br /><span style=\"font-weight: bold; color: rgb(255, 0, 0);\">Link Naming</span><br /><br />Links are named by the Page Title. All Links need a Page Title in order to function.<br /><br />If you forget to add a Page Title, then you will not be able to add the Link.<br /><br />If you do not assign an Order for the Header, Sidebox or Footer, then the Link will not display even if you have a Page Title.<br /><br /><span style=\"font-weight: bold;\"><span style=\"color: rgb(255, 0, 0);\">Link Placement</span><br /><br /></span>While you have the option of adding Additional Links to the Header, Footer and Sidebox with EZ-Pages, you are not limited to these three Link locations. Links can be in one or more locations simply by enabling the Order for the Location(s) where the Link should appear..<br /><br />The Link Location Status for the Header, Footer and Sidebox is controlled simply by setting these to Yes or No for each setting. Then, set the Order in which the Link should appear for each location.<br /><br />This means that if you were to set Header to Yes 30 and Sidebox to Yes 50 then the link would appear in both the Header and Sidebox in the Order of your Links.<br /><br />The Order numbering method is up to you. Numbering using 10, 20, 30, etc. will allow you to sort the Links and add additional Links later.<br /><br />Note: a 0 value for the Order will disable the Link from displaying.<br /><br /><span style=\"font-weight: bold;\"><span style=\"color: rgb(255, 0, 0);\">Open in New Window and Secure Pages</span><br /></span><br />With EZ-Pages, each Link can take you to the same, main window for your shop; or, you can have the Link open a brand new New Window. In addition, there is an option for making the Link open as a Secure Page or a Non-Secure Page.<br /><br /><span style=\"font-weight: bold; color: rgb(255, 0, 0);\">Chapter and TOC</span><br style=\"font-weight: bold; color: rgb(255, 0, 0);\" /><br />The Chapter and TOC, or Table of Contents, are a unique method of building Multiple Links that interact together.<br /><br />While these Links still follow the rules of the Header, Footer and Sidebox placement, the difference is that only one of the Links, the Main Link, needs to be displayed anywhere on the site.<br /><br />If you had, for example, 5 related Links, you could add the first Link as the Main Link by setting its location to the Header, Footer or Sidebox and set its Order, as usual.<br /><br />Next, you need to assign a Chapter or Group number to the Link. This Chapter holds the related Links together.<br /><br />Then, set the TOC or Table of Contents setting. This is a secondary Sort Order for within the Chapter.<br /><br />Again, you can display any of the Links within a Chapter, as well as making any of these Links the Main Link. Whether the Links all show, or just one or more of the Links show, the Chapter is the key to grouping these Links together in the TOC or Previous/Next. <br /><br /><span style=\"font-weight: bold; font-style: italic;\">NOTE: While all Links within a Chapter will display together, you can have the different Links display in the Header, Footer or Sidebox on their own. Or, you can have the additional Links only display when the Main Link or one of the Additional Links within the Chapter has been opened.</span><br style=\"font-weight: bold; font-style: italic;\" /><br />The versitility of EZ-Pages will make adding new Links and Pages extreamly easy for the beginner as well as the advance user.<br /><br />While this page was made in HTMLarea editor, any HTML editor could be used.<br /><br />However, be careful ... HTML editors will often add the opening and closing tags for the &lt;html&gt;, &lt;head&gt; and &lt;body&gt; to the file you are working on.<br /><br />These are already added to the pages via EZ-Pages.<br /><br /><span style=\"color: rgb(255, 0, 0); font-weight: bold;\">External Link URL</span><br /><br />External Link URLs are links to outside pages not within your shop. These can be to any valid URL such as:<br /><br />http://www.sashbox.net<br /><br />You need to include the full URL path to any External Link URL. You may also mark these to open in a New Window or the Same Window.<br /><br /><span style=\"color: rgb(255, 0, 0); font-weight: bold;\">Internal Link URL</span><br /><br />Internal Link URLs are links to internal pages within your shop. These can be to any valid URL, but should be written as relative links such as:<br /><br />index.php?main_page=index&amp;cPath=21<br /><br />The above Link would take you to the Category for categories_id 21<br /><br />While these links can be the Full URL to an Internal Link, it is best to write as a Relative Link so that if you change domains, are work on a temporary domain or an IP Address, the Link will remain valid if moved to another domain, IP Address, etc.<br /><br />Internal Links can also open in a New Window or the Same Window or be for Secure or Non-Secure Pages.<br /><br /><span style=\"font-weight: bold; color: rgb(255, 0, 0);\">EZ-Pages Additional Pages vs Internal Links vs External Links</span><br /><br />The Type of Link that you create is based on an order of precidence, where HTML Content will superceed both the Internal Link and the External Link values.<br /><br />The External Link URL will superceed the Internal Link URL.<br /><br />If you try to set a combination of HTML Content, Internal Link and/or External Link, the Link will be flagged in the listing with a read icon to alert you to your mistake.<br /><br /><span style=\"font-weight: bold; color: rgb(255, 0, 0);\">WARNING ...</span><br /><br />When using Editors such as HTMLarea, if you hit enter in the HTML Content area <br /> will be added. These will be detected as &quot;content&quot; and will override any Internal Link URL or External Link URL.<br /><br /><span style=\"font-weight: bold; color: rgb(255, 0, 0);\">Admin Only Display</span><br /><br />Sometimes, when working on EZ-Pages, you will want to be able to work on a Live Site and see the results of your work, but not allow the Customers to see this until you are done.<br /><br />There are 3 settings in the Configuration ... EZ-Pages Settings for the Header, Footer and Sidebox  Status:<br /><ul><li>OFF</li><li>ON</li><li>Admin Only</li></ul>The Admin Only setting is controlled by the IP Address(es) set in the Website Maintenance.<br /><br />This can be very handy when needing to work on a Live Site but not wanting customers to see the work in progress.<br /><br />', '0', '0', '0', '1', '0', '0', '0', '20', '0', '0', '10');

-- ----------------------------
-- Table structure for `featured`
-- ----------------------------
DROP TABLE IF EXISTS `featured`;
CREATE TABLE `featured` (
  `featured_id` int(11) NOT NULL AUTO_INCREMENT,
  `products_id` int(11) NOT NULL DEFAULT '0',
  `featured_date_added` datetime DEFAULT NULL,
  `featured_last_modified` datetime DEFAULT NULL,
  `expires_date` date NOT NULL DEFAULT '0001-01-01',
  `date_status_change` datetime DEFAULT NULL,
  `status` int(1) NOT NULL DEFAULT '1',
  `featured_date_available` date NOT NULL DEFAULT '0001-01-01',
  PRIMARY KEY (`featured_id`),
  KEY `idx_status_zen` (`status`),
  KEY `idx_products_id_zen` (`products_id`),
  KEY `idx_date_avail_zen` (`featured_date_available`),
  KEY `idx_expires_date_zen` (`expires_date`)
) ENGINE=MyISAM AUTO_INCREMENT=28 DEFAULT CHARSET=utf8;

-- ----------------------------
-- Records of featured
-- ----------------------------
INSERT INTO `featured` VALUES ('11', '184', '2014-12-31 20:50:48', null, '0001-01-01', null, '1', '0001-01-01');
INSERT INTO `featured` VALUES ('12', '196', '2014-12-31 20:50:51', null, '0001-01-01', null, '1', '0001-01-01');
INSERT INTO `featured` VALUES ('13', '185', '2014-12-31 20:50:54', null, '0001-01-01', null, '1', '0001-01-01');
INSERT INTO `featured` VALUES ('14', '191', '2014-12-31 20:50:57', null, '0001-01-01', null, '1', '0001-01-01');
INSERT INTO `featured` VALUES ('15', '183', '2014-12-31 20:51:01', null, '0001-01-01', null, '1', '0001-01-01');
INSERT INTO `featured` VALUES ('16', '189', '2014-12-31 20:51:04', null, '0001-01-01', null, '1', '0001-01-01');
INSERT INTO `featured` VALUES ('17', '190', '2014-12-31 20:51:08', null, '0001-01-01', null, '1', '0001-01-01');
INSERT INTO `featured` VALUES ('18', '195', '2014-12-31 20:51:11', null, '0001-01-01', null, '1', '0001-01-01');
INSERT INTO `featured` VALUES ('19', '192', '2014-12-31 20:51:14', null, '0001-01-01', null, '1', '0001-01-01');
INSERT INTO `featured` VALUES ('20', '194', '2014-12-31 20:51:18', null, '0001-01-01', null, '1', '0001-01-01');
INSERT INTO `featured` VALUES ('21', '193', '2014-12-31 20:51:20', null, '0001-01-01', null, '1', '0001-01-01');
INSERT INTO `featured` VALUES ('22', '181', '2014-12-31 20:51:24', null, '0001-01-01', null, '1', '0001-01-01');
INSERT INTO `featured` VALUES ('23', '187', '2014-12-31 20:51:26', null, '0001-01-01', null, '1', '0001-01-01');
INSERT INTO `featured` VALUES ('24', '186', '2014-12-31 20:51:30', null, '0001-01-01', null, '1', '0001-01-01');
INSERT INTO `featured` VALUES ('25', '182', '2014-12-31 20:51:33', null, '0001-01-01', null, '1', '0001-01-01');
INSERT INTO `featured` VALUES ('26', '180', '2014-12-31 20:51:36', null, '0001-01-01', null, '1', '0001-01-01');
INSERT INTO `featured` VALUES ('27', '188', '2014-12-31 20:51:39', null, '0001-01-01', null, '1', '0001-01-01');

-- ----------------------------
-- Table structure for `files_uploaded`
-- ----------------------------
DROP TABLE IF EXISTS `files_uploaded`;
CREATE TABLE `files_uploaded` (
  `files_uploaded_id` int(11) NOT NULL AUTO_INCREMENT,
  `sesskey` varchar(32) DEFAULT NULL,
  `customers_id` int(11) DEFAULT NULL,
  `files_uploaded_name` varchar(64) NOT NULL DEFAULT '',
  PRIMARY KEY (`files_uploaded_id`),
  KEY `idx_customers_id_zen` (`customers_id`)
) ENGINE=MyISAM DEFAULT CHARSET=utf8 COMMENT='Must always have either a sesskey or customers_id';

-- ----------------------------
-- Records of files_uploaded
-- ----------------------------

-- ----------------------------
-- Table structure for `geo_zones`
-- ----------------------------
DROP TABLE IF EXISTS `geo_zones`;
CREATE TABLE `geo_zones` (
  `geo_zone_id` int(11) NOT NULL AUTO_INCREMENT,
  `geo_zone_name` varchar(32) NOT NULL DEFAULT '',
  `geo_zone_description` varchar(255) NOT NULL DEFAULT '',
  `last_modified` datetime DEFAULT NULL,
  `date_added` datetime NOT NULL DEFAULT '0001-01-01 00:00:00',
  PRIMARY KEY (`geo_zone_id`)
) ENGINE=MyISAM AUTO_INCREMENT=2 DEFAULT CHARSET=utf8;

-- ----------------------------
-- Records of geo_zones
-- ----------------------------
INSERT INTO `geo_zones` VALUES ('1', 'Florida', 'Florida local sales tax zone', null, '2014-06-18 23:20:53');

-- ----------------------------
-- Table structure for `get_terms_to_filter`
-- ----------------------------
DROP TABLE IF EXISTS `get_terms_to_filter`;
CREATE TABLE `get_terms_to_filter` (
  `get_term_name` varchar(255) NOT NULL DEFAULT '',
  `get_term_table` varchar(64) NOT NULL,
  `get_term_name_field` varchar(64) NOT NULL,
  PRIMARY KEY (`get_term_name`)
) ENGINE=MyISAM DEFAULT CHARSET=utf8;

-- ----------------------------
-- Records of get_terms_to_filter
-- ----------------------------
INSERT INTO `get_terms_to_filter` VALUES ('manufacturers_id', 'TABLE_MANUFACTURERS', 'manufacturers_name');
INSERT INTO `get_terms_to_filter` VALUES ('music_genre_id', 'TABLE_MUSIC_GENRE', 'music_genre_name');
INSERT INTO `get_terms_to_filter` VALUES ('record_company_id', 'TABLE_RECORD_COMPANY', 'record_company_name');

-- ----------------------------
-- Table structure for `group_pricing`
-- ----------------------------
DROP TABLE IF EXISTS `group_pricing`;
CREATE TABLE `group_pricing` (
  `group_id` int(11) NOT NULL AUTO_INCREMENT,
  `group_name` varchar(32) NOT NULL DEFAULT '',
  `group_percentage` decimal(5,2) NOT NULL DEFAULT '0.00',
  `last_modified` datetime DEFAULT NULL,
  `date_added` datetime NOT NULL DEFAULT '0001-01-01 00:00:00',
  PRIMARY KEY (`group_id`)
) ENGINE=MyISAM AUTO_INCREMENT=2 DEFAULT CHARSET=utf8;

-- ----------------------------
-- Records of group_pricing
-- ----------------------------
INSERT INTO `group_pricing` VALUES ('1', 'Group 10', '10.00', null, '2004-04-29 00:21:04');

-- ----------------------------
-- Table structure for `languages`
-- ----------------------------
DROP TABLE IF EXISTS `languages`;
CREATE TABLE `languages` (
  `languages_id` int(11) NOT NULL AUTO_INCREMENT,
  `name` varchar(32) NOT NULL DEFAULT '',
  `code` char(2) NOT NULL DEFAULT '',
  `image` varchar(64) DEFAULT NULL,
  `directory` varchar(32) DEFAULT NULL,
  `sort_order` int(3) DEFAULT NULL,
  PRIMARY KEY (`languages_id`),
  KEY `idx_languages_name_zen` (`name`)
) ENGINE=MyISAM AUTO_INCREMENT=2 DEFAULT CHARSET=utf8;

-- ----------------------------
-- Records of languages
-- ----------------------------
INSERT INTO `languages` VALUES ('1', 'English', 'en', 'icon.gif', 'english', '1');

-- ----------------------------
-- Table structure for `layout_boxes`
-- ----------------------------
DROP TABLE IF EXISTS `layout_boxes`;
CREATE TABLE `layout_boxes` (
  `layout_id` int(11) NOT NULL AUTO_INCREMENT,
  `layout_template` varchar(64) NOT NULL DEFAULT '',
  `layout_box_name` varchar(64) NOT NULL DEFAULT '',
  `layout_box_status` tinyint(1) NOT NULL DEFAULT '0',
  `layout_box_location` tinyint(1) NOT NULL DEFAULT '0',
  `layout_box_sort_order` int(11) NOT NULL DEFAULT '0',
  `layout_box_sort_order_single` int(11) NOT NULL DEFAULT '0',
  `layout_box_status_single` tinyint(4) NOT NULL DEFAULT '0',
  PRIMARY KEY (`layout_id`),
  KEY `idx_name_template_zen` (`layout_template`,`layout_box_name`),
  KEY `idx_layout_box_status_zen` (`layout_box_status`),
  KEY `idx_layout_box_sort_order_zen` (`layout_box_sort_order`)
) ENGINE=MyISAM AUTO_INCREMENT=99 DEFAULT CHARSET=utf8;

-- ----------------------------
-- Records of layout_boxes
-- ----------------------------
INSERT INTO `layout_boxes` VALUES ('1', 'default_template_settings', 'banner_box_all.php', '1', '1', '5', '0', '0');
INSERT INTO `layout_boxes` VALUES ('2', 'default_template_settings', 'banner_box.php', '1', '0', '300', '1', '127');
INSERT INTO `layout_boxes` VALUES ('3', 'default_template_settings', 'banner_box2.php', '1', '1', '15', '1', '15');
INSERT INTO `layout_boxes` VALUES ('4', 'default_template_settings', 'best_sellers.php', '1', '1', '30', '70', '1');
INSERT INTO `layout_boxes` VALUES ('5', 'default_template_settings', 'categories.php', '1', '0', '10', '10', '1');
INSERT INTO `layout_boxes` VALUES ('6', 'default_template_settings', 'currencies.php', '0', '1', '80', '60', '0');
INSERT INTO `layout_boxes` VALUES ('7', 'default_template_settings', 'document_categories.php', '1', '0', '0', '0', '0');
INSERT INTO `layout_boxes` VALUES ('8', 'default_template_settings', 'ezpages.php', '1', '1', '-1', '2', '1');
INSERT INTO `layout_boxes` VALUES ('9', 'default_template_settings', 'featured.php', '1', '0', '45', '0', '0');
INSERT INTO `layout_boxes` VALUES ('10', 'default_template_settings', 'information.php', '1', '0', '50', '40', '1');
INSERT INTO `layout_boxes` VALUES ('11', 'default_template_settings', 'languages.php', '0', '1', '70', '50', '0');
INSERT INTO `layout_boxes` VALUES ('12', 'default_template_settings', 'manufacturers.php', '1', '0', '30', '20', '1');
INSERT INTO `layout_boxes` VALUES ('13', 'default_template_settings', 'manufacturer_info.php', '1', '1', '35', '95', '1');
INSERT INTO `layout_boxes` VALUES ('14', 'default_template_settings', 'more_information.php', '1', '0', '200', '200', '1');
INSERT INTO `layout_boxes` VALUES ('15', 'default_template_settings', 'music_genres.php', '1', '1', '0', '0', '0');
INSERT INTO `layout_boxes` VALUES ('16', 'default_template_settings', 'order_history.php', '1', '1', '0', '0', '0');
INSERT INTO `layout_boxes` VALUES ('17', 'default_template_settings', 'product_notifications.php', '1', '1', '55', '85', '1');
INSERT INTO `layout_boxes` VALUES ('18', 'default_template_settings', 'record_companies.php', '1', '1', '0', '0', '0');
INSERT INTO `layout_boxes` VALUES ('19', 'default_template_settings', 'reviews.php', '1', '0', '40', '0', '0');
INSERT INTO `layout_boxes` VALUES ('20', 'default_template_settings', 'search.php', '1', '1', '10', '0', '0');
INSERT INTO `layout_boxes` VALUES ('21', 'default_template_settings', 'search_header.php', '0', '0', '0', '0', '1');
INSERT INTO `layout_boxes` VALUES ('22', 'default_template_settings', 'shopping_cart.php', '1', '1', '20', '30', '1');
INSERT INTO `layout_boxes` VALUES ('23', 'default_template_settings', 'specials.php', '1', '1', '45', '0', '0');
INSERT INTO `layout_boxes` VALUES ('24', 'default_template_settings', 'whats_new.php', '1', '0', '20', '0', '0');
INSERT INTO `layout_boxes` VALUES ('25', 'default_template_settings', 'whos_online.php', '1', '1', '200', '200', '1');
INSERT INTO `layout_boxes` VALUES ('26', 'template_default', 'banner_box_all.php', '1', '1', '5', '0', '0');
INSERT INTO `layout_boxes` VALUES ('27', 'template_default', 'banner_box.php', '1', '0', '300', '1', '127');
INSERT INTO `layout_boxes` VALUES ('28', 'template_default', 'banner_box2.php', '1', '1', '15', '1', '15');
INSERT INTO `layout_boxes` VALUES ('29', 'template_default', 'best_sellers.php', '1', '1', '30', '70', '1');
INSERT INTO `layout_boxes` VALUES ('30', 'template_default', 'categories.php', '1', '0', '10', '10', '1');
INSERT INTO `layout_boxes` VALUES ('31', 'template_default', 'currencies.php', '0', '1', '80', '60', '0');
INSERT INTO `layout_boxes` VALUES ('32', 'template_default', 'ezpages.php', '1', '1', '-1', '2', '1');
INSERT INTO `layout_boxes` VALUES ('33', 'template_default', 'featured.php', '1', '0', '45', '0', '0');
INSERT INTO `layout_boxes` VALUES ('34', 'template_default', 'information.php', '1', '0', '50', '40', '1');
INSERT INTO `layout_boxes` VALUES ('35', 'template_default', 'languages.php', '0', '1', '70', '50', '0');
INSERT INTO `layout_boxes` VALUES ('36', 'template_default', 'manufacturers.php', '1', '0', '30', '20', '1');
INSERT INTO `layout_boxes` VALUES ('37', 'template_default', 'manufacturer_info.php', '1', '1', '35', '95', '1');
INSERT INTO `layout_boxes` VALUES ('38', 'template_default', 'more_information.php', '1', '0', '200', '200', '1');
INSERT INTO `layout_boxes` VALUES ('39', 'template_default', 'my_broken_box.php', '1', '0', '0', '0', '0');
INSERT INTO `layout_boxes` VALUES ('40', 'template_default', 'order_history.php', '1', '1', '0', '0', '0');
INSERT INTO `layout_boxes` VALUES ('41', 'template_default', 'product_notifications.php', '1', '1', '55', '85', '1');
INSERT INTO `layout_boxes` VALUES ('42', 'template_default', 'reviews.php', '1', '0', '40', '0', '0');
INSERT INTO `layout_boxes` VALUES ('43', 'template_default', 'search.php', '1', '1', '10', '0', '0');
INSERT INTO `layout_boxes` VALUES ('44', 'template_default', 'search_header.php', '0', '0', '0', '0', '1');
INSERT INTO `layout_boxes` VALUES ('45', 'template_default', 'shopping_cart.php', '1', '1', '20', '30', '1');
INSERT INTO `layout_boxes` VALUES ('46', 'template_default', 'specials.php', '1', '1', '45', '0', '0');
INSERT INTO `layout_boxes` VALUES ('47', 'template_default', 'whats_new.php', '1', '0', '20', '0', '0');
INSERT INTO `layout_boxes` VALUES ('48', 'template_default', 'whos_online.php', '1', '1', '200', '200', '1');
INSERT INTO `layout_boxes` VALUES ('49', 'classic', 'banner_box.php', '1', '0', '300', '1', '127');
INSERT INTO `layout_boxes` VALUES ('50', 'classic', 'banner_box2.php', '1', '1', '15', '1', '15');
INSERT INTO `layout_boxes` VALUES ('51', 'classic', 'banner_box_all.php', '1', '1', '5', '0', '0');
INSERT INTO `layout_boxes` VALUES ('52', 'classic', 'best_sellers.php', '1', '1', '30', '70', '1');
INSERT INTO `layout_boxes` VALUES ('53', 'classic', 'categories.php', '1', '0', '10', '10', '1');
INSERT INTO `layout_boxes` VALUES ('54', 'classic', 'currencies.php', '0', '1', '80', '60', '0');
INSERT INTO `layout_boxes` VALUES ('55', 'classic', 'document_categories.php', '1', '0', '0', '0', '0');
INSERT INTO `layout_boxes` VALUES ('56', 'classic', 'ezpages.php', '1', '1', '-1', '2', '1');
INSERT INTO `layout_boxes` VALUES ('57', 'classic', 'featured.php', '1', '0', '45', '0', '0');
INSERT INTO `layout_boxes` VALUES ('58', 'classic', 'information.php', '1', '0', '50', '40', '1');
INSERT INTO `layout_boxes` VALUES ('59', 'classic', 'languages.php', '0', '1', '70', '50', '0');
INSERT INTO `layout_boxes` VALUES ('60', 'classic', 'manufacturers.php', '1', '0', '30', '20', '1');
INSERT INTO `layout_boxes` VALUES ('61', 'classic', 'manufacturer_info.php', '1', '1', '35', '95', '1');
INSERT INTO `layout_boxes` VALUES ('62', 'classic', 'more_information.php', '1', '0', '200', '200', '1');
INSERT INTO `layout_boxes` VALUES ('63', 'classic', 'music_genres.php', '1', '1', '0', '0', '0');
INSERT INTO `layout_boxes` VALUES ('64', 'classic', 'order_history.php', '1', '1', '0', '0', '0');
INSERT INTO `layout_boxes` VALUES ('65', 'classic', 'product_notifications.php', '1', '1', '55', '85', '1');
INSERT INTO `layout_boxes` VALUES ('66', 'classic', 'record_companies.php', '1', '1', '0', '0', '0');
INSERT INTO `layout_boxes` VALUES ('67', 'classic', 'reviews.php', '1', '0', '40', '0', '0');
INSERT INTO `layout_boxes` VALUES ('68', 'classic', 'search.php', '1', '1', '10', '0', '0');
INSERT INTO `layout_boxes` VALUES ('69', 'classic', 'search_header.php', '0', '0', '0', '0', '1');
INSERT INTO `layout_boxes` VALUES ('70', 'classic', 'shopping_cart.php', '1', '1', '20', '30', '1');
INSERT INTO `layout_boxes` VALUES ('71', 'classic', 'specials.php', '1', '1', '45', '0', '0');
INSERT INTO `layout_boxes` VALUES ('72', 'classic', 'whats_new.php', '1', '0', '20', '0', '0');
INSERT INTO `layout_boxes` VALUES ('73', 'classic', 'whos_online.php', '1', '1', '200', '200', '1');
INSERT INTO `layout_boxes` VALUES ('74', 'mood', 'banner_box.php', '1', '0', '300', '1', '127');
INSERT INTO `layout_boxes` VALUES ('75', 'mood', 'banner_box2.php', '1', '1', '15', '1', '15');
INSERT INTO `layout_boxes` VALUES ('76', 'mood', 'banner_box_all.php', '1', '1', '5', '0', '0');
INSERT INTO `layout_boxes` VALUES ('77', 'mood', 'best_sellers.php', '1', '1', '30', '70', '1');
INSERT INTO `layout_boxes` VALUES ('78', 'mood', 'categories.php', '1', '0', '10', '10', '1');
INSERT INTO `layout_boxes` VALUES ('79', 'mood', 'currencies.php', '0', '1', '80', '60', '0');
INSERT INTO `layout_boxes` VALUES ('80', 'mood', 'document_categories.php', '1', '0', '0', '0', '0');
INSERT INTO `layout_boxes` VALUES ('81', 'mood', 'ezpages.php', '1', '1', '-1', '2', '1');
INSERT INTO `layout_boxes` VALUES ('82', 'mood', 'featured.php', '1', '0', '45', '0', '0');
INSERT INTO `layout_boxes` VALUES ('83', 'mood', 'information.php', '1', '0', '50', '40', '1');
INSERT INTO `layout_boxes` VALUES ('84', 'mood', 'languages.php', '0', '1', '70', '50', '0');
INSERT INTO `layout_boxes` VALUES ('85', 'mood', 'manufacturer_info.php', '1', '1', '35', '95', '1');
INSERT INTO `layout_boxes` VALUES ('86', 'mood', 'manufacturers.php', '1', '0', '30', '20', '1');
INSERT INTO `layout_boxes` VALUES ('87', 'mood', 'more_information.php', '1', '0', '200', '200', '1');
INSERT INTO `layout_boxes` VALUES ('88', 'mood', 'music_genres.php', '1', '1', '0', '0', '0');
INSERT INTO `layout_boxes` VALUES ('89', 'mood', 'order_history.php', '1', '1', '0', '0', '0');
INSERT INTO `layout_boxes` VALUES ('90', 'mood', 'product_notifications.php', '1', '1', '55', '85', '1');
INSERT INTO `layout_boxes` VALUES ('91', 'mood', 'record_companies.php', '1', '1', '0', '0', '0');
INSERT INTO `layout_boxes` VALUES ('92', 'mood', 'reviews.php', '1', '0', '40', '0', '0');
INSERT INTO `layout_boxes` VALUES ('93', 'mood', 'search.php', '1', '1', '10', '0', '0');
INSERT INTO `layout_boxes` VALUES ('94', 'mood', 'search_header.php', '0', '0', '0', '0', '1');
INSERT INTO `layout_boxes` VALUES ('95', 'mood', 'shopping_cart.php', '1', '1', '20', '30', '1');
INSERT INTO `layout_boxes` VALUES ('96', 'mood', 'specials.php', '1', '1', '45', '0', '0');
INSERT INTO `layout_boxes` VALUES ('97', 'mood', 'whats_new.php', '1', '0', '20', '0', '0');
INSERT INTO `layout_boxes` VALUES ('98', 'mood', 'whos_online.php', '1', '1', '200', '200', '1');

-- ----------------------------
-- Table structure for `manufacturers`
-- ----------------------------
DROP TABLE IF EXISTS `manufacturers`;
CREATE TABLE `manufacturers` (
  `manufacturers_id` int(11) NOT NULL AUTO_INCREMENT,
  `manufacturers_name` varchar(32) NOT NULL DEFAULT '',
  `manufacturers_image` varchar(64) DEFAULT NULL,
  `date_added` datetime DEFAULT NULL,
  `last_modified` datetime DEFAULT NULL,
  PRIMARY KEY (`manufacturers_id`),
  KEY `idx_mfg_name_zen` (`manufacturers_name`)
) ENGINE=MyISAM AUTO_INCREMENT=10 DEFAULT CHARSET=utf8;

-- ----------------------------
-- Records of manufacturers
-- ----------------------------
INSERT INTO `manufacturers` VALUES ('1', 'Matrox', 'manufacturers/manufacturer_matrox.gif', '2003-12-23 03:18:19', null);
INSERT INTO `manufacturers` VALUES ('2', 'Microsoft', 'manufacturers/manufacturer_microsoft.gif', '2003-12-23 03:18:19', null);
INSERT INTO `manufacturers` VALUES ('3', 'Warner', 'manufacturers/manufacturer_warner.gif', '2003-12-23 03:18:19', null);
INSERT INTO `manufacturers` VALUES ('4', 'Fox', 'manufacturers/manufacturer_fox.gif', '2003-12-23 03:18:19', null);
INSERT INTO `manufacturers` VALUES ('5', 'Logitech', 'manufacturers/manufacturer_logitech.gif', '2003-12-23 03:18:19', null);
INSERT INTO `manufacturers` VALUES ('6', 'Canon', 'manufacturers/manufacturer_canon.gif', '2003-12-23 03:18:19', null);
INSERT INTO `manufacturers` VALUES ('7', 'Sierra', 'manufacturers/manufacturer_sierra.gif', '2003-12-23 03:18:19', null);
INSERT INTO `manufacturers` VALUES ('8', 'GT Interactive', 'manufacturers/manufacturer_gt_interactive.gif', '2003-12-23 03:18:19', null);
INSERT INTO `manufacturers` VALUES ('9', 'Hewlett Packard', 'manufacturers/manufacturer_hewlett_packard.gif', '2003-12-23 03:18:19', null);

-- ----------------------------
-- Table structure for `manufacturers_info`
-- ----------------------------
DROP TABLE IF EXISTS `manufacturers_info`;
CREATE TABLE `manufacturers_info` (
  `manufacturers_id` int(11) NOT NULL DEFAULT '0',
  `languages_id` int(11) NOT NULL DEFAULT '0',
  `manufacturers_url` varchar(255) NOT NULL DEFAULT '',
  `url_clicked` int(5) NOT NULL DEFAULT '0',
  `date_last_click` datetime DEFAULT NULL,
  PRIMARY KEY (`manufacturers_id`,`languages_id`)
) ENGINE=MyISAM DEFAULT CHARSET=utf8;

-- ----------------------------
-- Records of manufacturers_info
-- ----------------------------
INSERT INTO `manufacturers_info` VALUES ('1', '1', 'http://www.matrox.com', '0', null);
INSERT INTO `manufacturers_info` VALUES ('2', '1', 'http://www.microsoft.com', '0', null);
INSERT INTO `manufacturers_info` VALUES ('3', '1', 'http://www.warner.com', '0', null);
INSERT INTO `manufacturers_info` VALUES ('4', '1', 'http://www.fox.com', '0', null);
INSERT INTO `manufacturers_info` VALUES ('5', '1', 'http://www.logitech.com', '0', null);
INSERT INTO `manufacturers_info` VALUES ('6', '1', 'http://www.canon.com', '0', null);
INSERT INTO `manufacturers_info` VALUES ('7', '1', 'http://www.sierra.com', '0', null);
INSERT INTO `manufacturers_info` VALUES ('8', '1', 'http://www.infogrames.com', '0', null);
INSERT INTO `manufacturers_info` VALUES ('9', '1', 'http://www.hewlettpackard.com', '0', null);

-- ----------------------------
-- Table structure for `media_clips`
-- ----------------------------
DROP TABLE IF EXISTS `media_clips`;
CREATE TABLE `media_clips` (
  `clip_id` int(11) NOT NULL AUTO_INCREMENT,
  `media_id` int(11) NOT NULL DEFAULT '0',
  `clip_type` smallint(6) NOT NULL DEFAULT '0',
  `clip_filename` text NOT NULL,
  `date_added` datetime NOT NULL DEFAULT '0001-01-01 00:00:00',
  `last_modified` datetime NOT NULL DEFAULT '0001-01-01 00:00:00',
  PRIMARY KEY (`clip_id`),
  KEY `idx_media_id_zen` (`media_id`),
  KEY `idx_clip_type_zen` (`clip_type`)
) ENGINE=MyISAM AUTO_INCREMENT=7 DEFAULT CHARSET=utf8;

-- ----------------------------
-- Records of media_clips
-- ----------------------------
INSERT INTO `media_clips` VALUES ('1', '1', '1', 'thehunter.mp3', '2004-06-01 20:57:43', '0000-00-00 00:00:00');
INSERT INTO `media_clips` VALUES ('6', '2', '1', 'thehunter.mp3', '2004-07-13 00:45:09', '0000-00-00 00:00:00');

-- ----------------------------
-- Table structure for `media_manager`
-- ----------------------------
DROP TABLE IF EXISTS `media_manager`;
CREATE TABLE `media_manager` (
  `media_id` int(11) NOT NULL AUTO_INCREMENT,
  `media_name` varchar(255) NOT NULL DEFAULT '',
  `last_modified` datetime NOT NULL DEFAULT '0001-01-01 00:00:00',
  `date_added` datetime NOT NULL DEFAULT '0001-01-01 00:00:00',
  PRIMARY KEY (`media_id`),
  KEY `idx_media_name_zen` (`media_name`)
) ENGINE=MyISAM AUTO_INCREMENT=3 DEFAULT CHARSET=utf8;

-- ----------------------------
-- Records of media_manager
-- ----------------------------
INSERT INTO `media_manager` VALUES ('1', 'Russ Tippins - The Hunter', '2004-06-01 20:57:43', '2004-06-01 20:42:53');
INSERT INTO `media_manager` VALUES ('2', 'Help!', '2004-07-13 01:01:14', '2004-07-12 17:57:45');

-- ----------------------------
-- Table structure for `media_to_products`
-- ----------------------------
DROP TABLE IF EXISTS `media_to_products`;
CREATE TABLE `media_to_products` (
  `media_id` int(11) NOT NULL DEFAULT '0',
  `product_id` int(11) NOT NULL DEFAULT '0',
  KEY `idx_media_product_zen` (`media_id`,`product_id`)
) ENGINE=MyISAM DEFAULT CHARSET=utf8;

-- ----------------------------
-- Records of media_to_products
-- ----------------------------
INSERT INTO `media_to_products` VALUES ('1', '166');
INSERT INTO `media_to_products` VALUES ('2', '169');

-- ----------------------------
-- Table structure for `media_types`
-- ----------------------------
DROP TABLE IF EXISTS `media_types`;
CREATE TABLE `media_types` (
  `type_id` int(11) NOT NULL AUTO_INCREMENT,
  `type_name` varchar(64) NOT NULL DEFAULT '',
  `type_ext` varchar(8) NOT NULL DEFAULT '',
  PRIMARY KEY (`type_id`),
  KEY `idx_type_name_zen` (`type_name`)
) ENGINE=MyISAM AUTO_INCREMENT=2 DEFAULT CHARSET=utf8;

-- ----------------------------
-- Records of media_types
-- ----------------------------
INSERT INTO `media_types` VALUES ('1', 'MP3', '.mp3');

-- ----------------------------
-- Table structure for `meta_tags_categories_description`
-- ----------------------------
DROP TABLE IF EXISTS `meta_tags_categories_description`;
CREATE TABLE `meta_tags_categories_description` (
  `categories_id` int(11) NOT NULL,
  `language_id` int(11) NOT NULL DEFAULT '1',
  `metatags_title` varchar(255) NOT NULL DEFAULT '',
  `metatags_keywords` text,
  `metatags_description` text,
  PRIMARY KEY (`categories_id`,`language_id`)
) ENGINE=MyISAM DEFAULT CHARSET=utf8;

-- ----------------------------
-- Records of meta_tags_categories_description
-- ----------------------------

-- ----------------------------
-- Table structure for `meta_tags_products_description`
-- ----------------------------
DROP TABLE IF EXISTS `meta_tags_products_description`;
CREATE TABLE `meta_tags_products_description` (
  `products_id` int(11) NOT NULL,
  `language_id` int(11) NOT NULL DEFAULT '1',
  `metatags_title` varchar(255) NOT NULL DEFAULT '',
  `metatags_keywords` text,
  `metatags_description` text,
  PRIMARY KEY (`products_id`,`language_id`)
) ENGINE=MyISAM DEFAULT CHARSET=utf8;

-- ----------------------------
-- Records of meta_tags_products_description
-- ----------------------------

-- ----------------------------
-- Table structure for `music_genre`
-- ----------------------------
DROP TABLE IF EXISTS `music_genre`;
CREATE TABLE `music_genre` (
  `music_genre_id` int(11) NOT NULL AUTO_INCREMENT,
  `music_genre_name` varchar(32) NOT NULL DEFAULT '',
  `date_added` datetime DEFAULT NULL,
  `last_modified` datetime DEFAULT NULL,
  PRIMARY KEY (`music_genre_id`),
  KEY `idx_music_genre_name_zen` (`music_genre_name`)
) ENGINE=MyISAM AUTO_INCREMENT=3 DEFAULT CHARSET=utf8;

-- ----------------------------
-- Records of music_genre
-- ----------------------------
INSERT INTO `music_genre` VALUES ('1', 'Rock', '2004-06-01 20:53:26', null);
INSERT INTO `music_genre` VALUES ('2', 'Jazz', '2004-06-01 20:53:45', null);

-- ----------------------------
-- Table structure for `newsletters`
-- ----------------------------
DROP TABLE IF EXISTS `newsletters`;
CREATE TABLE `newsletters` (
  `newsletters_id` int(11) NOT NULL AUTO_INCREMENT,
  `title` varchar(255) NOT NULL DEFAULT '',
  `content` text NOT NULL,
  `content_html` text NOT NULL,
  `module` varchar(255) NOT NULL DEFAULT '',
  `date_added` datetime NOT NULL DEFAULT '0001-01-01 00:00:00',
  `date_sent` datetime DEFAULT NULL,
  `status` int(1) DEFAULT NULL,
  `locked` int(1) DEFAULT '0',
  PRIMARY KEY (`newsletters_id`)
) ENGINE=MyISAM AUTO_INCREMENT=2 DEFAULT CHARSET=utf8;

-- ----------------------------
-- Records of newsletters
-- ----------------------------
INSERT INTO `newsletters` VALUES ('1', 'Test', 'Test', 'Test', 'newsletter', '2015-01-03 21:25:03', '2015-01-03 21:25:29', '1', '0');

-- ----------------------------
-- Table structure for `orders`
-- ----------------------------
DROP TABLE IF EXISTS `orders`;
CREATE TABLE `orders` (
  `orders_id` int(11) NOT NULL AUTO_INCREMENT,
  `customers_id` int(11) NOT NULL DEFAULT '0',
  `customers_name` varchar(64) NOT NULL DEFAULT '',
  `customers_company` varchar(64) DEFAULT NULL,
  `customers_street_address` varchar(64) NOT NULL DEFAULT '',
  `customers_suburb` varchar(32) DEFAULT NULL,
  `customers_city` varchar(32) NOT NULL DEFAULT '',
  `customers_postcode` varchar(10) NOT NULL DEFAULT '',
  `customers_state` varchar(32) DEFAULT NULL,
  `customers_country` varchar(32) NOT NULL DEFAULT '',
  `customers_telephone` varchar(32) NOT NULL DEFAULT '',
  `customers_email_address` varchar(96) NOT NULL DEFAULT '',
  `customers_address_format_id` int(5) NOT NULL DEFAULT '0',
  `delivery_name` varchar(64) NOT NULL DEFAULT '',
  `delivery_company` varchar(64) DEFAULT NULL,
  `delivery_street_address` varchar(64) NOT NULL DEFAULT '',
  `delivery_suburb` varchar(32) DEFAULT NULL,
  `delivery_city` varchar(32) NOT NULL DEFAULT '',
  `delivery_postcode` varchar(10) NOT NULL DEFAULT '',
  `delivery_state` varchar(32) DEFAULT NULL,
  `delivery_country` varchar(32) NOT NULL DEFAULT '',
  `delivery_address_format_id` int(5) NOT NULL DEFAULT '0',
  `billing_name` varchar(64) NOT NULL DEFAULT '',
  `billing_company` varchar(64) DEFAULT NULL,
  `billing_street_address` varchar(64) NOT NULL DEFAULT '',
  `billing_suburb` varchar(32) DEFAULT NULL,
  `billing_city` varchar(32) NOT NULL DEFAULT '',
  `billing_postcode` varchar(10) NOT NULL DEFAULT '',
  `billing_state` varchar(32) DEFAULT NULL,
  `billing_country` varchar(32) NOT NULL DEFAULT '',
  `billing_address_format_id` int(5) NOT NULL DEFAULT '0',
  `payment_method` varchar(128) NOT NULL DEFAULT '',
  `payment_module_code` varchar(32) NOT NULL DEFAULT '',
  `shipping_method` varchar(128) NOT NULL DEFAULT '',
  `shipping_module_code` varchar(32) NOT NULL DEFAULT '',
  `coupon_code` varchar(32) NOT NULL DEFAULT '',
  `cc_type` varchar(20) DEFAULT NULL,
  `cc_owner` varchar(64) DEFAULT NULL,
  `cc_number` varchar(32) DEFAULT NULL,
  `cc_expires` varchar(4) DEFAULT NULL,
  `cc_cvv` blob,
  `last_modified` datetime DEFAULT NULL,
  `date_purchased` datetime DEFAULT NULL,
  `orders_status` int(5) NOT NULL DEFAULT '0',
  `orders_date_finished` datetime DEFAULT NULL,
  `currency` char(3) DEFAULT NULL,
  `currency_value` decimal(14,6) DEFAULT NULL,
  `order_total` decimal(14,2) DEFAULT NULL,
  `order_tax` decimal(14,2) DEFAULT NULL,
  `paypal_ipn_id` int(11) NOT NULL DEFAULT '0',
  `ip_address` varchar(96) NOT NULL DEFAULT '',
  PRIMARY KEY (`orders_id`),
  KEY `idx_status_orders_cust_zen` (`orders_status`,`orders_id`,`customers_id`),
  KEY `idx_date_purchased_zen` (`date_purchased`),
  KEY `idx_cust_id_orders_id_zen` (`customers_id`,`orders_id`)
) ENGINE=MyISAM AUTO_INCREMENT=2 DEFAULT CHARSET=utf8;

-- ----------------------------
-- Records of orders
-- ----------------------------
INSERT INTO `orders` VALUES ('1', '2', 'Gallagher Lip', 'test', 'XiangGang RD. MuDu', '', 'SuZhou', '21000', 'JiangSu', 'Aaland Islands', '15950584863', 'admin@qq.com', '1', 'Gallagher Lip', 'test', 'XiangGang RD. MuDu', '', 'SuZhou', '21000', 'JiangSu', 'Aaland Islands', '1', 'Gallagher Lip', 'test', 'XiangGang RD. MuDu', '', 'SuZhou', '21000', 'JiangSu', 'Aaland Islands', '1', 'Check/Money Order', 'moneyorder', 'Per Item (Best Way)', 'item', '', '', '', '', '', null, null, '2014-12-27 04:04:48', '1', null, 'USD', '1.000000', '22.49', '0.00', '0', '127.0.0.1 - 127.0.0.1');

-- ----------------------------
-- Table structure for `orders_products`
-- ----------------------------
DROP TABLE IF EXISTS `orders_products`;
CREATE TABLE `orders_products` (
  `orders_products_id` int(11) NOT NULL AUTO_INCREMENT,
  `orders_id` int(11) NOT NULL DEFAULT '0',
  `products_id` int(11) NOT NULL DEFAULT '0',
  `products_model` varchar(32) DEFAULT NULL,
  `products_name` varchar(64) NOT NULL DEFAULT '',
  `products_price` decimal(15,4) NOT NULL DEFAULT '0.0000',
  `final_price` decimal(15,4) NOT NULL DEFAULT '0.0000',
  `products_tax` decimal(7,4) NOT NULL DEFAULT '0.0000',
  `products_quantity` float NOT NULL DEFAULT '0',
  `onetime_charges` decimal(15,4) NOT NULL DEFAULT '0.0000',
  `products_priced_by_attribute` tinyint(1) NOT NULL DEFAULT '0',
  `product_is_free` tinyint(1) NOT NULL DEFAULT '0',
  `products_discount_type` tinyint(1) NOT NULL DEFAULT '0',
  `products_discount_type_from` tinyint(1) NOT NULL DEFAULT '0',
  `products_prid` tinytext NOT NULL,
  PRIMARY KEY (`orders_products_id`),
  KEY `idx_orders_id_prod_id_zen` (`orders_id`,`products_id`),
  KEY `idx_prod_id_orders_id_zen` (`products_id`,`orders_id`)
) ENGINE=MyISAM AUTO_INCREMENT=2 DEFAULT CHARSET=utf8;

-- ----------------------------
-- Records of orders_products
-- ----------------------------
INSERT INTO `orders_products` VALUES ('1', '1', '182', '0003', 'Violet Solid Backed Canvas', '19.9900', '19.9900', '0.0000', '1', '0.0000', '0', '0', '0', '0', '182');

-- ----------------------------
-- Table structure for `orders_products_attributes`
-- ----------------------------
DROP TABLE IF EXISTS `orders_products_attributes`;
CREATE TABLE `orders_products_attributes` (
  `orders_products_attributes_id` int(11) NOT NULL AUTO_INCREMENT,
  `orders_id` int(11) NOT NULL DEFAULT '0',
  `orders_products_id` int(11) NOT NULL DEFAULT '0',
  `products_options` varchar(32) NOT NULL DEFAULT '',
  `products_options_values` text NOT NULL,
  `options_values_price` decimal(15,4) NOT NULL DEFAULT '0.0000',
  `price_prefix` char(1) NOT NULL DEFAULT '',
  `product_attribute_is_free` tinyint(1) NOT NULL DEFAULT '0',
  `products_attributes_weight` float NOT NULL DEFAULT '0',
  `products_attributes_weight_prefix` char(1) NOT NULL DEFAULT '',
  `attributes_discounted` tinyint(1) NOT NULL DEFAULT '1',
  `attributes_price_base_included` tinyint(1) NOT NULL DEFAULT '1',
  `attributes_price_onetime` decimal(15,4) NOT NULL DEFAULT '0.0000',
  `attributes_price_factor` decimal(15,4) NOT NULL DEFAULT '0.0000',
  `attributes_price_factor_offset` decimal(15,4) NOT NULL DEFAULT '0.0000',
  `attributes_price_factor_onetime` decimal(15,4) NOT NULL DEFAULT '0.0000',
  `attributes_price_factor_onetime_offset` decimal(15,4) NOT NULL DEFAULT '0.0000',
  `attributes_qty_prices` text,
  `attributes_qty_prices_onetime` text,
  `attributes_price_words` decimal(15,4) NOT NULL DEFAULT '0.0000',
  `attributes_price_words_free` int(4) NOT NULL DEFAULT '0',
  `attributes_price_letters` decimal(15,4) NOT NULL DEFAULT '0.0000',
  `attributes_price_letters_free` int(4) NOT NULL DEFAULT '0',
  `products_options_id` int(11) NOT NULL DEFAULT '0',
  `products_options_values_id` int(11) NOT NULL DEFAULT '0',
  `products_prid` tinytext NOT NULL,
  PRIMARY KEY (`orders_products_attributes_id`),
  KEY `idx_orders_id_prod_id_zen` (`orders_id`,`orders_products_id`)
) ENGINE=MyISAM DEFAULT CHARSET=utf8;

-- ----------------------------
-- Records of orders_products_attributes
-- ----------------------------

-- ----------------------------
-- Table structure for `orders_products_download`
-- ----------------------------
DROP TABLE IF EXISTS `orders_products_download`;
CREATE TABLE `orders_products_download` (
  `orders_products_download_id` int(11) NOT NULL AUTO_INCREMENT,
  `orders_id` int(11) NOT NULL DEFAULT '0',
  `orders_products_id` int(11) NOT NULL DEFAULT '0',
  `orders_products_filename` varchar(255) NOT NULL DEFAULT '',
  `download_maxdays` int(2) NOT NULL DEFAULT '0',
  `download_count` int(2) NOT NULL DEFAULT '0',
  `products_prid` tinytext NOT NULL,
  PRIMARY KEY (`orders_products_download_id`),
  KEY `idx_orders_id_zen` (`orders_id`),
  KEY `idx_orders_products_id_zen` (`orders_products_id`)
) ENGINE=MyISAM DEFAULT CHARSET=utf8;

-- ----------------------------
-- Records of orders_products_download
-- ----------------------------

-- ----------------------------
-- Table structure for `orders_status`
-- ----------------------------
DROP TABLE IF EXISTS `orders_status`;
CREATE TABLE `orders_status` (
  `orders_status_id` int(11) NOT NULL DEFAULT '0',
  `language_id` int(11) NOT NULL DEFAULT '1',
  `orders_status_name` varchar(32) NOT NULL DEFAULT '',
  PRIMARY KEY (`orders_status_id`,`language_id`),
  KEY `idx_orders_status_name_zen` (`orders_status_name`)
) ENGINE=MyISAM DEFAULT CHARSET=utf8;

-- ----------------------------
-- Records of orders_status
-- ----------------------------
INSERT INTO `orders_status` VALUES ('1', '1', 'Pending');
INSERT INTO `orders_status` VALUES ('2', '1', 'Processing');
INSERT INTO `orders_status` VALUES ('3', '1', 'Delivered');
INSERT INTO `orders_status` VALUES ('4', '1', 'Update');

-- ----------------------------
-- Table structure for `orders_status_history`
-- ----------------------------
DROP TABLE IF EXISTS `orders_status_history`;
CREATE TABLE `orders_status_history` (
  `orders_status_history_id` int(11) NOT NULL AUTO_INCREMENT,
  `orders_id` int(11) NOT NULL DEFAULT '0',
  `orders_status_id` int(5) NOT NULL DEFAULT '0',
  `date_added` datetime NOT NULL DEFAULT '0001-01-01 00:00:00',
  `customer_notified` int(1) DEFAULT '0',
  `comments` text,
  PRIMARY KEY (`orders_status_history_id`),
  KEY `idx_orders_id_status_id_zen` (`orders_id`,`orders_status_id`)
) ENGINE=MyISAM AUTO_INCREMENT=2 DEFAULT CHARSET=utf8;

-- ----------------------------
-- Records of orders_status_history
-- ----------------------------
INSERT INTO `orders_status_history` VALUES ('1', '1', '1', '2014-12-27 04:04:48', '1', '');

-- ----------------------------
-- Table structure for `orders_total`
-- ----------------------------
DROP TABLE IF EXISTS `orders_total`;
CREATE TABLE `orders_total` (
  `orders_total_id` int(10) unsigned NOT NULL AUTO_INCREMENT,
  `orders_id` int(11) NOT NULL DEFAULT '0',
  `title` varchar(255) NOT NULL DEFAULT '',
  `text` varchar(255) NOT NULL DEFAULT '',
  `value` decimal(15,4) NOT NULL DEFAULT '0.0000',
  `class` varchar(32) NOT NULL DEFAULT '',
  `sort_order` int(11) NOT NULL DEFAULT '0',
  PRIMARY KEY (`orders_total_id`),
  KEY `idx_ot_orders_id_zen` (`orders_id`),
  KEY `idx_ot_class_zen` (`class`)
) ENGINE=MyISAM AUTO_INCREMENT=4 DEFAULT CHARSET=utf8;

-- ----------------------------
-- Records of orders_total
-- ----------------------------
INSERT INTO `orders_total` VALUES ('1', '1', 'Sub-Total:', '$19.99', '19.9900', 'ot_subtotal', '100');
INSERT INTO `orders_total` VALUES ('2', '1', 'Per Item (Best Way):', '$2.50', '2.5000', 'ot_shipping', '200');
INSERT INTO `orders_total` VALUES ('3', '1', 'Total:', '$22.49', '22.4900', 'ot_total', '999');

-- ----------------------------
-- Table structure for `paypal`
-- ----------------------------
DROP TABLE IF EXISTS `paypal`;
CREATE TABLE `paypal` (
  `paypal_ipn_id` int(11) unsigned NOT NULL AUTO_INCREMENT,
  `order_id` int(11) unsigned NOT NULL DEFAULT '0',
  `txn_type` varchar(40) NOT NULL DEFAULT '',
  `module_name` varchar(40) NOT NULL DEFAULT '',
  `module_mode` varchar(40) NOT NULL DEFAULT '',
  `reason_code` varchar(40) DEFAULT NULL,
  `payment_type` varchar(40) NOT NULL DEFAULT '',
  `payment_status` varchar(32) NOT NULL DEFAULT '',
  `pending_reason` varchar(32) DEFAULT NULL,
  `invoice` varchar(128) DEFAULT NULL,
  `mc_currency` char(3) NOT NULL DEFAULT '',
  `first_name` varchar(32) NOT NULL DEFAULT '',
  `last_name` varchar(32) NOT NULL DEFAULT '',
  `payer_business_name` varchar(128) DEFAULT NULL,
  `address_name` varchar(64) DEFAULT NULL,
  `address_street` varchar(254) DEFAULT NULL,
  `address_city` varchar(120) DEFAULT NULL,
  `address_state` varchar(120) DEFAULT NULL,
  `address_zip` varchar(10) DEFAULT NULL,
  `address_country` varchar(64) DEFAULT NULL,
  `address_status` varchar(11) DEFAULT NULL,
  `payer_email` varchar(128) NOT NULL DEFAULT '',
  `payer_id` varchar(32) NOT NULL DEFAULT '',
  `payer_status` varchar(10) NOT NULL DEFAULT '',
  `payment_date` datetime NOT NULL DEFAULT '0001-01-01 00:00:00',
  `business` varchar(128) NOT NULL DEFAULT '',
  `receiver_email` varchar(128) NOT NULL DEFAULT '',
  `receiver_id` varchar(32) NOT NULL DEFAULT '',
  `txn_id` varchar(20) NOT NULL DEFAULT '',
  `parent_txn_id` varchar(20) DEFAULT NULL,
  `num_cart_items` tinyint(4) unsigned NOT NULL DEFAULT '1',
  `mc_gross` decimal(7,2) NOT NULL DEFAULT '0.00',
  `mc_fee` decimal(7,2) NOT NULL DEFAULT '0.00',
  `payment_gross` decimal(7,2) DEFAULT NULL,
  `payment_fee` decimal(7,2) DEFAULT NULL,
  `settle_amount` decimal(7,2) DEFAULT NULL,
  `settle_currency` char(3) DEFAULT NULL,
  `exchange_rate` decimal(4,2) DEFAULT NULL,
  `notify_version` varchar(6) NOT NULL DEFAULT '',
  `verify_sign` varchar(128) NOT NULL DEFAULT '',
  `last_modified` datetime NOT NULL DEFAULT '0001-01-01 00:00:00',
  `date_added` datetime NOT NULL DEFAULT '0001-01-01 00:00:00',
  `memo` text,
  PRIMARY KEY (`paypal_ipn_id`,`txn_id`),
  KEY `idx_order_id_zen` (`order_id`)
) ENGINE=MyISAM DEFAULT CHARSET=utf8;

-- ----------------------------
-- Records of paypal
-- ----------------------------

-- ----------------------------
-- Table structure for `paypal_payment_status`
-- ----------------------------
DROP TABLE IF EXISTS `paypal_payment_status`;
CREATE TABLE `paypal_payment_status` (
  `payment_status_id` int(11) NOT NULL AUTO_INCREMENT,
  `payment_status_name` varchar(64) NOT NULL DEFAULT '',
  PRIMARY KEY (`payment_status_id`)
) ENGINE=MyISAM AUTO_INCREMENT=8 DEFAULT CHARSET=utf8;

-- ----------------------------
-- Records of paypal_payment_status
-- ----------------------------
INSERT INTO `paypal_payment_status` VALUES ('1', 'Completed');
INSERT INTO `paypal_payment_status` VALUES ('2', 'Pending');
INSERT INTO `paypal_payment_status` VALUES ('3', 'Failed');
INSERT INTO `paypal_payment_status` VALUES ('4', 'Denied');
INSERT INTO `paypal_payment_status` VALUES ('5', 'Refunded');
INSERT INTO `paypal_payment_status` VALUES ('6', 'Canceled_Reversal');
INSERT INTO `paypal_payment_status` VALUES ('7', 'Reversed');

-- ----------------------------
-- Table structure for `paypal_payment_status_history`
-- ----------------------------
DROP TABLE IF EXISTS `paypal_payment_status_history`;
CREATE TABLE `paypal_payment_status_history` (
  `payment_status_history_id` int(11) NOT NULL AUTO_INCREMENT,
  `paypal_ipn_id` int(11) NOT NULL DEFAULT '0',
  `txn_id` varchar(64) NOT NULL DEFAULT '',
  `parent_txn_id` varchar(64) NOT NULL DEFAULT '',
  `payment_status` varchar(17) NOT NULL DEFAULT '',
  `pending_reason` varchar(14) DEFAULT NULL,
  `date_added` datetime NOT NULL DEFAULT '0001-01-01 00:00:00',
  PRIMARY KEY (`payment_status_history_id`),
  KEY `idx_paypal_ipn_id_zen` (`paypal_ipn_id`)
) ENGINE=MyISAM DEFAULT CHARSET=utf8;

-- ----------------------------
-- Records of paypal_payment_status_history
-- ----------------------------

-- ----------------------------
-- Table structure for `paypal_session`
-- ----------------------------
DROP TABLE IF EXISTS `paypal_session`;
CREATE TABLE `paypal_session` (
  `unique_id` int(11) NOT NULL AUTO_INCREMENT,
  `session_id` text NOT NULL,
  `saved_session` mediumblob NOT NULL,
  `expiry` int(17) NOT NULL DEFAULT '0',
  PRIMARY KEY (`unique_id`),
  KEY `idx_session_id_zen` (`session_id`(36))
) ENGINE=MyISAM DEFAULT CHARSET=utf8;

-- ----------------------------
-- Records of paypal_session
-- ----------------------------

-- ----------------------------
-- Table structure for `paypal_testing`
-- ----------------------------
DROP TABLE IF EXISTS `paypal_testing`;
CREATE TABLE `paypal_testing` (
  `paypal_ipn_id` int(11) unsigned NOT NULL AUTO_INCREMENT,
  `order_id` int(11) unsigned NOT NULL DEFAULT '0',
  `custom` varchar(255) NOT NULL DEFAULT '',
  `txn_type` varchar(40) NOT NULL DEFAULT '',
  `module_name` varchar(40) NOT NULL DEFAULT '',
  `module_mode` varchar(40) NOT NULL DEFAULT '',
  `reason_code` varchar(40) DEFAULT NULL,
  `payment_type` varchar(40) NOT NULL DEFAULT '',
  `payment_status` varchar(32) NOT NULL DEFAULT '',
  `pending_reason` varchar(32) DEFAULT NULL,
  `invoice` varchar(128) DEFAULT NULL,
  `mc_currency` char(3) NOT NULL DEFAULT '',
  `first_name` varchar(32) NOT NULL DEFAULT '',
  `last_name` varchar(32) NOT NULL DEFAULT '',
  `payer_business_name` varchar(128) DEFAULT NULL,
  `address_name` varchar(64) DEFAULT NULL,
  `address_street` varchar(254) DEFAULT NULL,
  `address_city` varchar(120) DEFAULT NULL,
  `address_state` varchar(120) DEFAULT NULL,
  `address_zip` varchar(10) DEFAULT NULL,
  `address_country` varchar(64) DEFAULT NULL,
  `address_status` varchar(11) DEFAULT NULL,
  `payer_email` varchar(128) NOT NULL DEFAULT '',
  `payer_id` varchar(32) NOT NULL DEFAULT '',
  `payer_status` varchar(10) NOT NULL DEFAULT '',
  `payment_date` datetime NOT NULL DEFAULT '0001-01-01 00:00:00',
  `business` varchar(128) NOT NULL DEFAULT '',
  `receiver_email` varchar(128) NOT NULL DEFAULT '',
  `receiver_id` varchar(32) NOT NULL DEFAULT '',
  `txn_id` varchar(20) NOT NULL DEFAULT '',
  `parent_txn_id` varchar(20) DEFAULT NULL,
  `num_cart_items` tinyint(4) unsigned NOT NULL DEFAULT '1',
  `mc_gross` decimal(7,2) NOT NULL DEFAULT '0.00',
  `mc_fee` decimal(7,2) NOT NULL DEFAULT '0.00',
  `payment_gross` decimal(7,2) DEFAULT NULL,
  `payment_fee` decimal(7,2) DEFAULT NULL,
  `settle_amount` decimal(7,2) DEFAULT NULL,
  `settle_currency` char(3) DEFAULT NULL,
  `exchange_rate` decimal(4,2) DEFAULT NULL,
  `notify_version` decimal(2,1) NOT NULL DEFAULT '0.0',
  `verify_sign` varchar(128) NOT NULL DEFAULT '',
  `last_modified` datetime NOT NULL DEFAULT '0001-01-01 00:00:00',
  `date_added` datetime NOT NULL DEFAULT '0001-01-01 00:00:00',
  `memo` text,
  PRIMARY KEY (`paypal_ipn_id`,`txn_id`),
  KEY `idx_order_id_zen` (`order_id`)
) ENGINE=MyISAM DEFAULT CHARSET=utf8;

-- ----------------------------
-- Records of paypal_testing
-- ----------------------------

-- ----------------------------
-- Table structure for `products`
-- ----------------------------
DROP TABLE IF EXISTS `products`;
CREATE TABLE `products` (
  `products_id` int(11) NOT NULL AUTO_INCREMENT,
  `products_type` int(11) NOT NULL DEFAULT '1',
  `products_quantity` float NOT NULL DEFAULT '0',
  `products_model` varchar(32) DEFAULT NULL,
  `products_image` varchar(64) DEFAULT NULL,
  `products_price` decimal(15,4) NOT NULL DEFAULT '0.0000',
  `products_virtual` tinyint(1) NOT NULL DEFAULT '0',
  `products_date_added` datetime NOT NULL DEFAULT '0001-01-01 00:00:00',
  `products_last_modified` datetime DEFAULT NULL,
  `products_date_available` datetime DEFAULT NULL,
  `products_weight` float NOT NULL DEFAULT '0',
  `products_status` tinyint(1) NOT NULL DEFAULT '0',
  `products_tax_class_id` int(11) NOT NULL DEFAULT '0',
  `manufacturers_id` int(11) DEFAULT NULL,
  `products_ordered` float NOT NULL DEFAULT '0',
  `products_quantity_order_min` float NOT NULL DEFAULT '1',
  `products_quantity_order_units` float NOT NULL DEFAULT '1',
  `products_priced_by_attribute` tinyint(1) NOT NULL DEFAULT '0',
  `product_is_free` tinyint(1) NOT NULL DEFAULT '0',
  `product_is_call` tinyint(1) NOT NULL DEFAULT '0',
  `products_quantity_mixed` tinyint(1) NOT NULL DEFAULT '0',
  `product_is_always_free_shipping` tinyint(1) NOT NULL DEFAULT '0',
  `products_qty_box_status` tinyint(1) NOT NULL DEFAULT '1',
  `products_quantity_order_max` float NOT NULL DEFAULT '0',
  `products_sort_order` int(11) NOT NULL DEFAULT '0',
  `products_discount_type` tinyint(1) NOT NULL DEFAULT '0',
  `products_discount_type_from` tinyint(1) NOT NULL DEFAULT '0',
  `products_price_sorter` decimal(15,4) NOT NULL DEFAULT '0.0000',
  `master_categories_id` int(11) NOT NULL DEFAULT '0',
  `products_mixed_discount_quantity` tinyint(1) NOT NULL DEFAULT '1',
  `metatags_title_status` tinyint(1) NOT NULL DEFAULT '0',
  `metatags_products_name_status` tinyint(1) NOT NULL DEFAULT '0',
  `metatags_model_status` tinyint(1) NOT NULL DEFAULT '0',
  `metatags_price_status` tinyint(1) NOT NULL DEFAULT '0',
  `metatags_title_tagline_status` tinyint(1) NOT NULL DEFAULT '0',
  PRIMARY KEY (`products_id`),
  KEY `idx_products_date_added_zen` (`products_date_added`),
  KEY `idx_products_status_zen` (`products_status`),
  KEY `idx_products_date_available_zen` (`products_date_available`),
  KEY `idx_products_ordered_zen` (`products_ordered`),
  KEY `idx_products_model_zen` (`products_model`),
  KEY `idx_products_price_sorter_zen` (`products_price_sorter`),
  KEY `idx_master_categories_id_zen` (`master_categories_id`),
  KEY `idx_products_sort_order_zen` (`products_sort_order`),
  KEY `idx_manufacturers_id_zen` (`manufacturers_id`)
) ENGINE=MyISAM AUTO_INCREMENT=197 DEFAULT CHARSET=utf8;

-- ----------------------------
-- Records of products
-- ----------------------------
INSERT INTO `products` VALUES ('180', '1', '100', '0001-1', 'large/304669.jpg', '17.9900', '0', '2014-12-25 00:55:48', '2014-12-25 00:57:09', null, '0', '1', '0', '0', '1', '1', '1', '0', '0', '0', '1', '0', '1', '0', '0', '0', '0', '9.9900', '74', '1', '0', '0', '0', '0', '0');
INSERT INTO `products` VALUES ('181', '1', '100', '0001-2', 'large/HP8166.jpg', '19.9900', '0', '2014-12-25 00:59:25', null, null, '0', '1', '0', '0', '2', '1', '1', '0', '0', '0', '1', '0', '1', '0', '0', '0', '0', '19.9900', '74', '1', '0', '0', '0', '0', '0');
INSERT INTO `products` VALUES ('182', '1', '99', '0001-3', 'large/HP21557.jpg', '19.9900', '0', '2014-12-25 01:03:33', null, null, '0', '1', '0', '0', '1', '1', '1', '0', '0', '0', '1', '0', '1', '0', '0', '0', '0', '19.9900', '74', '1', '0', '0', '0', '0', '0');
INSERT INTO `products` VALUES ('183', '1', '100', '0001-4', 'large/103649.jpg', '24.9900', '0', '2014-12-25 01:04:54', null, null, '0', '1', '0', '0', '0', '1', '1', '0', '0', '0', '1', '0', '1', '0', '0', '0', '0', '24.9900', '74', '1', '0', '0', '0', '0', '0');
INSERT INTO `products` VALUES ('184', '1', '100', '0005', 'large/304289.jpg', '89.9900', '0', '2014-12-25 01:05:49', '2014-12-25 01:33:07', '0001-01-01 00:00:00', '0', '1', '0', '0', '0', '1', '1', '0', '0', '0', '1', '0', '1', '0', '0', '0', '0', '29.9900', '74', '0', '0', '0', '0', '0', '0');
INSERT INTO `products` VALUES ('185', '1', '100', '0006', 'large/304290.jpg', '9.9900', '0', '2014-12-25 01:06:37', null, null, '0', '1', '0', '0', '0', '1', '1', '0', '0', '0', '1', '0', '1', '0', '0', '0', '0', '9.9900', '74', '1', '0', '0', '0', '0', '0');
INSERT INTO `products` VALUES ('186', '1', '100', '0007', 'large/304291.jpg', '24.9900', '0', '2014-12-25 01:07:16', null, null, '0', '1', '0', '0', '0', '1', '1', '0', '0', '0', '1', '0', '1', '0', '0', '0', '0', '24.9900', '74', '1', '0', '0', '0', '0', '0');
INSERT INTO `products` VALUES ('187', '1', '0', '', 'large/304292.jpg', '89.9900', '0', '2014-12-25 01:08:04', null, null, '0', '1', '0', '0', '0', '1', '1', '0', '0', '0', '1', '0', '1', '0', '0', '0', '0', '89.9900', '74', '1', '0', '0', '0', '0', '0');
INSERT INTO `products` VALUES ('188', '1', '100', '0045', 'large/304294.jpg', '59.9900', '0', '2014-12-25 01:09:14', null, null, '0', '1', '0', '0', '0', '1', '1', '0', '0', '0', '1', '0', '1', '0', '0', '0', '0', '59.9900', '74', '1', '0', '0', '0', '0', '0');
INSERT INTO `products` VALUES ('189', '1', '100', '0049', '304295.jpg', '198.9900', '0', '2014-12-25 01:10:10', null, null, '0', '1', '0', '0', '0', '1', '1', '0', '0', '0', '1', '0', '1', '0', '0', '0', '0', '198.9900', '74', '1', '0', '0', '0', '0', '0');
INSERT INTO `products` VALUES ('190', '1', '0', '', 'large/304296.jpg', '24.9900', '0', '2014-12-25 01:11:10', null, null, '0', '1', '0', '0', '0', '1', '1', '0', '0', '0', '1', '0', '1', '0', '0', '0', '0', '24.9900', '74', '1', '0', '0', '0', '0', '0');
INSERT INTO `products` VALUES ('191', '1', '0', '', 'large/106643.jpg', '59.9900', '0', '2014-12-25 01:11:57', null, null, '0', '1', '0', '0', '0', '1', '1', '0', '0', '0', '1', '0', '1', '0', '0', '0', '0', '59.9900', '74', '1', '0', '0', '0', '0', '0');
INSERT INTO `products` VALUES ('192', '1', '3213', '321', 'large/305964.jpg', '19.9900', '0', '2014-12-25 01:47:57', null, null, '0', '1', '0', '0', '0', '1', '1', '0', '0', '0', '1', '0', '1', '0', '0', '0', '0', '19.9900', '75', '1', '0', '0', '0', '0', '0');
INSERT INTO `products` VALUES ('193', '1', '100', '43243', 'large/unnamed_64_.jpg', '59.9900', '0', '2014-12-25 01:48:41', null, null, '0', '1', '0', '0', '0', '1', '1', '0', '0', '0', '1', '0', '1', '0', '0', '0', '0', '59.9900', '75', '1', '0', '0', '0', '0', '0');
INSERT INTO `products` VALUES ('194', '1', '100', '54355', 'large/306009.jpg', '59.9900', '0', '2014-12-25 01:49:17', null, null, '0', '1', '0', '0', '0', '1', '1', '0', '0', '0', '1', '0', '1', '0', '0', '0', '0', '59.9900', '75', '1', '0', '0', '0', '0', '0');
INSERT INTO `products` VALUES ('195', '1', '100', '2222', 'large/305888.jpg', '24.9900', '0', '2014-12-25 01:50:46', null, null, '0', '1', '0', '0', '0', '1', '1', '0', '0', '0', '1', '0', '1', '0', '0', '0', '0', '24.9900', '79', '1', '0', '0', '0', '0', '0');
INSERT INTO `products` VALUES ('196', '1', '100', '33434', 'large/305890.jpg', '89.9900', '0', '2014-12-25 01:51:21', null, null, '0', '1', '0', '0', '0', '1', '1', '0', '0', '0', '1', '0', '1', '0', '0', '0', '0', '89.9900', '79', '1', '0', '0', '0', '0', '0');

-- ----------------------------
-- Table structure for `products_attributes`
-- ----------------------------
DROP TABLE IF EXISTS `products_attributes`;
CREATE TABLE `products_attributes` (
  `products_attributes_id` int(11) NOT NULL AUTO_INCREMENT,
  `products_id` int(11) NOT NULL DEFAULT '0',
  `options_id` int(11) NOT NULL DEFAULT '0',
  `options_values_id` int(11) NOT NULL DEFAULT '0',
  `options_values_price` decimal(15,4) NOT NULL DEFAULT '0.0000',
  `price_prefix` char(1) NOT NULL DEFAULT '',
  `products_options_sort_order` int(11) NOT NULL DEFAULT '0',
  `product_attribute_is_free` tinyint(1) NOT NULL DEFAULT '0',
  `products_attributes_weight` float NOT NULL DEFAULT '0',
  `products_attributes_weight_prefix` char(1) NOT NULL DEFAULT '',
  `attributes_display_only` tinyint(1) NOT NULL DEFAULT '0',
  `attributes_default` tinyint(1) NOT NULL DEFAULT '0',
  `attributes_discounted` tinyint(1) NOT NULL DEFAULT '1',
  `attributes_image` varchar(64) DEFAULT NULL,
  `attributes_price_base_included` tinyint(1) NOT NULL DEFAULT '1',
  `attributes_price_onetime` decimal(15,4) NOT NULL DEFAULT '0.0000',
  `attributes_price_factor` decimal(15,4) NOT NULL DEFAULT '0.0000',
  `attributes_price_factor_offset` decimal(15,4) NOT NULL DEFAULT '0.0000',
  `attributes_price_factor_onetime` decimal(15,4) NOT NULL DEFAULT '0.0000',
  `attributes_price_factor_onetime_offset` decimal(15,4) NOT NULL DEFAULT '0.0000',
  `attributes_qty_prices` text,
  `attributes_qty_prices_onetime` text,
  `attributes_price_words` decimal(15,4) NOT NULL DEFAULT '0.0000',
  `attributes_price_words_free` int(4) NOT NULL DEFAULT '0',
  `attributes_price_letters` decimal(15,4) NOT NULL DEFAULT '0.0000',
  `attributes_price_letters_free` int(4) NOT NULL DEFAULT '0',
  `attributes_required` tinyint(1) NOT NULL DEFAULT '0',
  PRIMARY KEY (`products_attributes_id`),
  KEY `idx_id_options_id_values_zen` (`products_id`,`options_id`,`options_values_id`),
  KEY `idx_opt_sort_order_zen` (`products_options_sort_order`)
) ENGINE=MyISAM AUTO_INCREMENT=1127 DEFAULT CHARSET=utf8;

-- ----------------------------
-- Records of products_attributes
-- ----------------------------
INSERT INTO `products_attributes` VALUES ('1119', '185', '2', '48', '0.0000', '+', '0', '1', '0', '+', '0', '0', '1', '', '1', '0.0000', '0.0000', '0.0000', '0.0000', '0.0000', '', '', '0.0000', '0', '0.0000', '0', '0');
INSERT INTO `products_attributes` VALUES ('1120', '185', '3', '52', '0.0000', '+', '0', '1', '0', '+', '0', '0', '1', '', '1', '0.0000', '0.0000', '0.0000', '0.0000', '0.0000', '', '', '0.0000', '0', '0.0000', '0', '0');
INSERT INTO `products_attributes` VALUES ('1121', '191', '1', '32', '0.0000', '+', '110', '1', '0', '+', '0', '0', '1', '', '1', '0.0000', '0.0000', '0.0000', '0.0000', '0.0000', '', '', '0.0000', '0', '0.0000', '0', '0');
INSERT INTO `products_attributes` VALUES ('1107', '184', '1', '32', '0.0000', '+', '110', '1', '0', '+', '0', '0', '1', '', '1', '0.0000', '0.0000', '0.0000', '0.0000', '0.0000', '', '', '0.0000', '0', '0.0000', '0', '0');
INSERT INTO `products_attributes` VALUES ('1123', '191', '3', '57', '0.0000', '+', '0', '1', '0', '+', '0', '0', '1', '', '1', '0.0000', '0.0000', '0.0000', '0.0000', '0.0000', '', '', '0.0000', '0', '0.0000', '0', '0');
INSERT INTO `products_attributes` VALUES ('1124', '183', '3', '57', '0.0000', '+', '0', '1', '0', '+', '0', '0', '1', '', '1', '0.0000', '0.0000', '0.0000', '0.0000', '0.0000', '', '', '0.0000', '0', '0.0000', '0', '0');
INSERT INTO `products_attributes` VALUES ('1125', '183', '2', '48', '0.0000', '+', '0', '1', '0', '+', '0', '0', '1', '', '1', '0.0000', '0.0000', '0.0000', '0.0000', '0.0000', '', '', '0.0000', '0', '0.0000', '0', '0');
INSERT INTO `products_attributes` VALUES ('1122', '191', '2', '46', '0.0000', '+', '0', '1', '0', '+', '0', '0', '1', '', '1', '0.0000', '0.0000', '0.0000', '0.0000', '0.0000', '', '', '0.0000', '0', '0.0000', '0', '0');
INSERT INTO `products_attributes` VALUES ('1116', '184', '2', '48', '0.0000', '+', '0', '1', '0', '+', '0', '0', '1', '', '1', '0.0000', '0.0000', '0.0000', '0.0000', '0.0000', '', '', '0.0000', '0', '0.0000', '0', '0');
INSERT INTO `products_attributes` VALUES ('1117', '184', '3', '52', '0.0000', '+', '0', '1', '0', '+', '0', '0', '1', '', '1', '0.0000', '0.0000', '0.0000', '0.0000', '0.0000', '', '', '0.0000', '0', '0.0000', '0', '0');
INSERT INTO `products_attributes` VALUES ('1118', '185', '1', '29', '0.0000', '+', '80', '1', '0', '+', '0', '0', '1', '', '1', '0.0000', '0.0000', '0.0000', '0.0000', '0.0000', '', '', '0.0000', '0', '0.0000', '0', '0');
INSERT INTO `products_attributes` VALUES ('1126', '183', '1', '16', '0.0000', '+', '10', '1', '0', '+', '0', '0', '1', '', '1', '0.0000', '0.0000', '0.0000', '0.0000', '0.0000', '', '', '0.0000', '0', '0.0000', '0', '0');

-- ----------------------------
-- Table structure for `products_attributes_download`
-- ----------------------------
DROP TABLE IF EXISTS `products_attributes_download`;
CREATE TABLE `products_attributes_download` (
  `products_attributes_id` int(11) NOT NULL DEFAULT '0',
  `products_attributes_filename` varchar(255) NOT NULL DEFAULT '',
  `products_attributes_maxdays` int(2) DEFAULT '0',
  `products_attributes_maxcount` int(2) DEFAULT '0',
  PRIMARY KEY (`products_attributes_id`)
) ENGINE=MyISAM DEFAULT CHARSET=utf8;

-- ----------------------------
-- Records of products_attributes_download
-- ----------------------------
INSERT INTO `products_attributes_download` VALUES ('26', 'unreal.zip', '7', '3');
INSERT INTO `products_attributes_download` VALUES ('1040', 'test.zip', '7', '5');
INSERT INTO `products_attributes_download` VALUES ('1041', 'test2.zip', '7', '5');
INSERT INTO `products_attributes_download` VALUES ('1042', 'test2.zip', '7', '5');
INSERT INTO `products_attributes_download` VALUES ('1043', 'test.zip', '7', '5');
INSERT INTO `products_attributes_download` VALUES ('1044', 'test.zip', '7', '5');
INSERT INTO `products_attributes_download` VALUES ('1088', 'ms_word_sample.zip', '7', '5');
INSERT INTO `products_attributes_download` VALUES ('1089', 'pdf_sample.zip', '7', '5');
INSERT INTO `products_attributes_download` VALUES ('1093', 'test.zip', '7', '5');
INSERT INTO `products_attributes_download` VALUES ('1094', 'test2.zip', '7', '5');
INSERT INTO `products_attributes_download` VALUES ('1100', 'ms_word_sample.zip', '7', '5');
INSERT INTO `products_attributes_download` VALUES ('1103', 'pdf_sample.zip', '7', '5');

-- ----------------------------
-- Table structure for `products_description`
-- ----------------------------
DROP TABLE IF EXISTS `products_description`;
CREATE TABLE `products_description` (
  `products_id` int(11) NOT NULL AUTO_INCREMENT,
  `language_id` int(11) NOT NULL DEFAULT '1',
  `products_name` varchar(64) NOT NULL DEFAULT '',
  `products_description` text,
  `products_url` varchar(255) DEFAULT NULL,
  `products_viewed` int(5) DEFAULT '0',
  `related_products` varchar(255) DEFAULT '' COMMENT '',
  PRIMARY KEY (`products_id`,`language_id`),
  KEY `idx_products_name_zen` (`products_name`)
) ENGINE=MyISAM AUTO_INCREMENT=197 DEFAULT CHARSET=utf8;

-- ----------------------------
-- Records of products_description
-- ----------------------------
INSERT INTO `products_description` VALUES ('180', '1', 'Yellow Checkered Cotton Canvas', 'Yellow Checkered Cotton Canvas', '', '401', '');
INSERT INTO `products_description` VALUES ('181', '1', 'Off-White/Lime Floral Canvas', '', '', '47', '');
INSERT INTO `products_description` VALUES ('182', '1', 'Violet Solid Backed Canvas', '', '', '69', '');
INSERT INTO `products_description` VALUES ('183', '1', 'Cream and Black Buffalo Check Cotton', '', '', '31', '');
INSERT INTO `products_description` VALUES ('184', '1', 'Apricot Ice Midweight Water-Resistant Cotton Canvas', '', '', '38', '');
INSERT INTO `products_description` VALUES ('185', '1', 'Bright Green Midweight Water-Resistant Cotton Canvas', '', '', '44', '');
INSERT INTO `products_description` VALUES ('186', '1', 'Return Policy | Shipping Info Deco Rose Herringbone Water-Resis', '', '', '11', '');
INSERT INTO `products_description` VALUES ('187', '1', 'Return Policy | Shipping Info Almond Buff Midweight Water-Resis', '', '', '5', '');
INSERT INTO `products_description` VALUES ('188', '1', 'White Midweight Water-Resistant Cotton Canvas', '', '', '1', '');
INSERT INTO `products_description` VALUES ('189', '1', 'Harbor Blue Midweight Water-Resistant Cotton Canvas', '', '', '0', '');
INSERT INTO `products_description` VALUES ('190', '1', 'Grape Wine Midweight Water-Resistant Cotton Canvas', '', '', '0', '');
INSERT INTO `products_description` VALUES ('191', '1', 'Cherry Cotton Canvas Polka Dots', '', '', '17', '');
INSERT INTO `products_description` VALUES ('192', '1', 'Metallic Black/Copper Cotton-Poly Lawn', '', '', '0', '');
INSERT INTO `products_description` VALUES ('193', '1', 'Metallic Sage/Gold Cotton-Poly Lawn', '', '', '0', '');
INSERT INTO `products_description` VALUES ('194', '1', 'Metallic Black/Silver Cotton-Poly Lawn', '', '', '0', '');
INSERT INTO `products_description` VALUES ('195', '1', 'Limoge Blue Silk Crepe de Chine Solid', '', '', '0', '');
INSERT INTO `products_description` VALUES ('196', '1', 'Black Solid Silk Crepe De Chine', '', '', '0', '');

-- ----------------------------
-- Table structure for `products_discount_quantity`
-- ----------------------------
DROP TABLE IF EXISTS `products_discount_quantity`;
CREATE TABLE `products_discount_quantity` (
  `discount_id` int(4) NOT NULL DEFAULT '0',
  `products_id` int(11) NOT NULL DEFAULT '0',
  `discount_qty` float NOT NULL DEFAULT '0',
  `discount_price` decimal(15,4) NOT NULL DEFAULT '0.0000',
  KEY `idx_id_qty_zen` (`products_id`,`discount_qty`)
) ENGINE=MyISAM DEFAULT CHARSET=utf8;

-- ----------------------------
-- Records of products_discount_quantity
-- ----------------------------

-- ----------------------------
-- Table structure for `products_notifications`
-- ----------------------------
DROP TABLE IF EXISTS `products_notifications`;
CREATE TABLE `products_notifications` (
  `products_id` int(11) NOT NULL DEFAULT '0',
  `customers_id` int(11) NOT NULL DEFAULT '0',
  `date_added` datetime NOT NULL DEFAULT '0001-01-01 00:00:00',
  PRIMARY KEY (`products_id`,`customers_id`)
) ENGINE=MyISAM DEFAULT CHARSET=utf8;

-- ----------------------------
-- Records of products_notifications
-- ----------------------------

-- ----------------------------
-- Table structure for `products_options`
-- ----------------------------
DROP TABLE IF EXISTS `products_options`;
CREATE TABLE `products_options` (
  `products_options_id` int(11) NOT NULL DEFAULT '0',
  `language_id` int(11) NOT NULL DEFAULT '1',
  `products_options_name` varchar(32) NOT NULL DEFAULT '',
  `products_options_sort_order` int(11) NOT NULL DEFAULT '0',
  `products_options_type` int(5) NOT NULL DEFAULT '0',
  `products_options_length` smallint(2) NOT NULL DEFAULT '32',
  `products_options_comment` varchar(64) DEFAULT NULL,
  `products_options_size` smallint(2) NOT NULL DEFAULT '32',
  `products_options_images_per_row` int(2) DEFAULT '5',
  `products_options_images_style` int(1) DEFAULT '0',
  `products_options_rows` smallint(2) NOT NULL DEFAULT '1',
  PRIMARY KEY (`products_options_id`,`language_id`),
  KEY `idx_lang_id_zen` (`language_id`),
  KEY `idx_products_options_sort_order_zen` (`products_options_sort_order`),
  KEY `idx_products_options_name_zen` (`products_options_name`)
) ENGINE=MyISAM DEFAULT CHARSET=utf8;

-- ----------------------------
-- Records of products_options
-- ----------------------------
INSERT INTO `products_options` VALUES ('1', '1', 'Color', '10', '2', '32', '', '32', '5', '0', '1');
INSERT INTO `products_options` VALUES ('2', '1', 'Content', '0', '2', '32', '', '32', '0', '0', '0');
INSERT INTO `products_options` VALUES ('3', '1', 'Fabric Type', '0', '2', '32', '', '32', '0', '0', '0');

-- ----------------------------
-- Table structure for `products_options_types`
-- ----------------------------
DROP TABLE IF EXISTS `products_options_types`;
CREATE TABLE `products_options_types` (
  `products_options_types_id` int(11) NOT NULL DEFAULT '0',
  `products_options_types_name` varchar(32) DEFAULT NULL,
  PRIMARY KEY (`products_options_types_id`)
) ENGINE=MyISAM DEFAULT CHARSET=utf8 COMMENT='Track products_options_types';

-- ----------------------------
-- Records of products_options_types
-- ----------------------------
INSERT INTO `products_options_types` VALUES ('0', 'Dropdown');
INSERT INTO `products_options_types` VALUES ('1', 'Text');
INSERT INTO `products_options_types` VALUES ('2', 'Radio');
INSERT INTO `products_options_types` VALUES ('3', 'Checkbox');
INSERT INTO `products_options_types` VALUES ('4', 'File');
INSERT INTO `products_options_types` VALUES ('5', 'Read Only');

-- ----------------------------
-- Table structure for `products_options_values`
-- ----------------------------
DROP TABLE IF EXISTS `products_options_values`;
CREATE TABLE `products_options_values` (
  `products_options_values_id` int(11) NOT NULL DEFAULT '0',
  `language_id` int(11) NOT NULL DEFAULT '1',
  `products_options_values_name` varchar(64) NOT NULL DEFAULT '',
  `products_options_values_sort_order` int(11) NOT NULL DEFAULT '0',
  PRIMARY KEY (`products_options_values_id`,`language_id`),
  KEY `idx_products_options_values_name_zen` (`products_options_values_name`),
  KEY `idx_products_options_values_sort_order_zen` (`products_options_values_sort_order`)
) ENGINE=MyISAM DEFAULT CHARSET=utf8;

-- ----------------------------
-- Records of products_options_values
-- ----------------------------
INSERT INTO `products_options_values` VALUES ('0', '1', 'TEXT', '0');
INSERT INTO `products_options_values` VALUES ('58', '1', 'fleece', '0');
INSERT INTO `products_options_values` VALUES ('15', '1', 'Blue', '50');
INSERT INTO `products_options_values` VALUES ('16', '1', 'Red', '10');
INSERT INTO `products_options_values` VALUES ('17', '1', 'Yellow', '30');
INSERT INTO `products_options_values` VALUES ('57', '1', 'cotton', '0');
INSERT INTO `products_options_values` VALUES ('56', '1', 'chiffon', '0');
INSERT INTO `products_options_values` VALUES ('54', '1', 'china silk', '0');
INSERT INTO `products_options_values` VALUES ('55', '1', 'canvas', '0');
INSERT INTO `products_options_values` VALUES ('47', '1', 'bamboo', '0');
INSERT INTO `products_options_values` VALUES ('48', '1', 'acetate', '0');
INSERT INTO `products_options_values` VALUES ('49', '1', 'deer skin', '0');
INSERT INTO `products_options_values` VALUES ('50', '1', 'silk', '0');
INSERT INTO `products_options_values` VALUES ('51', '1', 'wool', '0');
INSERT INTO `products_options_values` VALUES ('52', '1', 'alpaca', '0');
INSERT INTO `products_options_values` VALUES ('53', '1', 'boucle', '0');
INSERT INTO `products_options_values` VALUES ('25', '1', 'Orange', '20');
INSERT INTO `products_options_values` VALUES ('26', '1', 'Green', '40');
INSERT INTO `products_options_values` VALUES ('27', '1', 'Purple', '60');
INSERT INTO `products_options_values` VALUES ('28', '1', 'Brown', '70');
INSERT INTO `products_options_values` VALUES ('29', '1', 'Black', '80');
INSERT INTO `products_options_values` VALUES ('30', '1', 'White', '90');
INSERT INTO `products_options_values` VALUES ('31', '1', 'Silver', '100');
INSERT INTO `products_options_values` VALUES ('32', '1', 'Gold', '110');
INSERT INTO `products_options_values` VALUES ('46', '1', 'cotton', '0');
INSERT INTO `products_options_values` VALUES ('45', '1', 'NONE', '5');

-- ----------------------------
-- Table structure for `products_options_values_to_products_options`
-- ----------------------------
DROP TABLE IF EXISTS `products_options_values_to_products_options`;
CREATE TABLE `products_options_values_to_products_options` (
  `products_options_values_to_products_options_id` int(11) NOT NULL AUTO_INCREMENT,
  `products_options_id` int(11) NOT NULL DEFAULT '0',
  `products_options_values_id` int(11) NOT NULL DEFAULT '0',
  PRIMARY KEY (`products_options_values_to_products_options_id`),
  KEY `idx_products_options_id_zen` (`products_options_id`),
  KEY `idx_products_options_values_id_zen` (`products_options_values_id`)
) ENGINE=MyISAM AUTO_INCREMENT=107 DEFAULT CHARSET=utf8;

-- ----------------------------
-- Records of products_options_values_to_products_options
-- ----------------------------
INSERT INTO `products_options_values_to_products_options` VALUES ('103', '3', '55');
INSERT INTO `products_options_values_to_products_options` VALUES ('102', '3', '54');
INSERT INTO `products_options_values_to_products_options` VALUES ('101', '3', '53');
INSERT INTO `products_options_values_to_products_options` VALUES ('100', '3', '52');
INSERT INTO `products_options_values_to_products_options` VALUES ('99', '2', '51');
INSERT INTO `products_options_values_to_products_options` VALUES ('15', '1', '15');
INSERT INTO `products_options_values_to_products_options` VALUES ('16', '1', '16');
INSERT INTO `products_options_values_to_products_options` VALUES ('17', '1', '17');
INSERT INTO `products_options_values_to_products_options` VALUES ('98', '2', '50');
INSERT INTO `products_options_values_to_products_options` VALUES ('97', '2', '49');
INSERT INTO `products_options_values_to_products_options` VALUES ('96', '2', '48');
INSERT INTO `products_options_values_to_products_options` VALUES ('95', '2', '47');
INSERT INTO `products_options_values_to_products_options` VALUES ('35', '1', '25');
INSERT INTO `products_options_values_to_products_options` VALUES ('36', '1', '26');
INSERT INTO `products_options_values_to_products_options` VALUES ('37', '1', '27');
INSERT INTO `products_options_values_to_products_options` VALUES ('38', '1', '28');
INSERT INTO `products_options_values_to_products_options` VALUES ('39', '1', '29');
INSERT INTO `products_options_values_to_products_options` VALUES ('40', '1', '30');
INSERT INTO `products_options_values_to_products_options` VALUES ('41', '1', '31');
INSERT INTO `products_options_values_to_products_options` VALUES ('42', '1', '32');
INSERT INTO `products_options_values_to_products_options` VALUES ('94', '2', '46');
INSERT INTO `products_options_values_to_products_options` VALUES ('106', '3', '58');
INSERT INTO `products_options_values_to_products_options` VALUES ('70', '1', '45');
INSERT INTO `products_options_values_to_products_options` VALUES ('105', '3', '57');
INSERT INTO `products_options_values_to_products_options` VALUES ('104', '3', '56');

-- ----------------------------
-- Table structure for `products_to_categories`
-- ----------------------------
DROP TABLE IF EXISTS `products_to_categories`;
CREATE TABLE `products_to_categories` (
  `products_id` int(11) NOT NULL DEFAULT '0',
  `categories_id` int(11) NOT NULL DEFAULT '0',
  PRIMARY KEY (`products_id`,`categories_id`),
  KEY `idx_cat_prod_id_zen` (`categories_id`,`products_id`)
) ENGINE=MyISAM DEFAULT CHARSET=utf8;

-- ----------------------------
-- Records of products_to_categories
-- ----------------------------
INSERT INTO `products_to_categories` VALUES ('180', '74');
INSERT INTO `products_to_categories` VALUES ('181', '74');
INSERT INTO `products_to_categories` VALUES ('182', '74');
INSERT INTO `products_to_categories` VALUES ('183', '74');
INSERT INTO `products_to_categories` VALUES ('184', '74');
INSERT INTO `products_to_categories` VALUES ('185', '74');
INSERT INTO `products_to_categories` VALUES ('186', '74');
INSERT INTO `products_to_categories` VALUES ('187', '74');
INSERT INTO `products_to_categories` VALUES ('188', '74');
INSERT INTO `products_to_categories` VALUES ('189', '74');
INSERT INTO `products_to_categories` VALUES ('190', '74');
INSERT INTO `products_to_categories` VALUES ('191', '74');
INSERT INTO `products_to_categories` VALUES ('192', '75');
INSERT INTO `products_to_categories` VALUES ('193', '75');
INSERT INTO `products_to_categories` VALUES ('194', '75');
INSERT INTO `products_to_categories` VALUES ('195', '79');
INSERT INTO `products_to_categories` VALUES ('196', '79');

-- ----------------------------
-- Table structure for `product_music_extra`
-- ----------------------------
DROP TABLE IF EXISTS `product_music_extra`;
CREATE TABLE `product_music_extra` (
  `products_id` int(11) NOT NULL DEFAULT '0',
  `artists_id` int(11) NOT NULL DEFAULT '0',
  `record_company_id` int(11) NOT NULL DEFAULT '0',
  `music_genre_id` int(11) NOT NULL DEFAULT '0',
  PRIMARY KEY (`products_id`),
  KEY `idx_music_genre_id_zen` (`music_genre_id`),
  KEY `idx_artists_id_zen` (`artists_id`),
  KEY `idx_record_company_id_zen` (`record_company_id`)
) ENGINE=MyISAM DEFAULT CHARSET=utf8;

-- ----------------------------
-- Records of product_music_extra
-- ----------------------------
INSERT INTO `product_music_extra` VALUES ('166', '1', '0', '1');
INSERT INTO `product_music_extra` VALUES ('169', '1', '1', '2');

-- ----------------------------
-- Table structure for `product_types`
-- ----------------------------
DROP TABLE IF EXISTS `product_types`;
CREATE TABLE `product_types` (
  `type_id` int(11) NOT NULL AUTO_INCREMENT,
  `type_name` varchar(255) NOT NULL DEFAULT '',
  `type_handler` varchar(255) NOT NULL DEFAULT '',
  `type_master_type` int(11) NOT NULL DEFAULT '1',
  `allow_add_to_cart` char(1) NOT NULL DEFAULT 'Y',
  `default_image` varchar(255) NOT NULL DEFAULT '',
  `date_added` datetime NOT NULL DEFAULT '0001-01-01 00:00:00',
  `last_modified` datetime NOT NULL DEFAULT '0001-01-01 00:00:00',
  PRIMARY KEY (`type_id`),
  KEY `idx_type_master_type_zen` (`type_master_type`)
) ENGINE=MyISAM AUTO_INCREMENT=6 DEFAULT CHARSET=utf8;

-- ----------------------------
-- Records of product_types
-- ----------------------------
INSERT INTO `product_types` VALUES ('1', 'Product - General', 'product', '1', 'Y', '', '2014-06-18 23:20:53', '2014-06-18 23:20:53');
INSERT INTO `product_types` VALUES ('2', 'Product - Music', 'product_music', '1', 'Y', '', '2014-06-18 23:20:53', '2014-06-18 23:20:53');
INSERT INTO `product_types` VALUES ('3', 'Document - General', 'document_general', '3', 'N', '', '2014-06-18 23:20:53', '2014-06-18 23:20:53');
INSERT INTO `product_types` VALUES ('4', 'Document - Product', 'document_product', '3', 'Y', '', '2014-06-18 23:20:53', '2014-06-18 23:20:53');
INSERT INTO `product_types` VALUES ('5', 'Product - Free Shipping', 'product_free_shipping', '1', 'Y', '', '2014-06-18 23:20:53', '2014-06-18 23:20:53');

-- ----------------------------
-- Table structure for `product_types_to_category`
-- ----------------------------
DROP TABLE IF EXISTS `product_types_to_category`;
CREATE TABLE `product_types_to_category` (
  `product_type_id` int(11) NOT NULL DEFAULT '0',
  `category_id` int(11) NOT NULL DEFAULT '0',
  KEY `idx_category_id_zen` (`category_id`),
  KEY `idx_product_type_id_zen` (`product_type_id`)
) ENGINE=MyISAM DEFAULT CHARSET=utf8;

-- ----------------------------
-- Records of product_types_to_category
-- ----------------------------
INSERT INTO `product_types_to_category` VALUES ('3', '63');
INSERT INTO `product_types_to_category` VALUES ('4', '63');
INSERT INTO `product_types_to_category` VALUES ('2', '62');

-- ----------------------------
-- Table structure for `product_type_layout`
-- ----------------------------
DROP TABLE IF EXISTS `product_type_layout`;
CREATE TABLE `product_type_layout` (
  `configuration_id` int(11) NOT NULL AUTO_INCREMENT,
  `configuration_title` text NOT NULL,
  `configuration_key` varchar(255) NOT NULL DEFAULT '',
  `configuration_value` text NOT NULL,
  `configuration_description` text NOT NULL,
  `product_type_id` int(11) NOT NULL DEFAULT '0',
  `sort_order` int(5) DEFAULT NULL,
  `last_modified` datetime DEFAULT NULL,
  `date_added` datetime NOT NULL DEFAULT '0001-01-01 00:00:00',
  `use_function` text,
  `set_function` text,
  PRIMARY KEY (`configuration_id`),
  UNIQUE KEY `unq_config_key_zen` (`configuration_key`),
  KEY `idx_key_value_zen` (`configuration_key`,`configuration_value`(10)),
  KEY `idx_type_id_sort_order_zen` (`product_type_id`,`sort_order`)
) ENGINE=MyISAM AUTO_INCREMENT=139 DEFAULT CHARSET=utf8;

-- ----------------------------
-- Records of product_type_layout
-- ----------------------------
INSERT INTO `product_type_layout` VALUES ('1', 'Show Model Number', 'SHOW_PRODUCT_INFO_MODEL', '1', 'Display Model Number on Product Info 0= off 1= on', '1', '1', null, '2014-06-18 23:20:53', null, 'zen_cfg_select_drop_down(array(array(\'id\'=>\'1\', \'text\'=>\'True\'), array(\'id\'=>\'0\', \'text\'=>\'False\')), ');
INSERT INTO `product_type_layout` VALUES ('2', 'Show Weight', 'SHOW_PRODUCT_INFO_WEIGHT', '1', 'Display Weight on Product Info 0= off 1= on', '1', '2', null, '2014-06-18 23:20:53', null, 'zen_cfg_select_drop_down(array(array(\'id\'=>\'1\', \'text\'=>\'True\'), array(\'id\'=>\'0\', \'text\'=>\'False\')), ');
INSERT INTO `product_type_layout` VALUES ('3', 'Show Attribute Weight', 'SHOW_PRODUCT_INFO_WEIGHT_ATTRIBUTES', '1', 'Display Attribute Weight on Product Info 0= off 1= on', '1', '3', null, '2014-06-18 23:20:53', null, 'zen_cfg_select_drop_down(array(array(\'id\'=>\'1\', \'text\'=>\'True\'), array(\'id\'=>\'0\', \'text\'=>\'False\')), ');
INSERT INTO `product_type_layout` VALUES ('4', 'Show Manufacturer', 'SHOW_PRODUCT_INFO_MANUFACTURER', '1', 'Display Manufacturer Name on Product Info 0= off 1= on', '1', '4', null, '2014-06-18 23:20:53', null, 'zen_cfg_select_drop_down(array(array(\'id\'=>\'1\', \'text\'=>\'True\'), array(\'id\'=>\'0\', \'text\'=>\'False\')), ');
INSERT INTO `product_type_layout` VALUES ('5', 'Show Quantity in Shopping Cart', 'SHOW_PRODUCT_INFO_IN_CART_QTY', '1', 'Display Quantity in Current Shopping Cart on Product Info 0= off 1= on', '1', '5', null, '2014-06-18 23:20:53', null, 'zen_cfg_select_drop_down(array(array(\'id\'=>\'1\', \'text\'=>\'True\'), array(\'id\'=>\'0\', \'text\'=>\'False\')), ');
INSERT INTO `product_type_layout` VALUES ('6', 'Show Quantity in Stock', 'SHOW_PRODUCT_INFO_QUANTITY', '1', 'Display Quantity in Stock on Product Info 0= off 1= on', '1', '6', null, '2014-06-18 23:20:53', null, 'zen_cfg_select_drop_down(array(array(\'id\'=>\'1\', \'text\'=>\'True\'), array(\'id\'=>\'0\', \'text\'=>\'False\')), ');
INSERT INTO `product_type_layout` VALUES ('7', 'Show Product Reviews Count', 'SHOW_PRODUCT_INFO_REVIEWS_COUNT', '1', 'Display Product Reviews Count on Product Info 0= off 1= on', '1', '7', null, '2014-06-18 23:20:53', null, 'zen_cfg_select_drop_down(array(array(\'id\'=>\'1\', \'text\'=>\'True\'), array(\'id\'=>\'0\', \'text\'=>\'False\')), ');
INSERT INTO `product_type_layout` VALUES ('8', 'Show Product Reviews Button', 'SHOW_PRODUCT_INFO_REVIEWS', '1', 'Display Product Reviews Button on Product Info 0= off 1= on', '1', '8', null, '2014-06-18 23:20:53', null, 'zen_cfg_select_drop_down(array(array(\'id\'=>\'1\', \'text\'=>\'True\'), array(\'id\'=>\'0\', \'text\'=>\'False\')), ');
INSERT INTO `product_type_layout` VALUES ('9', 'Show Date Available', 'SHOW_PRODUCT_INFO_DATE_AVAILABLE', '1', 'Display Date Available on Product Info 0= off 1= on', '1', '9', null, '2014-06-18 23:20:53', null, 'zen_cfg_select_drop_down(array(array(\'id\'=>\'1\', \'text\'=>\'True\'), array(\'id\'=>\'0\', \'text\'=>\'False\')), ');
INSERT INTO `product_type_layout` VALUES ('10', 'Show Date Added', 'SHOW_PRODUCT_INFO_DATE_ADDED', '1', 'Display Date Added on Product Info 0= off 1= on', '1', '10', null, '2014-06-18 23:20:53', null, 'zen_cfg_select_drop_down(array(array(\'id\'=>\'1\', \'text\'=>\'True\'), array(\'id\'=>\'0\', \'text\'=>\'False\')), ');
INSERT INTO `product_type_layout` VALUES ('11', 'Show Product URL', 'SHOW_PRODUCT_INFO_URL', '1', 'Display URL on Product Info 0= off 1= on', '1', '11', null, '2014-06-18 23:20:53', null, 'zen_cfg_select_drop_down(array(array(\'id\'=>\'1\', \'text\'=>\'True\'), array(\'id\'=>\'0\', \'text\'=>\'False\')), ');
INSERT INTO `product_type_layout` VALUES ('12', 'Show Product Additional Images', 'SHOW_PRODUCT_INFO_ADDITIONAL_IMAGES', '1', 'Display Additional Images on Product Info 0= off 1= on', '1', '13', null, '2014-06-18 23:20:53', null, 'zen_cfg_select_drop_down(array(array(\'id\'=>\'1\', \'text\'=>\'True\'), array(\'id\'=>\'0\', \'text\'=>\'False\')), ');
INSERT INTO `product_type_layout` VALUES ('13', 'Show Starting At text on Price', 'SHOW_PRODUCT_INFO_STARTING_AT', '1', 'Display Starting At text on products with attributes Product Info 0= off 1= on', '1', '12', null, '2014-06-18 23:20:53', null, 'zen_cfg_select_drop_down(array(array(\'id\'=>\'1\', \'text\'=>\'True\'), array(\'id\'=>\'0\', \'text\'=>\'False\')), ');
INSERT INTO `product_type_layout` VALUES ('14', 'Product Free Shipping Image Status - Catalog', 'SHOW_PRODUCT_INFO_ALWAYS_FREE_SHIPPING_IMAGE_SWITCH', '0', 'Show the Free Shipping image/text in the catalog?', '1', '16', null, '2014-06-18 23:20:53', null, 'zen_cfg_select_drop_down(array(array(\'id\'=>\'1\', \'text\'=>\'Yes\'), array(\'id\'=>\'0\', \'text\'=>\'No\')), ');
INSERT INTO `product_type_layout` VALUES ('15', 'Product Price Tax Class Default - When adding new products?', 'DEFAULT_PRODUCT_TAX_CLASS_ID', '0', 'What should the Product Price Tax Class Default ID be when adding new products?', '1', '100', null, '2014-06-18 23:20:53', '', '');
INSERT INTO `product_type_layout` VALUES ('16', 'Product Virtual Default Status - Skip Shipping Address - When adding new products?', 'DEFAULT_PRODUCT_PRODUCTS_VIRTUAL', '0', 'Default Virtual Product status to be ON when adding new products?', '1', '101', null, '2014-06-18 23:20:53', null, 'zen_cfg_select_drop_down(array(array(\'id\'=>\'1\', \'text\'=>\'True\'), array(\'id\'=>\'0\', \'text\'=>\'False\')), ');
INSERT INTO `product_type_layout` VALUES ('17', 'Product Free Shipping Default Status - Normal Shipping Rules - When adding new products?', 'DEFAULT_PRODUCT_PRODUCTS_IS_ALWAYS_FREE_SHIPPING', '0', 'What should the Default Free Shipping status be when adding new products?<br />Yes, Always Free Shipping ON<br />No, Always Free Shipping OFF<br />Special, Product/Download Requires Shipping', '1', '102', null, '2014-06-18 23:20:53', null, 'zen_cfg_select_drop_down(array(array(\'id\'=>\'1\', \'text\'=>\'Yes, Always ON\'), array(\'id\'=>\'0\', \'text\'=>\'No, Always OFF\'), array(\'id\'=>\'2\', \'text\'=>\'Special\')), ');
INSERT INTO `product_type_layout` VALUES ('18', 'Show Model Number', 'SHOW_PRODUCT_MUSIC_INFO_MODEL', '1', 'Display Model Number on Product Info 0= off 1= on', '2', '1', null, '2014-06-18 23:20:53', null, 'zen_cfg_select_drop_down(array(array(\'id\'=>\'1\', \'text\'=>\'True\'), array(\'id\'=>\'0\', \'text\'=>\'False\')), ');
INSERT INTO `product_type_layout` VALUES ('19', 'Show Weight', 'SHOW_PRODUCT_MUSIC_INFO_WEIGHT', '0', 'Display Weight on Product Info 0= off 1= on', '2', '2', null, '2014-06-18 23:20:53', null, 'zen_cfg_select_drop_down(array(array(\'id\'=>\'1\', \'text\'=>\'True\'), array(\'id\'=>\'0\', \'text\'=>\'False\')), ');
INSERT INTO `product_type_layout` VALUES ('20', 'Show Attribute Weight', 'SHOW_PRODUCT_MUSIC_INFO_WEIGHT_ATTRIBUTES', '1', 'Display Attribute Weight on Product Info 0= off 1= on', '2', '3', null, '2014-06-18 23:20:53', null, 'zen_cfg_select_drop_down(array(array(\'id\'=>\'1\', \'text\'=>\'True\'), array(\'id\'=>\'0\', \'text\'=>\'False\')), ');
INSERT INTO `product_type_layout` VALUES ('21', 'Show Artist', 'SHOW_PRODUCT_MUSIC_INFO_ARTIST', '1', 'Display Artists Name on Product Info 0= off 1= on', '2', '4', null, '2014-06-18 23:20:53', null, 'zen_cfg_select_drop_down(array(array(\'id\'=>\'1\', \'text\'=>\'True\'), array(\'id\'=>\'0\', \'text\'=>\'False\')), ');
INSERT INTO `product_type_layout` VALUES ('22', 'Show Music Genre', 'SHOW_PRODUCT_MUSIC_INFO_GENRE', '1', 'Display Music Genre on Product Info 0= off 1= on', '2', '4', null, '2014-06-18 23:20:53', null, 'zen_cfg_select_drop_down(array(array(\'id\'=>\'1\', \'text\'=>\'True\'), array(\'id\'=>\'0\', \'text\'=>\'False\')), ');
INSERT INTO `product_type_layout` VALUES ('23', 'Show Record Company', 'SHOW_PRODUCT_MUSIC_INFO_RECORD_COMPANY', '1', 'Display Record Company on Product Info 0= off 1= on', '2', '4', null, '2014-06-18 23:20:53', null, 'zen_cfg_select_drop_down(array(array(\'id\'=>\'1\', \'text\'=>\'True\'), array(\'id\'=>\'0\', \'text\'=>\'False\')), ');
INSERT INTO `product_type_layout` VALUES ('24', 'Show Quantity in Shopping Cart', 'SHOW_PRODUCT_MUSIC_INFO_IN_CART_QTY', '1', 'Display Quantity in Current Shopping Cart on Product Info 0= off 1= on', '2', '5', null, '2014-06-18 23:20:53', null, 'zen_cfg_select_drop_down(array(array(\'id\'=>\'1\', \'text\'=>\'True\'), array(\'id\'=>\'0\', \'text\'=>\'False\')), ');
INSERT INTO `product_type_layout` VALUES ('25', 'Show Quantity in Stock', 'SHOW_PRODUCT_MUSIC_INFO_QUANTITY', '0', 'Display Quantity in Stock on Product Info 0= off 1= on', '2', '6', null, '2014-06-18 23:20:53', null, 'zen_cfg_select_drop_down(array(array(\'id\'=>\'1\', \'text\'=>\'True\'), array(\'id\'=>\'0\', \'text\'=>\'False\')), ');
INSERT INTO `product_type_layout` VALUES ('26', 'Show Product Reviews Count', 'SHOW_PRODUCT_MUSIC_INFO_REVIEWS_COUNT', '1', 'Display Product Reviews Count on Product Info 0= off 1= on', '2', '7', null, '2014-06-18 23:20:53', null, 'zen_cfg_select_drop_down(array(array(\'id\'=>\'1\', \'text\'=>\'True\'), array(\'id\'=>\'0\', \'text\'=>\'False\')), ');
INSERT INTO `product_type_layout` VALUES ('27', 'Show Product Reviews Button', 'SHOW_PRODUCT_MUSIC_INFO_REVIEWS', '1', 'Display Product Reviews Button on Product Info 0= off 1= on', '2', '8', null, '2014-06-18 23:20:53', null, 'zen_cfg_select_drop_down(array(array(\'id\'=>\'1\', \'text\'=>\'True\'), array(\'id\'=>\'0\', \'text\'=>\'False\')), ');
INSERT INTO `product_type_layout` VALUES ('28', 'Show Date Available', 'SHOW_PRODUCT_MUSIC_INFO_DATE_AVAILABLE', '1', 'Display Date Available on Product Info 0= off 1= on', '2', '9', null, '2014-06-18 23:20:53', null, 'zen_cfg_select_drop_down(array(array(\'id\'=>\'1\', \'text\'=>\'True\'), array(\'id\'=>\'0\', \'text\'=>\'False\')), ');
INSERT INTO `product_type_layout` VALUES ('29', 'Show Date Added', 'SHOW_PRODUCT_MUSIC_INFO_DATE_ADDED', '1', 'Display Date Added on Product Info 0= off 1= on', '2', '10', null, '2014-06-18 23:20:53', null, 'zen_cfg_select_drop_down(array(array(\'id\'=>\'1\', \'text\'=>\'True\'), array(\'id\'=>\'0\', \'text\'=>\'False\')), ');
INSERT INTO `product_type_layout` VALUES ('30', 'Show Starting At text on Price', 'SHOW_PRODUCT_MUSIC_INFO_STARTING_AT', '1', 'Display Starting At text on products with attributes Product Info 0= off 1= on', '2', '12', null, '2014-06-18 23:20:53', null, 'zen_cfg_select_drop_down(array(array(\'id\'=>\'1\', \'text\'=>\'True\'), array(\'id\'=>\'0\', \'text\'=>\'False\')), ');
INSERT INTO `product_type_layout` VALUES ('31', 'Show Product Additional Images', 'SHOW_PRODUCT_MUSIC_INFO_ADDITIONAL_IMAGES', '1', 'Display Additional Images on Product Info 0= off 1= on', '2', '13', null, '2014-06-18 23:20:53', null, 'zen_cfg_select_drop_down(array(array(\'id\'=>\'1\', \'text\'=>\'True\'), array(\'id\'=>\'0\', \'text\'=>\'False\')), ');
INSERT INTO `product_type_layout` VALUES ('32', 'Product Free Shipping Image Status - Catalog', 'SHOW_PRODUCT_MUSIC_INFO_ALWAYS_FREE_SHIPPING_IMAGE_SWITCH', '0', 'Show the Free Shipping image/text in the catalog?', '2', '16', null, '2014-06-18 23:20:53', null, 'zen_cfg_select_drop_down(array(array(\'id\'=>\'1\', \'text\'=>\'Yes\'), array(\'id\'=>\'0\', \'text\'=>\'No\')), ');
INSERT INTO `product_type_layout` VALUES ('33', 'Product Price Tax Class Default - When adding new products?', 'DEFAULT_PRODUCT_MUSIC_TAX_CLASS_ID', '0', 'What should the Product Price Tax Class Default ID be when adding new products?', '2', '100', null, '2014-06-18 23:20:53', '', '');
INSERT INTO `product_type_layout` VALUES ('34', 'Product Virtual Default Status - Skip Shipping Address - When adding new products?', 'DEFAULT_PRODUCT_MUSIC_PRODUCTS_VIRTUAL', '0', 'Default Virtual Product status to be ON when adding new products?', '2', '101', null, '2014-06-18 23:20:53', null, 'zen_cfg_select_drop_down(array(array(\'id\'=>\'1\', \'text\'=>\'True\'), array(\'id\'=>\'0\', \'text\'=>\'False\')), ');
INSERT INTO `product_type_layout` VALUES ('35', 'Product Free Shipping Default Status - Normal Shipping Rules - When adding new products?', 'DEFAULT_PRODUCT_MUSIC_PRODUCTS_IS_ALWAYS_FREE_SHIPPING', '0', 'What should the Default Free Shipping status be when adding new products?<br />Yes, Always Free Shipping ON<br />No, Always Free Shipping OFF<br />Special, Product/Download Requires Shipping', '2', '102', null, '2014-06-18 23:20:53', null, 'zen_cfg_select_drop_down(array(array(\'id\'=>\'1\', \'text\'=>\'Yes, Always ON\'), array(\'id\'=>\'0\', \'text\'=>\'No, Always OFF\'), array(\'id\'=>\'2\', \'text\'=>\'Special\')), ');
INSERT INTO `product_type_layout` VALUES ('36', 'Show Product Reviews Count', 'SHOW_DOCUMENT_GENERAL_INFO_REVIEWS_COUNT', '1', 'Display Product Reviews Count on Product Info 0= off 1= on', '3', '7', null, '2014-06-18 23:20:53', null, 'zen_cfg_select_drop_down(array(array(\'id\'=>\'1\', \'text\'=>\'True\'), array(\'id\'=>\'0\', \'text\'=>\'False\')), ');
INSERT INTO `product_type_layout` VALUES ('37', 'Show Product Reviews Button', 'SHOW_DOCUMENT_GENERAL_INFO_REVIEWS', '1', 'Display Product Reviews Button on Product Info 0= off 1= on', '3', '8', null, '2014-06-18 23:20:53', null, 'zen_cfg_select_drop_down(array(array(\'id\'=>\'1\', \'text\'=>\'True\'), array(\'id\'=>\'0\', \'text\'=>\'False\')), ');
INSERT INTO `product_type_layout` VALUES ('38', 'Show Date Available', 'SHOW_DOCUMENT_GENERAL_INFO_DATE_AVAILABLE', '1', 'Display Date Available on Product Info 0= off 1= on', '3', '9', null, '2014-06-18 23:20:53', null, 'zen_cfg_select_drop_down(array(array(\'id\'=>\'1\', \'text\'=>\'True\'), array(\'id\'=>\'0\', \'text\'=>\'False\')), ');
INSERT INTO `product_type_layout` VALUES ('39', 'Show Date Added', 'SHOW_DOCUMENT_GENERAL_INFO_DATE_ADDED', '1', 'Display Date Added on Product Info 0= off 1= on', '3', '10', null, '2014-06-18 23:20:53', null, 'zen_cfg_select_drop_down(array(array(\'id\'=>\'1\', \'text\'=>\'True\'), array(\'id\'=>\'0\', \'text\'=>\'False\')), ');
INSERT INTO `product_type_layout` VALUES ('40', 'Show Product URL', 'SHOW_DOCUMENT_GENERAL_INFO_URL', '1', 'Display URL on Product Info 0= off 1= on', '3', '11', null, '2014-06-18 23:20:53', null, 'zen_cfg_select_drop_down(array(array(\'id\'=>\'1\', \'text\'=>\'True\'), array(\'id\'=>\'0\', \'text\'=>\'False\')), ');
INSERT INTO `product_type_layout` VALUES ('41', 'Show Product Additional Images', 'SHOW_DOCUMENT_GENERAL_INFO_ADDITIONAL_IMAGES', '1', 'Display Additional Images on Product Info 0= off 1= on', '3', '13', null, '2014-06-18 23:20:53', null, 'zen_cfg_select_drop_down(array(array(\'id\'=>\'1\', \'text\'=>\'True\'), array(\'id\'=>\'0\', \'text\'=>\'False\')), ');
INSERT INTO `product_type_layout` VALUES ('42', 'Show Model Number', 'SHOW_DOCUMENT_PRODUCT_INFO_MODEL', '1', 'Display Model Number on Product Info 0= off 1= on', '4', '1', null, '2014-06-18 23:20:53', null, 'zen_cfg_select_drop_down(array(array(\'id\'=>\'1\', \'text\'=>\'True\'), array(\'id\'=>\'0\', \'text\'=>\'False\')), ');
INSERT INTO `product_type_layout` VALUES ('43', 'Show Weight', 'SHOW_DOCUMENT_PRODUCT_INFO_WEIGHT', '0', 'Display Weight on Product Info 0= off 1= on', '4', '2', null, '2014-06-18 23:20:53', null, 'zen_cfg_select_drop_down(array(array(\'id\'=>\'1\', \'text\'=>\'True\'), array(\'id\'=>\'0\', \'text\'=>\'False\')), ');
INSERT INTO `product_type_layout` VALUES ('44', 'Show Attribute Weight', 'SHOW_DOCUMENT_PRODUCT_INFO_WEIGHT_ATTRIBUTES', '1', 'Display Attribute Weight on Product Info 0= off 1= on', '4', '3', null, '2014-06-18 23:20:53', null, 'zen_cfg_select_drop_down(array(array(\'id\'=>\'1\', \'text\'=>\'True\'), array(\'id\'=>\'0\', \'text\'=>\'False\')), ');
INSERT INTO `product_type_layout` VALUES ('45', 'Show Manufacturer', 'SHOW_DOCUMENT_PRODUCT_INFO_MANUFACTURER', '1', 'Display Manufacturer Name on Product Info 0= off 1= on', '4', '4', null, '2014-06-18 23:20:53', null, 'zen_cfg_select_drop_down(array(array(\'id\'=>\'1\', \'text\'=>\'True\'), array(\'id\'=>\'0\', \'text\'=>\'False\')), ');
INSERT INTO `product_type_layout` VALUES ('46', 'Show Quantity in Shopping Cart', 'SHOW_DOCUMENT_PRODUCT_INFO_IN_CART_QTY', '1', 'Display Quantity in Current Shopping Cart on Product Info 0= off 1= on', '4', '5', null, '2014-06-18 23:20:53', null, 'zen_cfg_select_drop_down(array(array(\'id\'=>\'1\', \'text\'=>\'True\'), array(\'id\'=>\'0\', \'text\'=>\'False\')), ');
INSERT INTO `product_type_layout` VALUES ('47', 'Show Quantity in Stock', 'SHOW_DOCUMENT_PRODUCT_INFO_QUANTITY', '0', 'Display Quantity in Stock on Product Info 0= off 1= on', '4', '6', null, '2014-06-18 23:20:53', null, 'zen_cfg_select_drop_down(array(array(\'id\'=>\'1\', \'text\'=>\'True\'), array(\'id\'=>\'0\', \'text\'=>\'False\')), ');
INSERT INTO `product_type_layout` VALUES ('48', 'Show Product Reviews Count', 'SHOW_DOCUMENT_PRODUCT_INFO_REVIEWS_COUNT', '1', 'Display Product Reviews Count on Product Info 0= off 1= on', '4', '7', null, '2014-06-18 23:20:53', null, 'zen_cfg_select_drop_down(array(array(\'id\'=>\'1\', \'text\'=>\'True\'), array(\'id\'=>\'0\', \'text\'=>\'False\')), ');
INSERT INTO `product_type_layout` VALUES ('49', 'Show Product Reviews Button', 'SHOW_DOCUMENT_PRODUCT_INFO_REVIEWS', '1', 'Display Product Reviews Button on Product Info 0= off 1= on', '4', '8', null, '2014-06-18 23:20:53', null, 'zen_cfg_select_drop_down(array(array(\'id\'=>\'1\', \'text\'=>\'True\'), array(\'id\'=>\'0\', \'text\'=>\'False\')), ');
INSERT INTO `product_type_layout` VALUES ('50', 'Show Date Available', 'SHOW_DOCUMENT_PRODUCT_INFO_DATE_AVAILABLE', '1', 'Display Date Available on Product Info 0= off 1= on', '4', '9', null, '2014-06-18 23:20:53', null, 'zen_cfg_select_drop_down(array(array(\'id\'=>\'1\', \'text\'=>\'True\'), array(\'id\'=>\'0\', \'text\'=>\'False\')), ');
INSERT INTO `product_type_layout` VALUES ('51', 'Show Date Added', 'SHOW_DOCUMENT_PRODUCT_INFO_DATE_ADDED', '1', 'Display Date Added on Product Info 0= off 1= on', '4', '10', null, '2014-06-18 23:20:53', null, 'zen_cfg_select_drop_down(array(array(\'id\'=>\'1\', \'text\'=>\'True\'), array(\'id\'=>\'0\', \'text\'=>\'False\')), ');
INSERT INTO `product_type_layout` VALUES ('52', 'Show Product URL', 'SHOW_DOCUMENT_PRODUCT_INFO_URL', '1', 'Display URL on Product Info 0= off 1= on', '4', '11', null, '2014-06-18 23:20:53', null, 'zen_cfg_select_drop_down(array(array(\'id\'=>\'1\', \'text\'=>\'True\'), array(\'id\'=>\'0\', \'text\'=>\'False\')), ');
INSERT INTO `product_type_layout` VALUES ('53', 'Show Product Additional Images', 'SHOW_DOCUMENT_PRODUCT_INFO_ADDITIONAL_IMAGES', '1', 'Display Additional Images on Product Info 0= off 1= on', '4', '13', null, '2014-06-18 23:20:53', null, 'zen_cfg_select_drop_down(array(array(\'id\'=>\'1\', \'text\'=>\'True\'), array(\'id\'=>\'0\', \'text\'=>\'False\')), ');
INSERT INTO `product_type_layout` VALUES ('54', 'Show Starting At text on Price', 'SHOW_DOCUMENT_PRODUCT_INFO_STARTING_AT', '1', 'Display Starting At text on products with attributes Product Info 0= off 1= on', '4', '12', null, '2014-06-18 23:20:53', null, 'zen_cfg_select_drop_down(array(array(\'id\'=>\'1\', \'text\'=>\'True\'), array(\'id\'=>\'0\', \'text\'=>\'False\')), ');
INSERT INTO `product_type_layout` VALUES ('55', 'Product Free Shipping Image Status - Catalog', 'SHOW_DOCUMENT_PRODUCT_INFO_ALWAYS_FREE_SHIPPING_IMAGE_SWITCH', '0', 'Show the Free Shipping image/text in the catalog?', '4', '16', null, '2014-06-18 23:20:53', null, 'zen_cfg_select_drop_down(array(array(\'id\'=>\'1\', \'text\'=>\'Yes\'), array(\'id\'=>\'0\', \'text\'=>\'No\')), ');
INSERT INTO `product_type_layout` VALUES ('56', 'Product Price Tax Class Default - When adding new products?', 'DEFAULT_DOCUMENT_PRODUCT_TAX_CLASS_ID', '0', 'What should the Product Price Tax Class Default ID be when adding new products?', '4', '100', null, '2014-06-18 23:20:53', '', '');
INSERT INTO `product_type_layout` VALUES ('57', 'Product Virtual Default Status - Skip Shipping Address - When adding new products?', 'DEFAULT_DOCUMENT_PRODUCT_PRODUCTS_VIRTUAL', '0', 'Default Virtual Product status to be ON when adding new products?', '4', '101', null, '2014-06-18 23:20:53', null, 'zen_cfg_select_drop_down(array(array(\'id\'=>\'1\', \'text\'=>\'True\'), array(\'id\'=>\'0\', \'text\'=>\'False\')), ');
INSERT INTO `product_type_layout` VALUES ('58', 'Product Free Shipping Default Status - Normal Shipping Rules - When adding new products?', 'DEFAULT_DOCUMENT_PRODUCT_PRODUCTS_IS_ALWAYS_FREE_SHIPPING', '0', 'What should the Default Free Shipping status be when adding new products?<br />Yes, Always Free Shipping ON<br />No, Always Free Shipping OFF<br />Special, Product/Download Requires Shipping', '4', '102', null, '2014-06-18 23:20:53', null, 'zen_cfg_select_drop_down(array(array(\'id\'=>\'1\', \'text\'=>\'Yes, Always ON\'), array(\'id\'=>\'0\', \'text\'=>\'No, Always OFF\'), array(\'id\'=>\'2\', \'text\'=>\'Special\')), ');
INSERT INTO `product_type_layout` VALUES ('59', 'Show Model Number', 'SHOW_PRODUCT_FREE_SHIPPING_INFO_MODEL', '1', 'Display Model Number on Product Info 0= off 1= on', '5', '1', null, '2014-06-18 23:20:53', null, 'zen_cfg_select_drop_down(array(array(\'id\'=>\'1\', \'text\'=>\'True\'), array(\'id\'=>\'0\', \'text\'=>\'False\')), ');
INSERT INTO `product_type_layout` VALUES ('60', 'Show Weight', 'SHOW_PRODUCT_FREE_SHIPPING_INFO_WEIGHT', '0', 'Display Weight on Product Info 0= off 1= on', '5', '2', null, '2014-06-18 23:20:53', null, 'zen_cfg_select_drop_down(array(array(\'id\'=>\'1\', \'text\'=>\'True\'), array(\'id\'=>\'0\', \'text\'=>\'False\')), ');
INSERT INTO `product_type_layout` VALUES ('61', 'Show Attribute Weight', 'SHOW_PRODUCT_FREE_SHIPPING_INFO_WEIGHT_ATTRIBUTES', '1', 'Display Attribute Weight on Product Info 0= off 1= on', '5', '3', null, '2014-06-18 23:20:53', null, 'zen_cfg_select_drop_down(array(array(\'id\'=>\'1\', \'text\'=>\'True\'), array(\'id\'=>\'0\', \'text\'=>\'False\')), ');
INSERT INTO `product_type_layout` VALUES ('62', 'Show Manufacturer', 'SHOW_PRODUCT_FREE_SHIPPING_INFO_MANUFACTURER', '1', 'Display Manufacturer Name on Product Info 0= off 1= on', '5', '4', null, '2014-06-18 23:20:53', null, 'zen_cfg_select_drop_down(array(array(\'id\'=>\'1\', \'text\'=>\'True\'), array(\'id\'=>\'0\', \'text\'=>\'False\')), ');
INSERT INTO `product_type_layout` VALUES ('63', 'Show Quantity in Shopping Cart', 'SHOW_PRODUCT_FREE_SHIPPING_INFO_IN_CART_QTY', '1', 'Display Quantity in Current Shopping Cart on Product Info 0= off 1= on', '5', '5', null, '2014-06-18 23:20:53', null, 'zen_cfg_select_drop_down(array(array(\'id\'=>\'1\', \'text\'=>\'True\'), array(\'id\'=>\'0\', \'text\'=>\'False\')), ');
INSERT INTO `product_type_layout` VALUES ('64', 'Show Quantity in Stock', 'SHOW_PRODUCT_FREE_SHIPPING_INFO_QUANTITY', '1', 'Display Quantity in Stock on Product Info 0= off 1= on', '5', '6', null, '2014-06-18 23:20:53', null, 'zen_cfg_select_drop_down(array(array(\'id\'=>\'1\', \'text\'=>\'True\'), array(\'id\'=>\'0\', \'text\'=>\'False\')), ');
INSERT INTO `product_type_layout` VALUES ('65', 'Show Product Reviews Count', 'SHOW_PRODUCT_FREE_SHIPPING_INFO_REVIEWS_COUNT', '1', 'Display Product Reviews Count on Product Info 0= off 1= on', '5', '7', null, '2014-06-18 23:20:53', null, 'zen_cfg_select_drop_down(array(array(\'id\'=>\'1\', \'text\'=>\'True\'), array(\'id\'=>\'0\', \'text\'=>\'False\')), ');
INSERT INTO `product_type_layout` VALUES ('66', 'Show Product Reviews Button', 'SHOW_PRODUCT_FREE_SHIPPING_INFO_REVIEWS', '1', 'Display Product Reviews Button on Product Info 0= off 1= on', '5', '8', null, '2014-06-18 23:20:53', null, 'zen_cfg_select_drop_down(array(array(\'id\'=>\'1\', \'text\'=>\'True\'), array(\'id\'=>\'0\', \'text\'=>\'False\')), ');
INSERT INTO `product_type_layout` VALUES ('67', 'Show Date Available', 'SHOW_PRODUCT_FREE_SHIPPING_INFO_DATE_AVAILABLE', '0', 'Display Date Available on Product Info 0= off 1= on', '5', '9', null, '2014-06-18 23:20:53', null, 'zen_cfg_select_drop_down(array(array(\'id\'=>\'1\', \'text\'=>\'True\'), array(\'id\'=>\'0\', \'text\'=>\'False\')), ');
INSERT INTO `product_type_layout` VALUES ('68', 'Show Date Added', 'SHOW_PRODUCT_FREE_SHIPPING_INFO_DATE_ADDED', '1', 'Display Date Added on Product Info 0= off 1= on', '5', '10', null, '2014-06-18 23:20:53', null, 'zen_cfg_select_drop_down(array(array(\'id\'=>\'1\', \'text\'=>\'True\'), array(\'id\'=>\'0\', \'text\'=>\'False\')), ');
INSERT INTO `product_type_layout` VALUES ('69', 'Show Product URL', 'SHOW_PRODUCT_FREE_SHIPPING_INFO_URL', '1', 'Display URL on Product Info 0= off 1= on', '5', '11', null, '2014-06-18 23:20:53', null, 'zen_cfg_select_drop_down(array(array(\'id\'=>\'1\', \'text\'=>\'True\'), array(\'id\'=>\'0\', \'text\'=>\'False\')), ');
INSERT INTO `product_type_layout` VALUES ('70', 'Show Product Additional Images', 'SHOW_PRODUCT_FREE_SHIPPING_INFO_ADDITIONAL_IMAGES', '1', 'Display Additional Images on Product Info 0= off 1= on', '5', '13', null, '2014-06-18 23:20:53', null, 'zen_cfg_select_drop_down(array(array(\'id\'=>\'1\', \'text\'=>\'True\'), array(\'id\'=>\'0\', \'text\'=>\'False\')), ');
INSERT INTO `product_type_layout` VALUES ('71', 'Show Starting At text on Price', 'SHOW_PRODUCT_FREE_SHIPPING_INFO_STARTING_AT', '1', 'Display Starting At text on products with attributes Product Info 0= off 1= on', '5', '12', null, '2014-06-18 23:20:53', null, 'zen_cfg_select_drop_down(array(array(\'id\'=>\'1\', \'text\'=>\'True\'), array(\'id\'=>\'0\', \'text\'=>\'False\')), ');
INSERT INTO `product_type_layout` VALUES ('72', 'Product Free Shipping Image Status - Catalog', 'SHOW_PRODUCT_FREE_SHIPPING_INFO_ALWAYS_FREE_SHIPPING_IMAGE_SWITCH', '1', 'Show the Free Shipping image/text in the catalog?', '5', '16', null, '2014-06-18 23:20:53', null, 'zen_cfg_select_drop_down(array(array(\'id\'=>\'1\', \'text\'=>\'Yes\'), array(\'id\'=>\'0\', \'text\'=>\'No\')), ');
INSERT INTO `product_type_layout` VALUES ('73', 'Product Price Tax Class Default - When adding new products?', 'DEFAULT_PRODUCT_FREE_SHIPPING_TAX_CLASS_ID', '0', 'What should the Product Price Tax Class Default ID be when adding new products?', '5', '100', null, '2014-06-18 23:20:53', '', '');
INSERT INTO `product_type_layout` VALUES ('74', 'Product Virtual Default Status - Skip Shipping Address - When adding new products?', 'DEFAULT_PRODUCT_FREE_SHIPPING_PRODUCTS_VIRTUAL', '0', 'Default Virtual Product status to be ON when adding new products?', '5', '101', null, '2014-06-18 23:20:53', null, 'zen_cfg_select_drop_down(array(array(\'id\'=>\'1\', \'text\'=>\'True\'), array(\'id\'=>\'0\', \'text\'=>\'False\')), ');
INSERT INTO `product_type_layout` VALUES ('75', 'Product Free Shipping Default Status - Normal Shipping Rules - When adding new products?', 'DEFAULT_PRODUCT_FREE_SHIPPING_PRODUCTS_IS_ALWAYS_FREE_SHIPPING', '1', 'What should the Default Free Shipping status be when adding new products?<br />Yes, Always Free Shipping ON<br />No, Always Free Shipping OFF<br />Special, Product/Download Requires Shipping', '5', '102', null, '2014-06-18 23:20:53', null, 'zen_cfg_select_drop_down(array(array(\'id\'=>\'1\', \'text\'=>\'Yes, Always ON\'), array(\'id\'=>\'0\', \'text\'=>\'No, Always OFF\'), array(\'id\'=>\'2\', \'text\'=>\'Special\')), ');
INSERT INTO `product_type_layout` VALUES ('76', 'Show Metatags Title Default - Product Title', 'SHOW_PRODUCT_INFO_METATAGS_TITLE_STATUS', '1', 'Display Product Title in Meta Tags Title 0= off 1= on', '1', '50', null, '2014-06-18 23:20:53', null, 'zen_cfg_select_drop_down(array(array(\'id\'=>\'1\', \'text\'=>\'True\'), array(\'id\'=>\'0\', \'text\'=>\'False\')), ');
INSERT INTO `product_type_layout` VALUES ('77', 'Show Metatags Title Default - Product Name', 'SHOW_PRODUCT_INFO_METATAGS_PRODUCTS_NAME_STATUS', '1', 'Display Product Name in Meta Tags Title 0= off 1= on', '1', '51', null, '2014-06-18 23:20:53', null, 'zen_cfg_select_drop_down(array(array(\'id\'=>\'1\', \'text\'=>\'True\'), array(\'id\'=>\'0\', \'text\'=>\'False\')), ');
INSERT INTO `product_type_layout` VALUES ('78', 'Show Metatags Title Default - Product Model', 'SHOW_PRODUCT_INFO_METATAGS_MODEL_STATUS', '1', 'Display Product Model in Meta Tags Title 0= off 1= on', '1', '52', null, '2014-06-18 23:20:53', null, 'zen_cfg_select_drop_down(array(array(\'id\'=>\'1\', \'text\'=>\'True\'), array(\'id\'=>\'0\', \'text\'=>\'False\')), ');
INSERT INTO `product_type_layout` VALUES ('79', 'Show Metatags Title Default - Product Price', 'SHOW_PRODUCT_INFO_METATAGS_PRICE_STATUS', '1', 'Display Product Price in Meta Tags Title 0= off 1= on', '1', '53', null, '2014-06-18 23:20:53', null, 'zen_cfg_select_drop_down(array(array(\'id\'=>\'1\', \'text\'=>\'True\'), array(\'id\'=>\'0\', \'text\'=>\'False\')), ');
INSERT INTO `product_type_layout` VALUES ('80', 'Show Metatags Title Default - Product Tagline', 'SHOW_PRODUCT_INFO_METATAGS_TITLE_TAGLINE_STATUS', '1', 'Display Product Tagline in Meta Tags Title 0= off 1= on', '1', '54', null, '2014-06-18 23:20:53', null, 'zen_cfg_select_drop_down(array(array(\'id\'=>\'1\', \'text\'=>\'True\'), array(\'id\'=>\'0\', \'text\'=>\'False\')), ');
INSERT INTO `product_type_layout` VALUES ('81', 'Show Metatags Title Default - Product Title', 'SHOW_PRODUCT_MUSIC_INFO_METATAGS_TITLE_STATUS', '1', 'Display Product Title in Meta Tags Title 0= off 1= on', '2', '50', null, '2014-06-18 23:20:53', null, 'zen_cfg_select_drop_down(array(array(\'id\'=>\'1\', \'text\'=>\'True\'), array(\'id\'=>\'0\', \'text\'=>\'False\')), ');
INSERT INTO `product_type_layout` VALUES ('82', 'Show Metatags Title Default - Product Name', 'SHOW_PRODUCT_MUSIC_INFO_METATAGS_PRODUCTS_NAME_STATUS', '1', 'Display Product Name in Meta Tags Title 0= off 1= on', '2', '51', null, '2014-06-18 23:20:53', null, 'zen_cfg_select_drop_down(array(array(\'id\'=>\'1\', \'text\'=>\'True\'), array(\'id\'=>\'0\', \'text\'=>\'False\')), ');
INSERT INTO `product_type_layout` VALUES ('83', 'Show Metatags Title Default - Product Model', 'SHOW_PRODUCT_MUSIC_INFO_METATAGS_MODEL_STATUS', '1', 'Display Product Model in Meta Tags Title 0= off 1= on', '2', '52', null, '2014-06-18 23:20:53', null, 'zen_cfg_select_drop_down(array(array(\'id\'=>\'1\', \'text\'=>\'True\'), array(\'id\'=>\'0\', \'text\'=>\'False\')), ');
INSERT INTO `product_type_layout` VALUES ('84', 'Show Metatags Title Default - Product Price', 'SHOW_PRODUCT_MUSIC_INFO_METATAGS_PRICE_STATUS', '1', 'Display Product Price in Meta Tags Title 0= off 1= on', '2', '53', null, '2014-06-18 23:20:53', null, 'zen_cfg_select_drop_down(array(array(\'id\'=>\'1\', \'text\'=>\'True\'), array(\'id\'=>\'0\', \'text\'=>\'False\')), ');
INSERT INTO `product_type_layout` VALUES ('85', 'Show Metatags Title Default - Product Tagline', 'SHOW_PRODUCT_MUSIC_INFO_METATAGS_TITLE_TAGLINE_STATUS', '1', 'Display Product Tagline in Meta Tags Title 0= off 1= on', '2', '54', null, '2014-06-18 23:20:53', null, 'zen_cfg_select_drop_down(array(array(\'id\'=>\'1\', \'text\'=>\'True\'), array(\'id\'=>\'0\', \'text\'=>\'False\')), ');
INSERT INTO `product_type_layout` VALUES ('86', 'Show Metatags Title Default - Document Title', 'SHOW_DOCUMENT_GENERAL_INFO_METATAGS_TITLE_STATUS', '1', 'Display Document Title in Meta Tags Title 0= off 1= on', '3', '50', null, '2014-06-18 23:20:53', null, 'zen_cfg_select_drop_down(array(array(\'id\'=>\'1\', \'text\'=>\'True\'), array(\'id\'=>\'0\', \'text\'=>\'False\')), ');
INSERT INTO `product_type_layout` VALUES ('87', 'Show Metatags Title Default - Document Name', 'SHOW_DOCUMENT_GENERAL_INFO_METATAGS_PRODUCTS_NAME_STATUS', '1', 'Display Document Name in Meta Tags Title 0= off 1= on', '3', '51', null, '2014-06-18 23:20:53', null, 'zen_cfg_select_drop_down(array(array(\'id\'=>\'1\', \'text\'=>\'True\'), array(\'id\'=>\'0\', \'text\'=>\'False\')), ');
INSERT INTO `product_type_layout` VALUES ('88', 'Show Metatags Title Default - Document Tagline', 'SHOW_DOCUMENT_GENERAL_INFO_METATAGS_TITLE_TAGLINE_STATUS', '1', 'Display Document Tagline in Meta Tags Title 0= off 1= on', '3', '54', null, '2014-06-18 23:20:53', null, 'zen_cfg_select_drop_down(array(array(\'id\'=>\'1\', \'text\'=>\'True\'), array(\'id\'=>\'0\', \'text\'=>\'False\')), ');
INSERT INTO `product_type_layout` VALUES ('89', 'Show Metatags Title Default - Document Title', 'SHOW_DOCUMENT_PRODUCT_INFO_METATAGS_TITLE_STATUS', '1', 'Display Document Title in Meta Tags Title 0= off 1= on', '4', '50', null, '2014-06-18 23:20:53', null, 'zen_cfg_select_drop_down(array(array(\'id\'=>\'1\', \'text\'=>\'True\'), array(\'id\'=>\'0\', \'text\'=>\'False\')), ');
INSERT INTO `product_type_layout` VALUES ('90', 'Show Metatags Title Default - Document Name', 'SHOW_DOCUMENT_PRODUCT_INFO_METATAGS_PRODUCTS_NAME_STATUS', '1', 'Display Document Name in Meta Tags Title 0= off 1= on', '4', '51', null, '2014-06-18 23:20:53', null, 'zen_cfg_select_drop_down(array(array(\'id\'=>\'1\', \'text\'=>\'True\'), array(\'id\'=>\'0\', \'text\'=>\'False\')), ');
INSERT INTO `product_type_layout` VALUES ('91', 'Show Metatags Title Default - Document Model', 'SHOW_DOCUMENT_PRODUCT_INFO_METATAGS_MODEL_STATUS', '1', 'Display Document Model in Meta Tags Title 0= off 1= on', '4', '52', null, '2014-06-18 23:20:53', null, 'zen_cfg_select_drop_down(array(array(\'id\'=>\'1\', \'text\'=>\'True\'), array(\'id\'=>\'0\', \'text\'=>\'False\')), ');
INSERT INTO `product_type_layout` VALUES ('92', 'Show Metatags Title Default - Document Price', 'SHOW_DOCUMENT_PRODUCT_INFO_METATAGS_PRICE_STATUS', '1', 'Display Document Price in Meta Tags Title 0= off 1= on', '4', '53', null, '2014-06-18 23:20:53', null, 'zen_cfg_select_drop_down(array(array(\'id\'=>\'1\', \'text\'=>\'True\'), array(\'id\'=>\'0\', \'text\'=>\'False\')), ');
INSERT INTO `product_type_layout` VALUES ('93', 'Show Metatags Title Default - Document Tagline', 'SHOW_DOCUMENT_PRODUCT_INFO_METATAGS_TITLE_TAGLINE_STATUS', '1', 'Display Document Tagline in Meta Tags Title 0= off 1= on', '4', '54', null, '2014-06-18 23:20:53', null, 'zen_cfg_select_drop_down(array(array(\'id\'=>\'1\', \'text\'=>\'True\'), array(\'id\'=>\'0\', \'text\'=>\'False\')), ');
INSERT INTO `product_type_layout` VALUES ('94', 'Show Metatags Title Default - Product Title', 'SHOW_PRODUCT_FREE_SHIPPING_INFO_METATAGS_TITLE_STATUS', '1', 'Display Product Title in Meta Tags Title 0= off 1= on', '5', '50', null, '2014-06-18 23:20:53', null, 'zen_cfg_select_drop_down(array(array(\'id\'=>\'1\', \'text\'=>\'True\'), array(\'id\'=>\'0\', \'text\'=>\'False\')), ');
INSERT INTO `product_type_layout` VALUES ('95', 'Show Metatags Title Default - Product Name', 'SHOW_PRODUCT_FREE_SHIPPING_INFO_METATAGS_PRODUCTS_NAME_STATUS', '1', 'Display Product Name in Meta Tags Title 0= off 1= on', '5', '51', null, '2014-06-18 23:20:53', null, 'zen_cfg_select_drop_down(array(array(\'id\'=>\'1\', \'text\'=>\'True\'), array(\'id\'=>\'0\', \'text\'=>\'False\')), ');
INSERT INTO `product_type_layout` VALUES ('96', 'Show Metatags Title Default - Product Model', 'SHOW_PRODUCT_FREE_SHIPPING_INFO_METATAGS_MODEL_STATUS', '1', 'Display Product Model in Meta Tags Title 0= off 1= on', '5', '52', null, '2014-06-18 23:20:53', null, 'zen_cfg_select_drop_down(array(array(\'id\'=>\'1\', \'text\'=>\'True\'), array(\'id\'=>\'0\', \'text\'=>\'False\')), ');
INSERT INTO `product_type_layout` VALUES ('97', 'Show Metatags Title Default - Product Price', 'SHOW_PRODUCT_FREE_SHIPPING_INFO_METATAGS_PRICE_STATUS', '1', 'Display Product Price in Meta Tags Title 0= off 1= on', '5', '53', null, '2014-06-18 23:20:53', null, 'zen_cfg_select_drop_down(array(array(\'id\'=>\'1\', \'text\'=>\'True\'), array(\'id\'=>\'0\', \'text\'=>\'False\')), ');
INSERT INTO `product_type_layout` VALUES ('98', 'Show Metatags Title Default - Product Tagline', 'SHOW_PRODUCT_FREE_SHIPPING_INFO_METATAGS_TITLE_TAGLINE_STATUS', '1', 'Display Product Tagline in Meta Tags Title 0= off 1= on', '5', '54', null, '2014-06-18 23:20:53', null, 'zen_cfg_select_drop_down(array(array(\'id\'=>\'1\', \'text\'=>\'True\'), array(\'id\'=>\'0\', \'text\'=>\'False\')), ');
INSERT INTO `product_type_layout` VALUES ('99', 'PRODUCT Attribute is Display Only - Default', 'DEFAULT_PRODUCT_ATTRIBUTES_DISPLAY_ONLY', '0', 'PRODUCT Attribute is Display Only<br />Used For Display Purposes Only<br />0= No 1= Yes', '1', '200', null, '2014-06-18 23:20:53', null, 'zen_cfg_select_drop_down(array(array(\'id\'=>\'1\', \'text\'=>\'Yes\'), array(\'id\'=>\'0\', \'text\'=>\'No\')), ');
INSERT INTO `product_type_layout` VALUES ('100', 'PRODUCT Attribute is Free - Default', 'DEFAULT_PRODUCT_ATTRIBUTE_IS_FREE', '1', 'PRODUCT Attribute is Free<br />Attribute is Free When Product is Free<br />0= No 1= Yes', '1', '201', null, '2014-06-18 23:20:53', null, 'zen_cfg_select_drop_down(array(array(\'id\'=>\'1\', \'text\'=>\'Yes\'), array(\'id\'=>\'0\', \'text\'=>\'No\')), ');
INSERT INTO `product_type_layout` VALUES ('101', 'PRODUCT Attribute is Default - Default', 'DEFAULT_PRODUCT_ATTRIBUTES_DEFAULT', '0', 'PRODUCT Attribute is Default<br />Default Attribute to be Marked Selected<br />0= No 1= Yes', '1', '202', null, '2014-06-18 23:20:53', null, 'zen_cfg_select_drop_down(array(array(\'id\'=>\'1\', \'text\'=>\'Yes\'), array(\'id\'=>\'0\', \'text\'=>\'No\')), ');
INSERT INTO `product_type_layout` VALUES ('102', 'PRODUCT Attribute is Discounted - Default', 'DEFAULT_PRODUCT_ATTRIBUTES_DISCOUNTED', '1', 'PRODUCT Attribute is Discounted<br />Apply Discounts Used by Product Special/Sale<br />0= No 1= Yes', '1', '203', null, '2014-06-18 23:20:53', null, 'zen_cfg_select_drop_down(array(array(\'id\'=>\'1\', \'text\'=>\'Yes\'), array(\'id\'=>\'0\', \'text\'=>\'No\')), ');
INSERT INTO `product_type_layout` VALUES ('103', 'PRODUCT Attribute is Included in Base Price - Default', 'DEFAULT_PRODUCT_ATTRIBUTES_PRICE_BASE_INCLUDED', '1', 'PRODUCT Attribute is Included in Base Price<br />Include in Base Price When Priced by Attributes<br />0= No 1= Yes', '1', '204', null, '2014-06-18 23:20:53', null, 'zen_cfg_select_drop_down(array(array(\'id\'=>\'1\', \'text\'=>\'Yes\'), array(\'id\'=>\'0\', \'text\'=>\'No\')), ');
INSERT INTO `product_type_layout` VALUES ('104', 'PRODUCT Attribute is Required - Default', 'DEFAULT_PRODUCT_ATTRIBUTES_REQUIRED', '0', 'PRODUCT Attribute is Required<br />Attribute Required for Text<br />0= No 1= Yes', '1', '205', null, '2014-06-18 23:20:53', null, 'zen_cfg_select_drop_down(array(array(\'id\'=>\'1\', \'text\'=>\'Yes\'), array(\'id\'=>\'0\', \'text\'=>\'No\')), ');
INSERT INTO `product_type_layout` VALUES ('105', 'PRODUCT Attribute Price Prefix - Default', 'DEFAULT_PRODUCT_PRICE_PREFIX', '1', 'PRODUCT Attribute Price Prefix<br />Default Attribute Price Prefix for Adding<br />Blank, + or -', '1', '206', null, '2014-06-18 23:20:53', null, 'zen_cfg_select_drop_down(array(array(\'id\'=>\'0\', \'text\'=>\'Blank\'), array(\'id\'=>\'1\', \'text\'=>\'+\'), array(\'id\'=>\'2\', \'text\'=>\'-\')), ');
INSERT INTO `product_type_layout` VALUES ('106', 'PRODUCT Attribute Weight Prefix - Default', 'DEFAULT_PRODUCT_PRODUCTS_ATTRIBUTES_WEIGHT_PREFIX', '1', 'PRODUCT Attribute Weight Prefix<br />Default Attribute Weight Prefix<br />Blank, + or -', '1', '207', null, '2014-06-18 23:20:53', null, 'zen_cfg_select_drop_down(array(array(\'id\'=>\'0\', \'text\'=>\'Blank\'), array(\'id\'=>\'1\', \'text\'=>\'+\'), array(\'id\'=>\'2\', \'text\'=>\'-\')), ');
INSERT INTO `product_type_layout` VALUES ('107', 'MUSIC Attribute is Display Only - Default', 'DEFAULT_PRODUCT_MUSIC_ATTRIBUTES_DISPLAY_ONLY', '0', 'MUSIC Attribute is Display Only<br />Used For Display Purposes Only<br />0= No 1= Yes', '2', '200', null, '2014-06-18 23:20:53', null, 'zen_cfg_select_drop_down(array(array(\'id\'=>\'1\', \'text\'=>\'Yes\'), array(\'id\'=>\'0\', \'text\'=>\'No\')), ');
INSERT INTO `product_type_layout` VALUES ('108', 'MUSIC Attribute is Free - Default', 'DEFAULT_PRODUCT_MUSIC_ATTRIBUTE_IS_FREE', '1', 'MUSIC Attribute is Free<br />Attribute is Free When Product is Free<br />0= No 1= Yes', '2', '201', null, '2014-06-18 23:20:53', null, 'zen_cfg_select_drop_down(array(array(\'id\'=>\'1\', \'text\'=>\'Yes\'), array(\'id\'=>\'0\', \'text\'=>\'No\')), ');
INSERT INTO `product_type_layout` VALUES ('109', 'MUSIC Attribute is Default - Default', 'DEFAULT_PRODUCT_MUSIC_ATTRIBUTES_DEFAULT', '0', 'MUSIC Attribute is Default<br />Default Attribute to be Marked Selected<br />0= No 1= Yes', '2', '202', null, '2014-06-18 23:20:53', null, 'zen_cfg_select_drop_down(array(array(\'id\'=>\'1\', \'text\'=>\'Yes\'), array(\'id\'=>\'0\', \'text\'=>\'No\')), ');
INSERT INTO `product_type_layout` VALUES ('110', 'MUSIC Attribute is Discounted - Default', 'DEFAULT_PRODUCT_MUSIC_ATTRIBUTES_DISCOUNTED', '1', 'MUSIC Attribute is Discounted<br />Apply Discounts Used by Product Special/Sale<br />0= No 1= Yes', '2', '203', null, '2014-06-18 23:20:53', null, 'zen_cfg_select_drop_down(array(array(\'id\'=>\'1\', \'text\'=>\'Yes\'), array(\'id\'=>\'0\', \'text\'=>\'No\')), ');
INSERT INTO `product_type_layout` VALUES ('111', 'MUSIC Attribute is Included in Base Price - Default', 'DEFAULT_PRODUCT_MUSIC_ATTRIBUTES_PRICE_BASE_INCLUDED', '1', 'MUSIC Attribute is Included in Base Price<br />Include in Base Price When Priced by Attributes<br />0= No 1= Yes', '2', '204', null, '2014-06-18 23:20:53', null, 'zen_cfg_select_drop_down(array(array(\'id\'=>\'1\', \'text\'=>\'Yes\'), array(\'id\'=>\'0\', \'text\'=>\'No\')), ');
INSERT INTO `product_type_layout` VALUES ('112', 'MUSIC Attribute is Required - Default', 'DEFAULT_PRODUCT_MUSIC_ATTRIBUTES_REQUIRED', '0', 'MUSIC Attribute is Required<br />Attribute Required for Text<br />0= No 1= Yes', '2', '205', null, '2014-06-18 23:20:53', null, 'zen_cfg_select_drop_down(array(array(\'id\'=>\'1\', \'text\'=>\'Yes\'), array(\'id\'=>\'0\', \'text\'=>\'No\')), ');
INSERT INTO `product_type_layout` VALUES ('113', 'MUSIC Attribute Price Prefix - Default', 'DEFAULT_PRODUCT_MUSIC_PRICE_PREFIX', '1', 'MUSIC Attribute Price Prefix<br />Default Attribute Price Prefix for Adding<br />Blank, + or -', '2', '206', null, '2014-06-18 23:20:53', null, 'zen_cfg_select_drop_down(array(array(\'id\'=>\'0\', \'text\'=>\'Blank\'), array(\'id\'=>\'1\', \'text\'=>\'+\'), array(\'id\'=>\'2\', \'text\'=>\'-\')), ');
INSERT INTO `product_type_layout` VALUES ('114', 'MUSIC Attribute Weight Prefix - Default', 'DEFAULT_PRODUCT_MUSIC_PRODUCTS_ATTRIBUTES_WEIGHT_PREFIX', '1', 'MUSIC Attribute Weight Prefix<br />Default Attribute Weight Prefix<br />Blank, + or -', '2', '207', null, '2014-06-18 23:20:53', null, 'zen_cfg_select_drop_down(array(array(\'id\'=>\'0\', \'text\'=>\'Blank\'), array(\'id\'=>\'1\', \'text\'=>\'+\'), array(\'id\'=>\'2\', \'text\'=>\'-\')), ');
INSERT INTO `product_type_layout` VALUES ('115', 'DOCUMENT GENERAL Attribute is Display Only - Default', 'DEFAULT_DOCUMENT_GENERAL_ATTRIBUTES_DISPLAY_ONLY', '0', 'DOCUMENT GENERAL Attribute is Display Only<br />Used For Display Purposes Only<br />0= No 1= Yes', '3', '200', null, '2014-06-18 23:20:53', null, 'zen_cfg_select_drop_down(array(array(\'id\'=>\'1\', \'text\'=>\'Yes\'), array(\'id\'=>\'0\', \'text\'=>\'No\')), ');
INSERT INTO `product_type_layout` VALUES ('116', 'DOCUMENT GENERAL Attribute is Free - Default', 'DEFAULT_DOCUMENT_GENERAL_ATTRIBUTE_IS_FREE', '1', 'DOCUMENT GENERAL Attribute is Free<br />Attribute is Free When Product is Free<br />0= No 1= Yes', '3', '201', null, '2014-06-18 23:20:53', null, 'zen_cfg_select_drop_down(array(array(\'id\'=>\'1\', \'text\'=>\'Yes\'), array(\'id\'=>\'0\', \'text\'=>\'No\')), ');
INSERT INTO `product_type_layout` VALUES ('117', 'DOCUMENT GENERAL Attribute is Default - Default', 'DEFAULT_DOCUMENT_GENERAL_ATTRIBUTES_DEFAULT', '0', 'DOCUMENT GENERAL Attribute is Default<br />Default Attribute to be Marked Selected<br />0= No 1= Yes', '3', '202', null, '2014-06-18 23:20:53', null, 'zen_cfg_select_drop_down(array(array(\'id\'=>\'1\', \'text\'=>\'Yes\'), array(\'id\'=>\'0\', \'text\'=>\'No\')), ');
INSERT INTO `product_type_layout` VALUES ('118', 'DOCUMENT GENERAL Attribute is Discounted - Default', 'DEFAULT_DOCUMENT_GENERAL_ATTRIBUTES_DISCOUNTED', '1', 'DOCUMENT GENERAL Attribute is Discounted<br />Apply Discounts Used by Product Special/Sale<br />0= No 1= Yes', '3', '203', null, '2014-06-18 23:20:53', null, 'zen_cfg_select_drop_down(array(array(\'id\'=>\'1\', \'text\'=>\'Yes\'), array(\'id\'=>\'0\', \'text\'=>\'No\')), ');
INSERT INTO `product_type_layout` VALUES ('119', 'DOCUMENT GENERAL Attribute is Included in Base Price - Default', 'DEFAULT_DOCUMENT_GENERAL_ATTRIBUTES_PRICE_BASE_INCLUDED', '1', 'DOCUMENT GENERAL Attribute is Included in Base Price<br />Include in Base Price When Priced by Attributes<br />0= No 1= Yes', '3', '204', null, '2014-06-18 23:20:53', null, 'zen_cfg_select_drop_down(array(array(\'id\'=>\'1\', \'text\'=>\'Yes\'), array(\'id\'=>\'0\', \'text\'=>\'No\')), ');
INSERT INTO `product_type_layout` VALUES ('120', 'DOCUMENT GENERAL Attribute is Required - Default', 'DEFAULT_DOCUMENT_GENERAL_ATTRIBUTES_REQUIRED', '0', 'DOCUMENT GENERAL Attribute is Required<br />Attribute Required for Text<br />0= No 1= Yes', '3', '205', null, '2014-06-18 23:20:53', null, 'zen_cfg_select_drop_down(array(array(\'id\'=>\'1\', \'text\'=>\'Yes\'), array(\'id\'=>\'0\', \'text\'=>\'No\')), ');
INSERT INTO `product_type_layout` VALUES ('121', 'DOCUMENT GENERAL Attribute Price Prefix - Default', 'DEFAULT_DOCUMENT_GENERAL_PRICE_PREFIX', '1', 'DOCUMENT GENERAL Attribute Price Prefix<br />Default Attribute Price Prefix for Adding<br />Blank, + or -', '3', '206', null, '2014-06-18 23:20:53', null, 'zen_cfg_select_drop_down(array(array(\'id\'=>\'0\', \'text\'=>\'Blank\'), array(\'id\'=>\'1\', \'text\'=>\'+\'), array(\'id\'=>\'2\', \'text\'=>\'-\')), ');
INSERT INTO `product_type_layout` VALUES ('122', 'DOCUMENT GENERAL Attribute Weight Prefix - Default', 'DEFAULT_DOCUMENT_GENERAL_PRODUCTS_ATTRIBUTES_WEIGHT_PREFIX', '1', 'DOCUMENT GENERAL Attribute Weight Prefix<br />Default Attribute Weight Prefix<br />Blank, + or -', '3', '207', null, '2014-06-18 23:20:53', null, 'zen_cfg_select_drop_down(array(array(\'id\'=>\'0\', \'text\'=>\'Blank\'), array(\'id\'=>\'1\', \'text\'=>\'+\'), array(\'id\'=>\'2\', \'text\'=>\'-\')), ');
INSERT INTO `product_type_layout` VALUES ('123', 'DOCUMENT PRODUCT Attribute is Display Only - Default', 'DEFAULT_DOCUMENT_PRODUCT_ATTRIBUTES_DISPLAY_ONLY', '0', 'DOCUMENT PRODUCT Attribute is Display Only<br />Used For Display Purposes Only<br />0= No 1= Yes', '4', '200', null, '2014-06-18 23:20:53', null, 'zen_cfg_select_drop_down(array(array(\'id\'=>\'1\', \'text\'=>\'Yes\'), array(\'id\'=>\'0\', \'text\'=>\'No\')), ');
INSERT INTO `product_type_layout` VALUES ('124', 'DOCUMENT PRODUCT Attribute is Free - Default', 'DEFAULT_DOCUMENT_PRODUCT_ATTRIBUTE_IS_FREE', '1', 'DOCUMENT PRODUCT Attribute is Free<br />Attribute is Free When Product is Free<br />0= No 1= Yes', '4', '201', null, '2014-06-18 23:20:53', null, 'zen_cfg_select_drop_down(array(array(\'id\'=>\'1\', \'text\'=>\'Yes\'), array(\'id\'=>\'0\', \'text\'=>\'No\')), ');
INSERT INTO `product_type_layout` VALUES ('125', 'DOCUMENT PRODUCT Attribute is Default - Default', 'DEFAULT_DOCUMENT_PRODUCT_ATTRIBUTES_DEFAULT', '0', 'DOCUMENT PRODUCT Attribute is Default<br />Default Attribute to be Marked Selected<br />0= No 1= Yes', '4', '202', null, '2014-06-18 23:20:53', null, 'zen_cfg_select_drop_down(array(array(\'id\'=>\'1\', \'text\'=>\'Yes\'), array(\'id\'=>\'0\', \'text\'=>\'No\')), ');
INSERT INTO `product_type_layout` VALUES ('126', 'DOCUMENT PRODUCT Attribute is Discounted - Default', 'DEFAULT_DOCUMENT_PRODUCT_ATTRIBUTES_DISCOUNTED', '1', 'DOCUMENT PRODUCT Attribute is Discounted<br />Apply Discounts Used by Product Special/Sale<br />0= No 1= Yes', '4', '203', null, '2014-06-18 23:20:53', null, 'zen_cfg_select_drop_down(array(array(\'id\'=>\'1\', \'text\'=>\'Yes\'), array(\'id\'=>\'0\', \'text\'=>\'No\')), ');
INSERT INTO `product_type_layout` VALUES ('127', 'DOCUMENT PRODUCT Attribute is Included in Base Price - Default', 'DEFAULT_DOCUMENT_PRODUCT_ATTRIBUTES_PRICE_BASE_INCLUDED', '1', 'DOCUMENT PRODUCT Attribute is Included in Base Price<br />Include in Base Price When Priced by Attributes<br />0= No 1= Yes', '4', '204', null, '2014-06-18 23:20:53', null, 'zen_cfg_select_drop_down(array(array(\'id\'=>\'1\', \'text\'=>\'Yes\'), array(\'id\'=>\'0\', \'text\'=>\'No\')), ');
INSERT INTO `product_type_layout` VALUES ('128', 'DOCUMENT PRODUCT Attribute is Required - Default', 'DEFAULT_DOCUMENT_PRODUCT_ATTRIBUTES_REQUIRED', '0', 'DOCUMENT PRODUCT Attribute is Required<br />Attribute Required for Text<br />0= No 1= Yes', '4', '205', null, '2014-06-18 23:20:53', null, 'zen_cfg_select_drop_down(array(array(\'id\'=>\'1\', \'text\'=>\'Yes\'), array(\'id\'=>\'0\', \'text\'=>\'No\')), ');
INSERT INTO `product_type_layout` VALUES ('129', 'DOCUMENT PRODUCT Attribute Price Prefix - Default', 'DEFAULT_DOCUMENT_PRODUCT_PRICE_PREFIX', '1', 'DOCUMENT PRODUCT Attribute Price Prefix<br />Default Attribute Price Prefix for Adding<br />Blank, + or -', '4', '206', null, '2014-06-18 23:20:53', null, 'zen_cfg_select_drop_down(array(array(\'id\'=>\'0\', \'text\'=>\'Blank\'), array(\'id\'=>\'1\', \'text\'=>\'+\'), array(\'id\'=>\'2\', \'text\'=>\'-\')), ');
INSERT INTO `product_type_layout` VALUES ('130', 'DOCUMENT PRODUCT Attribute Weight Prefix - Default', 'DEFAULT_DOCUMENT_PRODUCT_PRODUCTS_ATTRIBUTES_WEIGHT_PREFIX', '1', 'DOCUMENT PRODUCT Attribute Weight Prefix<br />Default Attribute Weight Prefix<br />Blank, + or -', '4', '207', null, '2014-06-18 23:20:53', null, 'zen_cfg_select_drop_down(array(array(\'id\'=>\'0\', \'text\'=>\'Blank\'), array(\'id\'=>\'1\', \'text\'=>\'+\'), array(\'id\'=>\'2\', \'text\'=>\'-\')), ');
INSERT INTO `product_type_layout` VALUES ('131', 'PRODUCT FREE SHIPPING Attribute is Display Only - Default', 'DEFAULT_PRODUCT_FREE_SHIPPING_ATTRIBUTES_DISPLAY_ONLY', '0', 'PRODUCT FREE SHIPPING Attribute is Display Only<br />Used For Display Purposes Only<br />0= No 1= Yes', '5', '201', null, '2014-06-18 23:20:53', null, 'zen_cfg_select_drop_down(array(array(\'id\'=>\'1\', \'text\'=>\'Yes\'), array(\'id\'=>\'0\', \'text\'=>\'No\')), ');
INSERT INTO `product_type_layout` VALUES ('132', 'PRODUCT FREE SHIPPING Attribute is Free - Default', 'DEFAULT_PRODUCT_FREE_SHIPPING_ATTRIBUTE_IS_FREE', '1', 'PRODUCT FREE SHIPPING Attribute is Free<br />Attribute is Free When Product is Free<br />0= No 1= Yes', '5', '201', null, '2014-06-18 23:20:53', null, 'zen_cfg_select_drop_down(array(array(\'id\'=>\'1\', \'text\'=>\'Yes\'), array(\'id\'=>\'0\', \'text\'=>\'No\')), ');
INSERT INTO `product_type_layout` VALUES ('133', 'PRODUCT FREE SHIPPING Attribute is Default - Default', 'DEFAULT_PRODUCT_FREE_SHIPPING_ATTRIBUTES_DEFAULT', '0', 'PRODUCT FREE SHIPPING Attribute is Default<br />Default Attribute to be Marked Selected<br />0= No 1= Yes', '5', '202', null, '2014-06-18 23:20:53', null, 'zen_cfg_select_drop_down(array(array(\'id\'=>\'1\', \'text\'=>\'Yes\'), array(\'id\'=>\'0\', \'text\'=>\'No\')), ');
INSERT INTO `product_type_layout` VALUES ('134', 'PRODUCT FREE SHIPPING Attribute is Discounted - Default', 'DEFAULT_PRODUCT_FREE_SHIPPING_ATTRIBUTES_DISCOUNTED', '1', 'PRODUCT FREE SHIPPING Attribute is Discounted<br />Apply Discounts Used by Product Special/Sale<br />0= No 1= Yes', '5', '203', null, '2014-06-18 23:20:53', null, 'zen_cfg_select_drop_down(array(array(\'id\'=>\'1\', \'text\'=>\'Yes\'), array(\'id\'=>\'0\', \'text\'=>\'No\')), ');
INSERT INTO `product_type_layout` VALUES ('135', 'PRODUCT FREE SHIPPING Attribute is Included in Base Price - Default', 'DEFAULT_PRODUCT_FREE_SHIPPING_ATTRIBUTES_PRICE_BASE_INCLUDED', '1', 'PRODUCT FREE SHIPPING Attribute is Included in Base Price<br />Include in Base Price When Priced by Attributes<br />0= No 1= Yes', '5', '204', null, '2014-06-18 23:20:53', null, 'zen_cfg_select_drop_down(array(array(\'id\'=>\'1\', \'text\'=>\'Yes\'), array(\'id\'=>\'0\', \'text\'=>\'No\')), ');
INSERT INTO `product_type_layout` VALUES ('136', 'PRODUCT FREE SHIPPING Attribute is Required - Default', 'DEFAULT_PRODUCT_FREE_SHIPPING_ATTRIBUTES_REQUIRED', '0', 'PRODUCT FREE SHIPPING Attribute is Required<br />Attribute Required for Text<br />0= No 1= Yes', '5', '205', null, '2014-06-18 23:20:53', null, 'zen_cfg_select_drop_down(array(array(\'id\'=>\'1\', \'text\'=>\'Yes\'), array(\'id\'=>\'0\', \'text\'=>\'No\')), ');
INSERT INTO `product_type_layout` VALUES ('137', 'PRODUCT FREE SHIPPING Attribute Price Prefix - Default', 'DEFAULT_PRODUCT_FREE_SHIPPING_PRICE_PREFIX', '1', 'PRODUCT FREE SHIPPING Attribute Price Prefix<br />Default Attribute Price Prefix for Adding<br />Blank, + or -', '5', '206', null, '2014-06-18 23:20:53', null, 'zen_cfg_select_drop_down(array(array(\'id\'=>\'0\', \'text\'=>\'Blank\'), array(\'id\'=>\'1\', \'text\'=>\'+\'), array(\'id\'=>\'2\', \'text\'=>\'-\')), ');
INSERT INTO `product_type_layout` VALUES ('138', 'PRODUCT FREE SHIPPING Attribute Weight Prefix - Default', 'DEFAULT_PRODUCT_FREE_SHIPPING_PRODUCTS_ATTRIBUTES_WEIGHT_PREFIX', '1', 'PRODUCT FREE SHIPPING Attribute Weight Prefix<br />Default Attribute Weight Prefix<br />Blank, + or -', '5', '207', null, '2014-06-18 23:20:53', null, 'zen_cfg_select_drop_down(array(array(\'id\'=>\'0\', \'text\'=>\'Blank\'), array(\'id\'=>\'1\', \'text\'=>\'+\'), array(\'id\'=>\'2\', \'text\'=>\'-\')), ');

-- ----------------------------
-- Table structure for `project_version`
-- ----------------------------
DROP TABLE IF EXISTS `project_version`;
CREATE TABLE `project_version` (
  `project_version_id` tinyint(3) NOT NULL AUTO_INCREMENT,
  `project_version_key` varchar(40) NOT NULL DEFAULT '',
  `project_version_major` varchar(20) NOT NULL DEFAULT '',
  `project_version_minor` varchar(20) NOT NULL DEFAULT '',
  `project_version_patch1` varchar(20) NOT NULL DEFAULT '',
  `project_version_patch2` varchar(20) NOT NULL DEFAULT '',
  `project_version_patch1_source` varchar(20) NOT NULL DEFAULT '',
  `project_version_patch2_source` varchar(20) NOT NULL DEFAULT '',
  `project_version_comment` varchar(250) NOT NULL DEFAULT '',
  `project_version_date_applied` datetime NOT NULL DEFAULT '0001-01-01 01:01:01',
  PRIMARY KEY (`project_version_id`),
  UNIQUE KEY `idx_project_version_key_zen` (`project_version_key`)
) ENGINE=MyISAM AUTO_INCREMENT=3 DEFAULT CHARSET=utf8 COMMENT='Database Version Tracking';

-- ----------------------------
-- Records of project_version
-- ----------------------------
INSERT INTO `project_version` VALUES ('1', 'Zen-Cart Main', '1', '5.1', '', '', '', '', 'New Installation', '2014-06-18 23:20:53');
INSERT INTO `project_version` VALUES ('2', 'Zen-Cart Database', '1', '5.1', '', '', '', '', 'New Installation', '2014-06-18 23:20:53');

-- ----------------------------
-- Table structure for `project_version_history`
-- ----------------------------
DROP TABLE IF EXISTS `project_version_history`;
CREATE TABLE `project_version_history` (
  `project_version_id` tinyint(3) NOT NULL AUTO_INCREMENT,
  `project_version_key` varchar(40) NOT NULL DEFAULT '',
  `project_version_major` varchar(20) NOT NULL DEFAULT '',
  `project_version_minor` varchar(20) NOT NULL DEFAULT '',
  `project_version_patch` varchar(20) NOT NULL DEFAULT '',
  `project_version_comment` varchar(250) NOT NULL DEFAULT '',
  `project_version_date_applied` datetime NOT NULL DEFAULT '0001-01-01 01:01:01',
  PRIMARY KEY (`project_version_id`)
) ENGINE=MyISAM AUTO_INCREMENT=3 DEFAULT CHARSET=utf8 COMMENT='Database Version Tracking History';

-- ----------------------------
-- Records of project_version_history
-- ----------------------------
INSERT INTO `project_version_history` VALUES ('1', 'Zen-Cart Main', '1', '5.1', '', 'New Installation', '2014-06-18 23:20:53');
INSERT INTO `project_version_history` VALUES ('2', 'Zen-Cart Database', '1', '5.1', '', 'New Installation', '2014-06-18 23:20:53');

-- ----------------------------
-- Table structure for `query_builder`
-- ----------------------------
DROP TABLE IF EXISTS `query_builder`;
CREATE TABLE `query_builder` (
  `query_id` int(11) NOT NULL AUTO_INCREMENT,
  `query_category` varchar(40) NOT NULL DEFAULT '',
  `query_name` varchar(80) NOT NULL DEFAULT '',
  `query_description` text NOT NULL,
  `query_string` text NOT NULL,
  `query_keys_list` text NOT NULL,
  PRIMARY KEY (`query_id`),
  UNIQUE KEY `query_name` (`query_name`)
) ENGINE=MyISAM AUTO_INCREMENT=8 DEFAULT CHARSET=utf8 COMMENT='Stores queries for re-use in Admin email and report modules';

-- ----------------------------
-- Records of query_builder
-- ----------------------------
INSERT INTO `query_builder` VALUES ('1', 'email', 'All Customers', 'Returns all customers name and email address for sending mass emails (ie: for newsletters, coupons, GVs, messages, etc).', 'select customers_email_address, customers_firstname, customers_lastname from TABLE_CUSTOMERS order by customers_lastname, customers_firstname, customers_email_address', '');
INSERT INTO `query_builder` VALUES ('2', 'email,newsletters', 'All Newsletter Subscribers', 'Returns name and email address of newsletter subscribers', 'select customers_firstname, customers_lastname, customers_email_address from TABLE_CUSTOMERS where customers_newsletter = \'1\'', '');
INSERT INTO `query_builder` VALUES ('3', 'email,newsletters', 'Dormant Customers (>3months) (Subscribers)', 'Subscribers who HAVE purchased something, but have NOT purchased for at least three months.', 'select o.date_purchased, c.customers_email_address, c.customers_lastname, c.customers_firstname from TABLE_CUSTOMERS c, TABLE_ORDERS o WHERE c.customers_id = o.customers_id AND c.customers_newsletter = 1 GROUP BY c.customers_email_address HAVING max(o.date_purchased) <= subdate(now(),INTERVAL 3 MONTH) ORDER BY c.customers_lastname, c.customers_firstname ASC', '');
INSERT INTO `query_builder` VALUES ('4', 'email,newsletters', 'Active customers in past 3 months (Subscribers)', 'Newsletter subscribers who are also active customers (purchased something) in last 3 months.', 'select c.customers_email_address, c.customers_lastname, c.customers_firstname from TABLE_CUSTOMERS c, TABLE_ORDERS o where c.customers_newsletter = \'1\' AND c.customers_id = o.customers_id and o.date_purchased > subdate(now(),INTERVAL 3 MONTH) GROUP BY c.customers_email_address order by c.customers_lastname, c.customers_firstname ASC', '');
INSERT INTO `query_builder` VALUES ('5', 'email,newsletters', 'Active customers in past 3 months (Regardless of subscription status)', 'All active customers (purchased something) in last 3 months, ignoring newsletter-subscription status.', 'select c.customers_email_address, c.customers_lastname, c.customers_firstname from TABLE_CUSTOMERS c, TABLE_ORDERS o WHERE c.customers_id = o.customers_id and o.date_purchased > subdate(now(),INTERVAL 3 MONTH) GROUP BY c.customers_email_address order by c.customers_lastname, c.customers_firstname ASC', '');
INSERT INTO `query_builder` VALUES ('6', 'email,newsletters', 'Administrator', 'Just the email account of the current administrator', 'select \'ADMIN\' as customers_firstname, admin_name as customers_lastname, admin_email as customers_email_address from TABLE_ADMIN where admin_id = $SESSION:admin_id', '');
INSERT INTO `query_builder` VALUES ('7', 'email,newsletters', 'Customers who have never completed a purchase', 'For sending newsletter to all customers who registered but have never completed a purchase', 'SELECT DISTINCT c.customers_email_address as customers_email_address, c.customers_lastname as customers_lastname, c.customers_firstname as customers_firstname FROM TABLE_CUSTOMERS c LEFT JOIN  TABLE_ORDERS o ON c.customers_id=o.customers_id WHERE o.date_purchased IS NULL', '');

-- ----------------------------
-- Table structure for `record_artists`
-- ----------------------------
DROP TABLE IF EXISTS `record_artists`;
CREATE TABLE `record_artists` (
  `artists_id` int(11) NOT NULL AUTO_INCREMENT,
  `artists_name` varchar(32) NOT NULL DEFAULT '',
  `artists_image` varchar(64) DEFAULT NULL,
  `date_added` datetime DEFAULT NULL,
  `last_modified` datetime DEFAULT NULL,
  PRIMARY KEY (`artists_id`),
  KEY `idx_rec_artists_name_zen` (`artists_name`)
) ENGINE=MyISAM AUTO_INCREMENT=2 DEFAULT CHARSET=utf8;

-- ----------------------------
-- Records of record_artists
-- ----------------------------
INSERT INTO `record_artists` VALUES ('1', 'The Russ Tippins Band', 'sooty.jpg', '2004-06-01 20:53:00', null);

-- ----------------------------
-- Table structure for `record_artists_info`
-- ----------------------------
DROP TABLE IF EXISTS `record_artists_info`;
CREATE TABLE `record_artists_info` (
  `artists_id` int(11) NOT NULL DEFAULT '0',
  `languages_id` int(11) NOT NULL DEFAULT '0',
  `artists_url` varchar(255) NOT NULL DEFAULT '',
  `url_clicked` int(5) NOT NULL DEFAULT '0',
  `date_last_click` datetime DEFAULT NULL,
  PRIMARY KEY (`artists_id`,`languages_id`)
) ENGINE=MyISAM DEFAULT CHARSET=utf8;

-- ----------------------------
-- Records of record_artists_info
-- ----------------------------
INSERT INTO `record_artists_info` VALUES ('1', '1', 'russtippinsband.users.btopenworld.com/', '0', null);

-- ----------------------------
-- Table structure for `record_company`
-- ----------------------------
DROP TABLE IF EXISTS `record_company`;
CREATE TABLE `record_company` (
  `record_company_id` int(11) NOT NULL AUTO_INCREMENT,
  `record_company_name` varchar(32) NOT NULL DEFAULT '',
  `record_company_image` varchar(64) DEFAULT NULL,
  `date_added` datetime DEFAULT NULL,
  `last_modified` datetime DEFAULT NULL,
  PRIMARY KEY (`record_company_id`),
  KEY `idx_rec_company_name_zen` (`record_company_name`)
) ENGINE=MyISAM AUTO_INCREMENT=2 DEFAULT CHARSET=utf8;

-- ----------------------------
-- Records of record_company
-- ----------------------------
INSERT INTO `record_company` VALUES ('1', 'HMV Group', null, '2004-07-09 14:11:52', null);

-- ----------------------------
-- Table structure for `record_company_info`
-- ----------------------------
DROP TABLE IF EXISTS `record_company_info`;
CREATE TABLE `record_company_info` (
  `record_company_id` int(11) NOT NULL DEFAULT '0',
  `languages_id` int(11) NOT NULL DEFAULT '0',
  `record_company_url` varchar(255) NOT NULL DEFAULT '',
  `url_clicked` int(5) NOT NULL DEFAULT '0',
  `date_last_click` datetime DEFAULT NULL,
  PRIMARY KEY (`record_company_id`,`languages_id`)
) ENGINE=MyISAM DEFAULT CHARSET=utf8;

-- ----------------------------
-- Records of record_company_info
-- ----------------------------
INSERT INTO `record_company_info` VALUES ('1', '1', 'www.hmvgroup.com', '0', null);

-- ----------------------------
-- Table structure for `reviews`
-- ----------------------------
DROP TABLE IF EXISTS `reviews`;
CREATE TABLE `reviews` (
  `reviews_id` int(11) NOT NULL AUTO_INCREMENT,
  `products_id` int(11) NOT NULL DEFAULT '0',
  `customers_id` int(11) DEFAULT NULL,
  `customers_name` varchar(64) NOT NULL DEFAULT '',
  `reviews_rating` int(1) DEFAULT NULL,
  `date_added` datetime DEFAULT NULL,
  `last_modified` datetime DEFAULT NULL,
  `reviews_read` int(5) NOT NULL DEFAULT '0',
  `status` int(1) NOT NULL DEFAULT '1',
  `type` tinyint(1) unsigned NOT NULL DEFAULT '1' COMMENT '12boards1',
  PRIMARY KEY (`reviews_id`),
  KEY `idx_products_id_zen` (`products_id`),
  KEY `idx_customers_id_zen` (`customers_id`),
  KEY `idx_status_zen` (`status`),
  KEY `idx_date_added_zen` (`date_added`)
) ENGINE=MyISAM AUTO_INCREMENT=12 DEFAULT CHARSET=utf8;

-- ----------------------------
-- Records of reviews
-- ----------------------------
INSERT INTO `reviews` VALUES ('1', '19', '0', 'Bill Smith', '5', '2003-12-23 03:18:19', '0001-01-01 00:00:00', '11', '1', '1');
INSERT INTO `reviews` VALUES ('3', '180', '0', 'Lip', '5', '2015-01-08 00:18:35', '2015-01-08 00:20:16', '0', '1', '1');
INSERT INTO `reviews` VALUES ('5', '180', '0', 'lily', '3', '2015-01-08 00:21:52', '2015-01-08 00:21:52', '0', '1', '1');
INSERT INTO `reviews` VALUES ('9', '181', '0', '13', '5', '2015-01-08 01:45:39', '2015-01-08 01:45:39', '0', '1', '1');
INSERT INTO `reviews` VALUES ('8', '180', '0', '321', '1', '2015-01-08 00:59:56', '2015-01-08 00:59:56', '0', '1', '1');
INSERT INTO `reviews` VALUES ('10', '11', '0', '6546', '4', '2015-02-08 21:02:13', '2015-02-08 21:02:13', '0', '1', '2');
INSERT INTO `reviews` VALUES ('11', '11', '0', 'dasdas', '5', '2015-02-08 21:14:59', '2015-02-08 21:14:59', '0', '1', '2');

-- ----------------------------
-- Table structure for `reviews_description`
-- ----------------------------
DROP TABLE IF EXISTS `reviews_description`;
CREATE TABLE `reviews_description` (
  `reviews_id` int(11) NOT NULL DEFAULT '0',
  `languages_id` int(11) NOT NULL DEFAULT '0',
  `title` varchar(255) NOT NULL,
  `reviews_text` text NOT NULL,
  PRIMARY KEY (`reviews_id`,`languages_id`)
) ENGINE=MyISAM DEFAULT CHARSET=utf8;

-- ----------------------------
-- Records of reviews_description
-- ----------------------------
INSERT INTO `reviews_description` VALUES ('1', '1', 'Nice', 'This really is a very funny but old movie!');
INSERT INTO `reviews_description` VALUES ('3', '1', 'Good', 'GoodGood');
INSERT INTO `reviews_description` VALUES ('5', '1', 'Beautiful', 'Pretty');
INSERT INTO `reviews_description` VALUES ('8', '1', 'foo', '23423');
INSERT INTO `reviews_description` VALUES ('9', '1', '321', '321');
INSERT INTO `reviews_description` VALUES ('10', '1', '5464', '56456');
INSERT INTO `reviews_description` VALUES ('11', '1', 'dasd', 'asdas');

-- ----------------------------
-- Table structure for `salemaker_sales`
-- ----------------------------
DROP TABLE IF EXISTS `salemaker_sales`;
CREATE TABLE `salemaker_sales` (
  `sale_id` int(11) NOT NULL AUTO_INCREMENT,
  `sale_status` tinyint(4) NOT NULL DEFAULT '0',
  `sale_name` varchar(30) NOT NULL DEFAULT '',
  `sale_deduction_value` decimal(15,4) NOT NULL DEFAULT '0.0000',
  `sale_deduction_type` tinyint(4) NOT NULL DEFAULT '0',
  `sale_pricerange_from` decimal(15,4) NOT NULL DEFAULT '0.0000',
  `sale_pricerange_to` decimal(15,4) NOT NULL DEFAULT '0.0000',
  `sale_specials_condition` tinyint(4) NOT NULL DEFAULT '0',
  `sale_categories_selected` text,
  `sale_categories_all` text,
  `sale_date_start` date NOT NULL DEFAULT '0001-01-01',
  `sale_date_end` date NOT NULL DEFAULT '0001-01-01',
  `sale_date_added` date NOT NULL DEFAULT '0001-01-01',
  `sale_date_last_modified` date NOT NULL DEFAULT '0001-01-01',
  `sale_date_status_change` date NOT NULL DEFAULT '0001-01-01',
  PRIMARY KEY (`sale_id`),
  KEY `idx_sale_status_zen` (`sale_status`),
  KEY `idx_sale_date_start_zen` (`sale_date_start`),
  KEY `idx_sale_date_end_zen` (`sale_date_end`)
) ENGINE=MyISAM AUTO_INCREMENT=12 DEFAULT CHARSET=utf8;

-- ----------------------------
-- Records of salemaker_sales
-- ----------------------------

-- ----------------------------
-- Table structure for `sessions`
-- ----------------------------
DROP TABLE IF EXISTS `sessions`;
CREATE TABLE `sessions` (
  `sesskey` varchar(64) NOT NULL DEFAULT '',
  `expiry` int(11) unsigned NOT NULL DEFAULT '0',
  `value` mediumblob NOT NULL,
  PRIMARY KEY (`sesskey`)
) ENGINE=MyISAM DEFAULT CHARSET=utf8;

-- ----------------------------
-- Records of sessions
-- ----------------------------
INSERT INTO `sessions` VALUES ('lqu1jnf53toofhemn5b8dgadb1', '1423404837', 0x6332566A64584A7064486C556232746C626E787A4F6A4D794F6949794F544A6B5A6D52694F4446684E7A55325A5467334D57566C4F44646C4F47526A4E574D78596D55354F4349375933567A644739745A584A7A58326876633352665957526B636D567A6333787A4F6A5936496B787063433151517949375932467964456C4566484D364D446F69496A746A59584A30664538364D544936496E4E6F623342776157356E51324679644349364F447037637A6F344F694A6A623235305A5735306379493759546F774F6E7439637A6F314F694A30623352686243493761546F774F334D364E6A6F69643256705A326830496A74704F6A4137637A6F324F694A6A59584A30535551694F303437637A6F784D6A6F695932397564475675644639306558426C496A74694F6A4137637A6F784F446F695A6E4A6C5A56397A61476C7763476C755A31397064475674496A74704F6A4137637A6F794D446F695A6E4A6C5A56397A61476C7763476C755A3139335A576C6E614851694F326B364D44747A4F6A45354F694A6D636D566C58334E6F615842776157356E5833427961574E6C496A74704F6A413766573568646D6C6E5958527062323538547A6F784E7A6F69626D46326157646864476C76626B687063335276636E6B694F6A493665334D364E446F69634746306143493759546F7A4F6E74704F6A413759546F304F6E747A4F6A5136496E42685A3255694F334D364E6A6F696247396E62325A6D496A747A4F6A5136496D31765A4755694F334D364E6A6F69546B394F55314E4D496A747A4F6A4D36496D646C64434937637A6F774F6949694F334D364E446F696347397A6443493759546F774F6E743966576B364D5474684F6A513665334D364E446F696347466E5A534937637A6F324F694A69623246795A484D694F334D364E446F696257396B5A534937637A6F324F694A4F54303554553077694F334D364D7A6F695A325630496A747A4F6A413649694937637A6F304F694A7762334E30496A74684F6A41366533313961546F794F3245364E447037637A6F304F694A775957646C496A747A4F6A5536496D6C755A475634496A747A4F6A5136496D31765A4755694F334D364E6A6F69546B394F55314E4D496A747A4F6A4D36496D646C64434937637A6F774F6949694F334D364E446F696347397A6443493759546F774F6E74396658317A4F6A6736496E4E755958427A61473930496A74684F6A4136653331395932686C59327466646D467361575238637A6F304F694A30636E566C496A74735957356E6457466E5A58787A4F6A6336496D56755A327870633267694F327868626D64315957646C633139705A48787A4F6A4536496A45694F327868626D64315957646C6331396A6232526C66484D364D6A6F695A5734694F324E31636E4A6C626D4E3566484D364D7A6F6956564E45496A743062325268655639706333787A4F6A45774F6949794D4445314C5441794C544134496A7431634752686447564665484270636D463061573975633378694F6A45376332567A63326C76626C396A6233567564475679664749364D54746A64584E306232316C636E4E66615842665957526B636D567A6333787A4F6A6B36496A45794E7934774C6A41754D534937);

-- ----------------------------
-- Table structure for `specials`
-- ----------------------------
DROP TABLE IF EXISTS `specials`;
CREATE TABLE `specials` (
  `specials_id` int(11) NOT NULL AUTO_INCREMENT,
  `products_id` int(11) NOT NULL DEFAULT '0',
  `specials_new_products_price` decimal(15,4) NOT NULL DEFAULT '0.0000',
  `specials_date_added` datetime DEFAULT NULL,
  `specials_last_modified` datetime DEFAULT NULL,
  `expires_date` date NOT NULL DEFAULT '0001-01-01',
  `date_status_change` datetime DEFAULT NULL,
  `status` int(1) NOT NULL DEFAULT '1',
  `specials_date_available` date NOT NULL DEFAULT '0001-01-01',
  PRIMARY KEY (`specials_id`),
  KEY `idx_status_zen` (`status`),
  KEY `idx_products_id_zen` (`products_id`),
  KEY `idx_date_avail_zen` (`specials_date_available`),
  KEY `idx_expires_date_zen` (`expires_date`)
) ENGINE=MyISAM AUTO_INCREMENT=54 DEFAULT CHARSET=utf8;

-- ----------------------------
-- Records of specials
-- ----------------------------
INSERT INTO `specials` VALUES ('52', '184', '29.9900', '2014-12-25 01:31:54', '2014-12-25 01:33:07', '0001-01-01', null, '1', '0001-01-01');
INSERT INTO `specials` VALUES ('53', '180', '9.9900', '2014-12-25 01:39:30', null, '0001-01-01', null, '1', '0001-01-01');

-- ----------------------------
-- Table structure for `tax_class`
-- ----------------------------
DROP TABLE IF EXISTS `tax_class`;
CREATE TABLE `tax_class` (
  `tax_class_id` int(11) NOT NULL AUTO_INCREMENT,
  `tax_class_title` varchar(32) NOT NULL DEFAULT '',
  `tax_class_description` varchar(255) NOT NULL DEFAULT '',
  `last_modified` datetime DEFAULT NULL,
  `date_added` datetime NOT NULL DEFAULT '0001-01-01 00:00:00',
  PRIMARY KEY (`tax_class_id`)
) ENGINE=MyISAM AUTO_INCREMENT=2 DEFAULT CHARSET=utf8;

-- ----------------------------
-- Records of tax_class
-- ----------------------------
INSERT INTO `tax_class` VALUES ('1', 'Taxable Goods', 'The following types of products are included: non-food, services, etc', null, '2014-06-18 23:20:53');

-- ----------------------------
-- Table structure for `tax_rates`
-- ----------------------------
DROP TABLE IF EXISTS `tax_rates`;
CREATE TABLE `tax_rates` (
  `tax_rates_id` int(11) NOT NULL AUTO_INCREMENT,
  `tax_zone_id` int(11) NOT NULL DEFAULT '0',
  `tax_class_id` int(11) NOT NULL DEFAULT '0',
  `tax_priority` int(5) DEFAULT '1',
  `tax_rate` decimal(7,4) NOT NULL DEFAULT '0.0000',
  `tax_description` varchar(255) NOT NULL DEFAULT '',
  `last_modified` datetime DEFAULT NULL,
  `date_added` datetime NOT NULL DEFAULT '0001-01-01 00:00:00',
  PRIMARY KEY (`tax_rates_id`),
  KEY `idx_tax_zone_id_zen` (`tax_zone_id`),
  KEY `idx_tax_class_id_zen` (`tax_class_id`)
) ENGINE=MyISAM AUTO_INCREMENT=2 DEFAULT CHARSET=utf8;

-- ----------------------------
-- Records of tax_rates
-- ----------------------------
INSERT INTO `tax_rates` VALUES ('1', '1', '1', '1', '7.0000', 'FL TAX 7.0%', '2014-06-18 23:20:53', '2014-06-18 23:20:53');

-- ----------------------------
-- Table structure for `template_select`
-- ----------------------------
DROP TABLE IF EXISTS `template_select`;
CREATE TABLE `template_select` (
  `template_id` int(11) NOT NULL AUTO_INCREMENT,
  `template_dir` varchar(64) NOT NULL DEFAULT '',
  `template_language` varchar(64) NOT NULL DEFAULT '0',
  PRIMARY KEY (`template_id`),
  KEY `idx_tpl_lang_zen` (`template_language`)
) ENGINE=MyISAM AUTO_INCREMENT=2 DEFAULT CHARSET=utf8;

-- ----------------------------
-- Records of template_select
-- ----------------------------
INSERT INTO `template_select` VALUES ('1', 'mood', '0');

-- ----------------------------
-- Table structure for `upgrade_exceptions`
-- ----------------------------
DROP TABLE IF EXISTS `upgrade_exceptions`;
CREATE TABLE `upgrade_exceptions` (
  `upgrade_exception_id` smallint(5) NOT NULL AUTO_INCREMENT,
  `sql_file` varchar(50) DEFAULT NULL,
  `reason` varchar(200) DEFAULT NULL,
  `errordate` datetime DEFAULT '0001-01-01 00:00:00',
  `sqlstatement` text,
  PRIMARY KEY (`upgrade_exception_id`)
) ENGINE=MyISAM DEFAULT CHARSET=utf8;

-- ----------------------------
-- Records of upgrade_exceptions
-- ----------------------------

-- ----------------------------
-- Table structure for `whos_online`
-- ----------------------------
DROP TABLE IF EXISTS `whos_online`;
CREATE TABLE `whos_online` (
  `customer_id` int(11) DEFAULT NULL,
  `full_name` varchar(64) NOT NULL DEFAULT '',
  `session_id` varchar(128) NOT NULL DEFAULT '',
  `ip_address` varchar(45) NOT NULL DEFAULT '',
  `time_entry` varchar(14) NOT NULL DEFAULT '',
  `time_last_click` varchar(14) NOT NULL DEFAULT '',
  `last_page_url` varchar(255) NOT NULL DEFAULT '',
  `host_address` text NOT NULL,
  `user_agent` varchar(255) NOT NULL DEFAULT '',
  KEY `idx_ip_address_zen` (`ip_address`),
  KEY `idx_session_id_zen` (`session_id`),
  KEY `idx_customer_id_zen` (`customer_id`),
  KEY `idx_time_entry_zen` (`time_entry`),
  KEY `idx_time_last_click_zen` (`time_last_click`),
  KEY `idx_last_page_url_zen` (`last_page_url`)
) ENGINE=MyISAM DEFAULT CHARSET=utf8;

-- ----------------------------
-- Records of whos_online
-- ----------------------------
INSERT INTO `whos_online` VALUES ('0', '&yen;Guest', 'lqu1jnf53toofhemn5b8dgadb1', '127.0.0.1', '1423400188', '1423403397', '/zc_mood/', 'Lip-PC', 'Mozilla/5.0 (Windows NT 6.1; WOW64; rv:35.0) Gecko/20100101 Firefox/35.0');

-- ----------------------------
-- Table structure for `zones`
-- ----------------------------
DROP TABLE IF EXISTS `zones`;
CREATE TABLE `zones` (
  `zone_id` int(11) NOT NULL AUTO_INCREMENT,
  `zone_country_id` int(11) NOT NULL DEFAULT '0',
  `zone_code` varchar(32) NOT NULL DEFAULT '',
  `zone_name` varchar(32) NOT NULL DEFAULT '',
  PRIMARY KEY (`zone_id`),
  KEY `idx_zone_country_id_zen` (`zone_country_id`),
  KEY `idx_zone_code_zen` (`zone_code`)
) ENGINE=MyISAM AUTO_INCREMENT=300 DEFAULT CHARSET=utf8;

-- ----------------------------
-- Records of zones
-- ----------------------------
INSERT INTO `zones` VALUES ('1', '223', 'AL', 'Alabama');
INSERT INTO `zones` VALUES ('2', '223', 'AK', 'Alaska');
INSERT INTO `zones` VALUES ('3', '223', 'AS', 'American Samoa');
INSERT INTO `zones` VALUES ('4', '223', 'AZ', 'Arizona');
INSERT INTO `zones` VALUES ('5', '223', 'AR', 'Arkansas');
INSERT INTO `zones` VALUES ('7', '223', 'AA', 'Armed Forces Americas');
INSERT INTO `zones` VALUES ('9', '223', 'AE', 'Armed Forces Europe');
INSERT INTO `zones` VALUES ('11', '223', 'AP', 'Armed Forces Pacific');
INSERT INTO `zones` VALUES ('12', '223', 'CA', 'California');
INSERT INTO `zones` VALUES ('13', '223', 'CO', 'Colorado');
INSERT INTO `zones` VALUES ('14', '223', 'CT', 'Connecticut');
INSERT INTO `zones` VALUES ('15', '223', 'DE', 'Delaware');
INSERT INTO `zones` VALUES ('16', '223', 'DC', 'District of Columbia');
INSERT INTO `zones` VALUES ('17', '223', 'FM', 'Federated States Of Micronesia');
INSERT INTO `zones` VALUES ('18', '223', 'FL', 'Florida');
INSERT INTO `zones` VALUES ('19', '223', 'GA', 'Georgia');
INSERT INTO `zones` VALUES ('20', '223', 'GU', 'Guam');
INSERT INTO `zones` VALUES ('21', '223', 'HI', 'Hawaii');
INSERT INTO `zones` VALUES ('22', '223', 'ID', 'Idaho');
INSERT INTO `zones` VALUES ('23', '223', 'IL', 'Illinois');
INSERT INTO `zones` VALUES ('24', '223', 'IN', 'Indiana');
INSERT INTO `zones` VALUES ('25', '223', 'IA', 'Iowa');
INSERT INTO `zones` VALUES ('26', '223', 'KS', 'Kansas');
INSERT INTO `zones` VALUES ('27', '223', 'KY', 'Kentucky');
INSERT INTO `zones` VALUES ('28', '223', 'LA', 'Louisiana');
INSERT INTO `zones` VALUES ('29', '223', 'ME', 'Maine');
INSERT INTO `zones` VALUES ('30', '223', 'MH', 'Marshall Islands');
INSERT INTO `zones` VALUES ('31', '223', 'MD', 'Maryland');
INSERT INTO `zones` VALUES ('32', '223', 'MA', 'Massachusetts');
INSERT INTO `zones` VALUES ('33', '223', 'MI', 'Michigan');
INSERT INTO `zones` VALUES ('34', '223', 'MN', 'Minnesota');
INSERT INTO `zones` VALUES ('35', '223', 'MS', 'Mississippi');
INSERT INTO `zones` VALUES ('36', '223', 'MO', 'Missouri');
INSERT INTO `zones` VALUES ('37', '223', 'MT', 'Montana');
INSERT INTO `zones` VALUES ('38', '223', 'NE', 'Nebraska');
INSERT INTO `zones` VALUES ('39', '223', 'NV', 'Nevada');
INSERT INTO `zones` VALUES ('40', '223', 'NH', 'New Hampshire');
INSERT INTO `zones` VALUES ('41', '223', 'NJ', 'New Jersey');
INSERT INTO `zones` VALUES ('42', '223', 'NM', 'New Mexico');
INSERT INTO `zones` VALUES ('43', '223', 'NY', 'New York');
INSERT INTO `zones` VALUES ('44', '223', 'NC', 'North Carolina');
INSERT INTO `zones` VALUES ('45', '223', 'ND', 'North Dakota');
INSERT INTO `zones` VALUES ('46', '223', 'MP', 'Northern Mariana Islands');
INSERT INTO `zones` VALUES ('47', '223', 'OH', 'Ohio');
INSERT INTO `zones` VALUES ('48', '223', 'OK', 'Oklahoma');
INSERT INTO `zones` VALUES ('49', '223', 'OR', 'Oregon');
INSERT INTO `zones` VALUES ('50', '163', 'PW', 'Palau');
INSERT INTO `zones` VALUES ('51', '223', 'PA', 'Pennsylvania');
INSERT INTO `zones` VALUES ('52', '223', 'PR', 'Puerto Rico');
INSERT INTO `zones` VALUES ('53', '223', 'RI', 'Rhode Island');
INSERT INTO `zones` VALUES ('54', '223', 'SC', 'South Carolina');
INSERT INTO `zones` VALUES ('55', '223', 'SD', 'South Dakota');
INSERT INTO `zones` VALUES ('56', '223', 'TN', 'Tennessee');
INSERT INTO `zones` VALUES ('57', '223', 'TX', 'Texas');
INSERT INTO `zones` VALUES ('58', '223', 'UT', 'Utah');
INSERT INTO `zones` VALUES ('59', '223', 'VT', 'Vermont');
INSERT INTO `zones` VALUES ('60', '223', 'VI', 'Virgin Islands');
INSERT INTO `zones` VALUES ('61', '223', 'VA', 'Virginia');
INSERT INTO `zones` VALUES ('62', '223', 'WA', 'Washington');
INSERT INTO `zones` VALUES ('63', '223', 'WV', 'West Virginia');
INSERT INTO `zones` VALUES ('64', '223', 'WI', 'Wisconsin');
INSERT INTO `zones` VALUES ('65', '223', 'WY', 'Wyoming');
INSERT INTO `zones` VALUES ('66', '38', 'AB', 'Alberta');
INSERT INTO `zones` VALUES ('67', '38', 'BC', 'British Columbia');
INSERT INTO `zones` VALUES ('68', '38', 'MB', 'Manitoba');
INSERT INTO `zones` VALUES ('69', '38', 'NL', 'Newfoundland');
INSERT INTO `zones` VALUES ('70', '38', 'NB', 'New Brunswick');
INSERT INTO `zones` VALUES ('71', '38', 'NS', 'Nova Scotia');
INSERT INTO `zones` VALUES ('72', '38', 'NT', 'Northwest Territories');
INSERT INTO `zones` VALUES ('73', '38', 'NU', 'Nunavut');
INSERT INTO `zones` VALUES ('74', '38', 'ON', 'Ontario');
INSERT INTO `zones` VALUES ('75', '38', 'PE', 'Prince Edward Island');
INSERT INTO `zones` VALUES ('76', '38', 'QC', 'Quebec');
INSERT INTO `zones` VALUES ('77', '38', 'SK', 'Saskatchewan');
INSERT INTO `zones` VALUES ('78', '38', 'YT', 'Yukon Territory');
INSERT INTO `zones` VALUES ('79', '81', 'NDS', 'Niedersachsen');
INSERT INTO `zones` VALUES ('80', '81', 'BAW', 'Baden-Wrttemberg');
INSERT INTO `zones` VALUES ('81', '81', 'BAY', 'Bayern');
INSERT INTO `zones` VALUES ('82', '81', 'BER', 'Berlin');
INSERT INTO `zones` VALUES ('83', '81', 'BRG', 'Brandenburg');
INSERT INTO `zones` VALUES ('84', '81', 'BRE', 'Bremen');
INSERT INTO `zones` VALUES ('85', '81', 'HAM', 'Hamburg');
INSERT INTO `zones` VALUES ('86', '81', 'HES', 'Hessen');
INSERT INTO `zones` VALUES ('87', '81', 'MEC', 'Mecklenburg-Vorpommern');
INSERT INTO `zones` VALUES ('88', '81', 'NRW', 'Nordrhein-Westfalen');
INSERT INTO `zones` VALUES ('89', '81', 'RHE', 'Rheinland-Pfalz');
INSERT INTO `zones` VALUES ('90', '81', 'SAR', 'Saarland');
INSERT INTO `zones` VALUES ('91', '81', 'SAS', 'Sachsen');
INSERT INTO `zones` VALUES ('92', '81', 'SAC', 'Sachsen-Anhalt');
INSERT INTO `zones` VALUES ('93', '81', 'SCN', 'Schleswig-Holstein');
INSERT INTO `zones` VALUES ('94', '81', 'THE', 'Thringen');
INSERT INTO `zones` VALUES ('95', '14', 'WI', 'Wien');
INSERT INTO `zones` VALUES ('96', '14', 'NO', 'Niedersterreich');
INSERT INTO `zones` VALUES ('97', '14', 'OO', 'Obersterreich');
INSERT INTO `zones` VALUES ('98', '14', 'SB', 'Salzburg');
INSERT INTO `zones` VALUES ('99', '14', 'KN', 'Krnten');
INSERT INTO `zones` VALUES ('100', '14', 'ST', 'Steiermark');
INSERT INTO `zones` VALUES ('101', '14', 'TI', 'Tirol');
INSERT INTO `zones` VALUES ('102', '14', 'BL', 'Burgenland');
INSERT INTO `zones` VALUES ('103', '14', 'VB', 'Voralberg');
INSERT INTO `zones` VALUES ('104', '204', 'AG', 'Aargau');
INSERT INTO `zones` VALUES ('105', '204', 'AI', 'Appenzell Innerrhoden');
INSERT INTO `zones` VALUES ('106', '204', 'AR', 'Appenzell Ausserrhoden');
INSERT INTO `zones` VALUES ('107', '204', 'BE', 'Bern');
INSERT INTO `zones` VALUES ('108', '204', 'BL', 'Basel-Landschaft');
INSERT INTO `zones` VALUES ('109', '204', 'BS', 'Basel-Stadt');
INSERT INTO `zones` VALUES ('110', '204', 'FR', 'Freiburg');
INSERT INTO `zones` VALUES ('111', '204', 'GE', 'Genf');
INSERT INTO `zones` VALUES ('112', '204', 'GL', 'Glarus');
INSERT INTO `zones` VALUES ('113', '204', 'JU', 'Graubnden');
INSERT INTO `zones` VALUES ('114', '204', 'JU', 'Jura');
INSERT INTO `zones` VALUES ('115', '204', 'LU', 'Luzern');
INSERT INTO `zones` VALUES ('116', '204', 'NE', 'Neuenburg');
INSERT INTO `zones` VALUES ('117', '204', 'NW', 'Nidwalden');
INSERT INTO `zones` VALUES ('118', '204', 'OW', 'Obwalden');
INSERT INTO `zones` VALUES ('119', '204', 'SG', 'St. Gallen');
INSERT INTO `zones` VALUES ('120', '204', 'SH', 'Schaffhausen');
INSERT INTO `zones` VALUES ('121', '204', 'SO', 'Solothurn');
INSERT INTO `zones` VALUES ('122', '204', 'SZ', 'Schwyz');
INSERT INTO `zones` VALUES ('123', '204', 'TG', 'Thurgau');
INSERT INTO `zones` VALUES ('124', '204', 'TI', 'Tessin');
INSERT INTO `zones` VALUES ('125', '204', 'UR', 'Uri');
INSERT INTO `zones` VALUES ('126', '204', 'VD', 'Waadt');
INSERT INTO `zones` VALUES ('127', '204', 'VS', 'Wallis');
INSERT INTO `zones` VALUES ('128', '204', 'ZG', 'Zug');
INSERT INTO `zones` VALUES ('129', '204', 'ZH', 'Zrich');
INSERT INTO `zones` VALUES ('130', '195', 'A Corua', 'A Corua');
INSERT INTO `zones` VALUES ('131', '195', 'lava', 'lava');
INSERT INTO `zones` VALUES ('132', '195', 'Albacete', 'Albacete');
INSERT INTO `zones` VALUES ('133', '195', 'Alicante', 'Alicante');
INSERT INTO `zones` VALUES ('134', '195', 'Almera', 'Almera');
INSERT INTO `zones` VALUES ('135', '195', 'Asturias', 'Asturias');
INSERT INTO `zones` VALUES ('136', '195', 'vila', 'vila');
INSERT INTO `zones` VALUES ('137', '195', 'Badajoz', 'Badajoz');
INSERT INTO `zones` VALUES ('138', '195', 'Baleares', 'Baleares');
INSERT INTO `zones` VALUES ('139', '195', 'Barcelona', 'Barcelona');
INSERT INTO `zones` VALUES ('140', '195', 'Burgos', 'Burgos');
INSERT INTO `zones` VALUES ('141', '195', 'Cceres', 'Cceres');
INSERT INTO `zones` VALUES ('142', '195', 'Cdiz', 'Cdiz');
INSERT INTO `zones` VALUES ('143', '195', 'Cantabria', 'Cantabria');
INSERT INTO `zones` VALUES ('144', '195', 'Castelln', 'Castelln');
INSERT INTO `zones` VALUES ('145', '195', 'Ceuta', 'Ceuta');
INSERT INTO `zones` VALUES ('146', '195', 'Ciudad Real', 'Ciudad Real');
INSERT INTO `zones` VALUES ('147', '195', 'Crdoba', 'Crdoba');
INSERT INTO `zones` VALUES ('148', '195', 'Cuenca', 'Cuenca');
INSERT INTO `zones` VALUES ('149', '195', 'Girona', 'Girona');
INSERT INTO `zones` VALUES ('150', '195', 'Granada', 'Granada');
INSERT INTO `zones` VALUES ('151', '195', 'Guadalajara', 'Guadalajara');
INSERT INTO `zones` VALUES ('152', '195', 'Guipzcoa', 'Guipzcoa');
INSERT INTO `zones` VALUES ('153', '195', 'Huelva', 'Huelva');
INSERT INTO `zones` VALUES ('154', '195', 'Huesca', 'Huesca');
INSERT INTO `zones` VALUES ('155', '195', 'Jan', 'Jan');
INSERT INTO `zones` VALUES ('156', '195', 'La Rioja', 'La Rioja');
INSERT INTO `zones` VALUES ('157', '195', 'Las Palmas', 'Las Palmas');
INSERT INTO `zones` VALUES ('158', '195', 'Len', 'Len');
INSERT INTO `zones` VALUES ('159', '195', 'Lrida', 'Lrida');
INSERT INTO `zones` VALUES ('160', '195', 'Lugo', 'Lugo');
INSERT INTO `zones` VALUES ('161', '195', 'Madrid', 'Madrid');
INSERT INTO `zones` VALUES ('162', '195', 'Mlaga', 'Mlaga');
INSERT INTO `zones` VALUES ('163', '195', 'Melilla', 'Melilla');
INSERT INTO `zones` VALUES ('164', '195', 'Murcia', 'Murcia');
INSERT INTO `zones` VALUES ('165', '195', 'Navarra', 'Navarra');
INSERT INTO `zones` VALUES ('166', '195', 'Ourense', 'Ourense');
INSERT INTO `zones` VALUES ('167', '195', 'Palencia', 'Palencia');
INSERT INTO `zones` VALUES ('168', '195', 'Pontevedra', 'Pontevedra');
INSERT INTO `zones` VALUES ('169', '195', 'Salamanca', 'Salamanca');
INSERT INTO `zones` VALUES ('170', '195', 'Santa Cruz de Tenerife', 'Santa Cruz de Tenerife');
INSERT INTO `zones` VALUES ('171', '195', 'Segovia', 'Segovia');
INSERT INTO `zones` VALUES ('172', '195', 'Sevilla', 'Sevilla');
INSERT INTO `zones` VALUES ('173', '195', 'Soria', 'Soria');
INSERT INTO `zones` VALUES ('174', '195', 'Tarragona', 'Tarragona');
INSERT INTO `zones` VALUES ('175', '195', 'Teruel', 'Teruel');
INSERT INTO `zones` VALUES ('176', '195', 'Toledo', 'Toledo');
INSERT INTO `zones` VALUES ('177', '195', 'Valencia', 'Valencia');
INSERT INTO `zones` VALUES ('178', '195', 'Valladolid', 'Valladolid');
INSERT INTO `zones` VALUES ('179', '195', 'Vizcaya', 'Vizcaya');
INSERT INTO `zones` VALUES ('180', '195', 'Zamora', 'Zamora');
INSERT INTO `zones` VALUES ('181', '195', 'Zaragoza', 'Zaragoza');
INSERT INTO `zones` VALUES ('182', '13', 'ACT', 'Australian Capital Territory');
INSERT INTO `zones` VALUES ('183', '13', 'NSW', 'New South Wales');
INSERT INTO `zones` VALUES ('184', '13', 'NT', 'Northern Territory');
INSERT INTO `zones` VALUES ('185', '13', 'QLD', 'Queensland');
INSERT INTO `zones` VALUES ('186', '13', 'SA', 'South Australia');
INSERT INTO `zones` VALUES ('187', '13', 'TAS', 'Tasmania');
INSERT INTO `zones` VALUES ('188', '13', 'VIC', 'Victoria');
INSERT INTO `zones` VALUES ('189', '13', 'WA', 'Western Australia');
INSERT INTO `zones` VALUES ('190', '105', 'AG', 'Agrigento');
INSERT INTO `zones` VALUES ('191', '105', 'AL', 'Alessandria');
INSERT INTO `zones` VALUES ('192', '105', 'AN', 'Ancona');
INSERT INTO `zones` VALUES ('193', '105', 'AO', 'Aosta');
INSERT INTO `zones` VALUES ('194', '105', 'AR', 'Arezzo');
INSERT INTO `zones` VALUES ('195', '105', 'AP', 'Ascoli Piceno');
INSERT INTO `zones` VALUES ('196', '105', 'AT', 'Asti');
INSERT INTO `zones` VALUES ('197', '105', 'AV', 'Avellino');
INSERT INTO `zones` VALUES ('198', '105', 'BA', 'Bari');
INSERT INTO `zones` VALUES ('199', '105', 'BT', 'Barletta Andria Trani');
INSERT INTO `zones` VALUES ('200', '105', 'BL', 'Belluno');
INSERT INTO `zones` VALUES ('201', '105', 'BN', 'Benevento');
INSERT INTO `zones` VALUES ('202', '105', 'BG', 'Bergamo');
INSERT INTO `zones` VALUES ('203', '105', 'BI', 'Biella');
INSERT INTO `zones` VALUES ('204', '105', 'BO', 'Bologna');
INSERT INTO `zones` VALUES ('205', '105', 'BZ', 'Bolzano');
INSERT INTO `zones` VALUES ('206', '105', 'BS', 'Brescia');
INSERT INTO `zones` VALUES ('207', '105', 'BR', 'Brindisi');
INSERT INTO `zones` VALUES ('208', '105', 'CA', 'Cagliari');
INSERT INTO `zones` VALUES ('209', '105', 'CL', 'Caltanissetta');
INSERT INTO `zones` VALUES ('210', '105', 'CB', 'Campobasso');
INSERT INTO `zones` VALUES ('211', '105', 'CI', 'Carbonia-Iglesias');
INSERT INTO `zones` VALUES ('212', '105', 'CE', 'Caserta');
INSERT INTO `zones` VALUES ('213', '105', 'CT', 'Catania');
INSERT INTO `zones` VALUES ('214', '105', 'CZ', 'Catanzaro');
INSERT INTO `zones` VALUES ('215', '105', 'CH', 'Chieti');
INSERT INTO `zones` VALUES ('216', '105', 'CO', 'Como');
INSERT INTO `zones` VALUES ('217', '105', 'CS', 'Cosenza');
INSERT INTO `zones` VALUES ('218', '105', 'CR', 'Cremona');
INSERT INTO `zones` VALUES ('219', '105', 'KR', 'Crotone');
INSERT INTO `zones` VALUES ('220', '105', 'CN', 'Cuneo');
INSERT INTO `zones` VALUES ('221', '105', 'EN', 'Enna');
INSERT INTO `zones` VALUES ('222', '105', 'FM', 'Fermo');
INSERT INTO `zones` VALUES ('223', '105', 'FE', 'Ferrara');
INSERT INTO `zones` VALUES ('224', '105', 'FI', 'Firenze');
INSERT INTO `zones` VALUES ('225', '105', 'FG', 'Foggia');
INSERT INTO `zones` VALUES ('226', '105', 'FC', 'Forl Cesena');
INSERT INTO `zones` VALUES ('227', '105', 'FR', 'Frosinone');
INSERT INTO `zones` VALUES ('228', '105', 'GE', 'Genova');
INSERT INTO `zones` VALUES ('229', '105', 'GO', 'Gorizia');
INSERT INTO `zones` VALUES ('230', '105', 'GR', 'Grosseto');
INSERT INTO `zones` VALUES ('231', '105', 'IM', 'Imperia');
INSERT INTO `zones` VALUES ('232', '105', 'IS', 'Isernia');
INSERT INTO `zones` VALUES ('233', '105', 'AQ', 'Aquila');
INSERT INTO `zones` VALUES ('234', '105', 'SP', 'La Spezia');
INSERT INTO `zones` VALUES ('235', '105', 'LT', 'Latina');
INSERT INTO `zones` VALUES ('236', '105', 'LE', 'Lecce');
INSERT INTO `zones` VALUES ('237', '105', 'LC', 'Lecco');
INSERT INTO `zones` VALUES ('238', '105', 'LI', 'Livorno');
INSERT INTO `zones` VALUES ('239', '105', 'LO', 'Lodi');
INSERT INTO `zones` VALUES ('240', '105', 'LU', 'Lucca');
INSERT INTO `zones` VALUES ('241', '105', 'MC', 'Macerata');
INSERT INTO `zones` VALUES ('242', '105', 'MN', 'Mantova');
INSERT INTO `zones` VALUES ('243', '105', 'MS', 'Massa Carrara');
INSERT INTO `zones` VALUES ('244', '105', 'MT', 'Matera');
INSERT INTO `zones` VALUES ('245', '105', 'VS', 'Medio Campidano');
INSERT INTO `zones` VALUES ('246', '105', 'ME', 'Messina');
INSERT INTO `zones` VALUES ('247', '105', 'MI', 'Milano');
INSERT INTO `zones` VALUES ('248', '105', 'MO', 'Modena');
INSERT INTO `zones` VALUES ('249', '105', 'MB', 'Monza e Brianza');
INSERT INTO `zones` VALUES ('250', '105', 'NA', 'Napoli');
INSERT INTO `zones` VALUES ('251', '105', 'NO', 'Novara');
INSERT INTO `zones` VALUES ('252', '105', 'NU', 'Nuoro');
INSERT INTO `zones` VALUES ('253', '105', 'OG', 'Ogliastra');
INSERT INTO `zones` VALUES ('254', '105', 'OT', 'Olbia-Tempio');
INSERT INTO `zones` VALUES ('255', '105', 'OR', 'Oristano');
INSERT INTO `zones` VALUES ('256', '105', 'PD', 'Padova');
INSERT INTO `zones` VALUES ('257', '105', 'PA', 'Palermo');
INSERT INTO `zones` VALUES ('258', '105', 'PR', 'Parma');
INSERT INTO `zones` VALUES ('259', '105', 'PG', 'Perugia');
INSERT INTO `zones` VALUES ('260', '105', 'PV', 'Pavia');
INSERT INTO `zones` VALUES ('261', '105', 'PU', 'Pesaro Urbino');
INSERT INTO `zones` VALUES ('262', '105', 'PE', 'Pescara');
INSERT INTO `zones` VALUES ('263', '105', 'PC', 'Piacenza');
INSERT INTO `zones` VALUES ('264', '105', 'PI', 'Pisa');
INSERT INTO `zones` VALUES ('265', '105', 'PT', 'Pistoia');
INSERT INTO `zones` VALUES ('266', '105', 'PN', 'Pordenone');
INSERT INTO `zones` VALUES ('267', '105', 'PZ', 'Potenza');
INSERT INTO `zones` VALUES ('268', '105', 'PO', 'Prato');
INSERT INTO `zones` VALUES ('269', '105', 'RG', 'Ragusa');
INSERT INTO `zones` VALUES ('270', '105', 'RA', 'Ravenna');
INSERT INTO `zones` VALUES ('271', '105', 'RC', 'Reggio Calabria');
INSERT INTO `zones` VALUES ('272', '105', 'RE', 'Reggio Emilia');
INSERT INTO `zones` VALUES ('273', '105', 'RI', 'Rieti');
INSERT INTO `zones` VALUES ('274', '105', 'RN', 'Rimini');
INSERT INTO `zones` VALUES ('275', '105', 'RM', 'Roma');
INSERT INTO `zones` VALUES ('276', '105', 'RO', 'Rovigo');
INSERT INTO `zones` VALUES ('277', '105', 'SA', 'Salerno');
INSERT INTO `zones` VALUES ('278', '105', 'SS', 'Sassari');
INSERT INTO `zones` VALUES ('279', '105', 'SV', 'Savona');
INSERT INTO `zones` VALUES ('280', '105', 'SI', 'Siena');
INSERT INTO `zones` VALUES ('281', '105', 'SR', 'Siracusa');
INSERT INTO `zones` VALUES ('282', '105', 'SO', 'Sondrio');
INSERT INTO `zones` VALUES ('283', '105', 'TA', 'Taranto');
INSERT INTO `zones` VALUES ('284', '105', 'TE', 'Teramo');
INSERT INTO `zones` VALUES ('285', '105', 'TR', 'Terni');
INSERT INTO `zones` VALUES ('286', '105', 'TO', 'Torino');
INSERT INTO `zones` VALUES ('287', '105', 'TP', 'Trapani');
INSERT INTO `zones` VALUES ('288', '105', 'TN', 'Trento');
INSERT INTO `zones` VALUES ('289', '105', 'TV', 'Treviso');
INSERT INTO `zones` VALUES ('290', '105', 'TS', 'Trieste');
INSERT INTO `zones` VALUES ('291', '105', 'UD', 'Udine');
INSERT INTO `zones` VALUES ('292', '105', 'VA', 'Varese');
INSERT INTO `zones` VALUES ('293', '105', 'VE', 'Venezia');
INSERT INTO `zones` VALUES ('294', '105', 'VB', 'Verbania');
INSERT INTO `zones` VALUES ('295', '105', 'VC', 'Vercelli');
INSERT INTO `zones` VALUES ('296', '105', 'VR', 'Verona');
INSERT INTO `zones` VALUES ('297', '105', 'VV', 'Vibo Valentia');
INSERT INTO `zones` VALUES ('298', '105', 'VI', 'Vicenza');
INSERT INTO `zones` VALUES ('299', '105', 'VT', 'Viterbo');

-- ----------------------------
-- Table structure for `zones_to_geo_zones`
-- ----------------------------
DROP TABLE IF EXISTS `zones_to_geo_zones`;
CREATE TABLE `zones_to_geo_zones` (
  `association_id` int(11) NOT NULL AUTO_INCREMENT,
  `zone_country_id` int(11) NOT NULL DEFAULT '0',
  `zone_id` int(11) DEFAULT NULL,
  `geo_zone_id` int(11) DEFAULT NULL,
  `last_modified` datetime DEFAULT NULL,
  `date_added` datetime NOT NULL DEFAULT '0001-01-01 00:00:00',
  PRIMARY KEY (`association_id`),
  KEY `idx_zones_zen` (`geo_zone_id`,`zone_country_id`,`zone_id`)
) ENGINE=MyISAM AUTO_INCREMENT=2 DEFAULT CHARSET=utf8;

-- ----------------------------
-- Records of zones_to_geo_zones
-- ----------------------------
INSERT INTO `zones_to_geo_zones` VALUES ('1', '223', '18', '1', null, '2014-06-18 23:20:53');
